-- phpMyAdmin SQL Dump
-- version 4.4.14
-- http://www.phpmyadmin.net
--
-- Host: localhost
-- Generation Time: Sep 22, 2016 at 12:21 PM
-- Server version: 5.5.46
-- PHP Version: 5.5.36

SET SQL_MODE = "NO_AUTO_VALUE_ON_ZERO";
SET time_zone = "+00:00";


/*!40101 SET @OLD_CHARACTER_SET_CLIENT=@@CHARACTER_SET_CLIENT */;
/*!40101 SET @OLD_CHARACTER_SET_RESULTS=@@CHARACTER_SET_RESULTS */;
/*!40101 SET @OLD_COLLATION_CONNECTION=@@COLLATION_CONNECTION */;
/*!40101 SET NAMES utf8mb4 */;

--
-- Database: `doukani_testing`
--

-- --------------------------------------------------------

--
-- Table structure for table `app_content`
--

CREATE TABLE IF NOT EXISTS `app_content` (
  `content_id` int(32) NOT NULL,
  `content_target` varchar(32) NOT NULL,
  `content_type` varchar(32) NOT NULL,
  `content` text NOT NULL,
  `content_display_status` tinyint(1) NOT NULL,
  `content_social_share` tinyint(1) NOT NULL
) ENGINE=InnoDB DEFAULT CHARSET=latin1;

-- --------------------------------------------------------

--
-- Table structure for table `banner_cnt_duration`
--

CREATE TABLE IF NOT EXISTS `banner_cnt_duration` (
  `duration_id` int(11) NOT NULL,
  `banner_id` int(11) DEFAULT NULL,
  `count` varchar(20) DEFAULT '0',
  `date` date DEFAULT NULL
) ENGINE=InnoDB DEFAULT CHARSET=latin1;

-- --------------------------------------------------------

--
-- Table structure for table `block_product`
--

CREATE TABLE IF NOT EXISTS `block_product` (
  `block_product_id` int(11) NOT NULL,
  `product_id` int(11) DEFAULT NULL
) ENGINE=InnoDB DEFAULT CHARSET=latin1;

-- --------------------------------------------------------

--
-- Table structure for table `brand`
--

CREATE TABLE IF NOT EXISTS `brand` (
  `brand_id` int(11) NOT NULL,
  `name` varchar(255) NOT NULL
) ENGINE=InnoDB AUTO_INCREMENT=156 DEFAULT CHARSET=latin1;

--
-- Dumping data for table `brand`
--

INSERT INTO `brand` (`brand_id`, `name`) VALUES
(1, 'Acura'),
(2, 'Admiral'),
(3, 'Agro'),
(4, 'Alfaromeo'),
(5, 'AMX'),
(6, 'Arcticcat'),
(7, 'ASA'),
(8, 'Asia'),
(9, 'Aston Martin'),
(10, 'Audi'),
(11, 'Austin'),
(12, 'Barracuda'),
(13, 'Becar'),
(14, 'Beijing'),
(15, 'Bentley'),
(17, 'Beup'),
(18, 'Big Bear choppers'),
(19, 'Big Foot'),
(20, 'Blue Bird'),
(21, 'BMW'),
(22, 'Bugatti'),
(23, 'Buick'),
(24, 'Cadillac'),
(25, 'California Roadster'),
(26, 'Caravan'),
(27, 'Carbodies'),
(28, 'Case'),
(29, 'Caterpillar'),
(30, 'Centennial'),
(31, 'Chairman'),
(32, 'Changan'),
(33, 'Changfeng'),
(34, 'Chery'),
(35, 'Chevrolet'),
(36, 'Chrysler'),
(37, 'Citreon'),
(38, 'City Car'),
(39, 'Club'),
(40, 'CMC'),
(41, 'Cobra'),
(42, 'Cruzer'),
(43, 'custom'),
(44, 'Daewoo'),
(45, 'Daihatsu'),
(46, 'Darkart'),
(47, 'Datsun'),
(48, 'DFM'),
(49, 'Dodge'),
(50, 'Dong Feng'),
(51, 'Eagle'),
(52, 'Easy Car'),
(53, 'Eicher'),
(54, 'Ferrari'),
(55, 'Fiat'),
(56, 'Ford'),
(57, 'Foton'),
(58, 'Franklin'),
(59, 'Freightliner'),
(60, 'Gac'),
(61, 'Geely'),
(62, 'GMC'),
(63, 'golden dragon'),
(64, 'Golf car'),
(65, 'Gonow'),
(66, 'Gordon'),
(67, 'Grand Tiger'),
(68, 'Great Wall'),
(69, 'Hafei'),
(70, 'Hama'),
(71, 'HIGER'),
(72, 'Hisei'),
(73, 'Honda'),
(74, 'Hudson'),
(75, 'Hummer'),
(76, 'Hyundai'),
(77, 'Infiniti'),
(78, 'International'),
(79, 'Isuzu'),
(80, 'Iveco'),
(81, 'JAC'),
(82, 'Jaguar'),
(83, 'Jeep'),
(84, 'JMC'),
(85, 'Joyner'),
(86, 'Kama'),
(87, 'Kamaz'),
(88, 'Kia'),
(89, 'Lada'),
(90, 'Lamborghini'),
(91, 'Lancia'),
(92, 'Land Rover'),
(93, 'Lexus'),
(94, 'Ligier'),
(95, 'Lincolin'),
(96, 'Lotus'),
(97, 'Man'),
(98, 'Mark2'),
(99, 'Maserati'),
(100, 'Maybach'),
(101, 'Mazda'),
(102, 'McLaren'),
(103, 'Mercedes'),
(104, 'Mercury'),
(105, 'MG'),
(106, 'Mini'),
(107, 'Mitsouka'),
(108, 'Mitsubishi'),
(109, 'Morgan'),
(110, 'Nissan'),
(111, 'Noble'),
(112, 'Oldsmobile'),
(113, 'Opel'),
(114, 'Peogeot'),
(115, 'Plymouth'),
(116, 'Polaris'),
(117, 'Pontiac'),
(118, 'Porsche'),
(119, 'Proton'),
(120, 'Quad bike'),
(121, 'Qutter Ham'),
(122, 'Rally Fighter'),
(123, 'Range Rover'),
(124, 'Renault'),
(125, 'RILEY'),
(126, 'Rolls Royce'),
(127, 'Rover'),
(128, 'SAAB'),
(129, 'Saic'),
(130, 'Sand Car'),
(131, 'Sang Young'),
(132, 'Seat'),
(133, 'Skoda'),
(134, 'Sky'),
(135, 'Smart'),
(136, 'Subaru'),
(137, 'Sunlong'),
(138, 'Suzuki'),
(139, 'Tadano'),
(140, 'Tata'),
(141, 'Taxi London'),
(142, 'TD'),
(143, 'Tembo'),
(144, 'Toyota'),
(145, 'Tuk Tuk'),
(146, 'Van'),
(147, 'Volkswagen'),
(148, 'Volvo'),
(149, 'VX'),
(150, 'Wiesmann'),
(151, 'Wuling'),
(152, 'Yangzi'),
(153, 'YUEJIN'),
(154, 'Zimmer'),
(155, 'Zotye');

-- --------------------------------------------------------

--
-- Table structure for table `buyer_seller_conversation`
--

CREATE TABLE IF NOT EXISTS `buyer_seller_conversation` (
  `con_id` int(11) NOT NULL,
  `product_id` int(11) NOT NULL,
  `sender_id` int(11) DEFAULT NULL,
  `receiver_id` int(11) DEFAULT NULL,
  `message` blob,
  `created_at` timestamp NULL DEFAULT CURRENT_TIMESTAMP,
  `status` int(11) DEFAULT '0',
  `product_owner` int(11) DEFAULT NULL
) ENGINE=InnoDB AUTO_INCREMENT=21 DEFAULT CHARSET=latin1;

--
-- Dumping data for table `buyer_seller_conversation`
--

INSERT INTO `buyer_seller_conversation` (`con_id`, `product_id`, `sender_id`, `receiver_id`, `message`, `created_at`, `status`, `product_owner`) VALUES
(1, 980, 467, 1, 0x2268692069206d20627579657222, '2016-09-14 04:39:26', 1, NULL),
(2, 980, 467, 1, 0x2268692069206d20627579657222, '2016-09-14 04:39:42', 1, NULL),
(3, 980, 467, 1, 0x2268692069206d20627579657222, '2016-09-14 04:40:24', 1, NULL),
(4, 980, 467, 1, 0x2268692069206d20627579657222, '2016-09-14 04:40:53', 1, NULL),
(5, 980, 467, 1, 0x2268692069206d20627579657222, '2016-09-14 04:40:55', 1, NULL),
(6, 980, 467, 1, 0x2268692069206d20627579657222, '2016-09-14 04:41:53', 1, NULL),
(7, 980, 467, 1, 0x2268692069206d20627579657222, '2016-09-14 04:41:54', 1, NULL),
(8, 980, 467, 1, 0x2268692069206d20627579657222, '2016-09-14 04:43:33', 1, NULL),
(9, 980, 467, 1, 0x2268692069206d20627579657222, '2016-09-14 04:50:07', 1, NULL),
(10, 980, 467, 1, 0x2268692069206b657368612022, '2016-09-14 04:52:14', 1, NULL),
(11, 980, 467, 1, 0x2268656c6c6f20686922, '2016-09-14 04:53:04', 1, NULL),
(12, 980, 467, 1, 0x226869206d61696c2074657374696e675c725c6e22, '2016-09-14 04:55:53', 1, NULL),
(13, 980, 467, 1, 0x226e61726f6c6122, '2016-09-14 04:58:05', 1, NULL),
(14, 980, 467, 1, 0x226e61726f6c6120696e666f74656368686868685c725c6e5c725c6e5c725c6e5c725c6e22, '2016-09-14 04:58:30', 1, NULL),
(15, 980, 467, 1, 0x2268692068656c6c6f20646f756b616e6922, '2016-09-14 05:00:21', 1, NULL),
(16, 980, 467, 1, 0x2268692068656c6c6f20686f77207220753f5c725c6e5c725c6e5c725c6e22, '2016-09-14 05:01:57', 1, NULL),
(17, 980, 467, 1, 0x22676864666568205c725c6e5c725c6e5c725c6e22, '2016-09-14 05:03:23', 1, NULL),
(18, 980, 467, 1, 0x2273726674676177722020202077616572746177727461776572617765725c725c6e5c725c6e5c725c6e5c725c6e5c725c6e5c725c6e5c725c6e22, '2016-09-14 05:06:12', 1, NULL),
(19, 980, 1, 467, 0x2268657322, '2016-09-14 05:10:23', 1, 1),
(20, 980, 1, 467, 0x2268656c6c6f22, '2016-09-14 05:11:04', 1, 1);

-- --------------------------------------------------------

--
-- Table structure for table `car_mobile_numbers`
--

CREATE TABLE IF NOT EXISTS `car_mobile_numbers` (
  `id` int(11) NOT NULL,
  `product_id` int(11) DEFAULT NULL,
  `plate_source` int(11) DEFAULT NULL,
  `plate_prefix` int(11) DEFAULT NULL,
  `plate_digit` int(11) DEFAULT NULL,
  `repeating_number` int(11) DEFAULT NULL,
  `mobile_operator` int(11) DEFAULT NULL,
  `mobile_number` varchar(50) DEFAULT NULL,
  `car_number` varchar(50) DEFAULT NULL,
  `number_for` varchar(50) DEFAULT NULL
) ENGINE=InnoDB DEFAULT CHARSET=latin1;

-- --------------------------------------------------------

--
-- Table structure for table `category`
--

CREATE TABLE IF NOT EXISTS `category` (
  `category_id` int(11) NOT NULL,
  `catagory_name` varchar(32) NOT NULL,
  `category_slug` varchar(255) DEFAULT NULL,
  `category_image` varchar(32) DEFAULT NULL,
  `is_parent` tinyint(1) NOT NULL,
  `cat_order` int(32) NOT NULL,
  `icon` varchar(100) DEFAULT NULL,
  `color` varchar(100) DEFAULT NULL
) ENGINE=InnoDB AUTO_INCREMENT=29 DEFAULT CHARSET=latin1;

--
-- Dumping data for table `category`
--

INSERT INTO `category` (`category_id`, `catagory_name`, `category_slug`, `category_image`, `is_parent`, `cat_order`, `icon`, `color`) VALUES
(1, 'Mobile Phones- Tablets', 'Mobile-Phones-Tablets', '1435216804.png', 0, 4, 'fa-mobile', '#080808'),
(2, 'Electronics - Video', 'Electronics-Video', '1435216716.png', 0, 5, 'fa-desktop', '#f16716'),
(3, 'Furniture, Home & Garden', 'Furniture-Home-Garden', '1435216727.png', 0, 8, 'fa-hotel', '#ad2bad'),
(4, 'Fashion and Beauty', 'Fashion-and-Beauty', '1435216769.jpeg', 0, 10, 'fa-diamond', '#d70060'),
(5, 'Hobbies-Art-Sport', 'Hobbies-Art-Sport', '1435216742.jpeg', 0, 3, 'fa-bicycle', '#0496ff'),
(6, 'Animals and Pets', 'Animals-and-Pets', '1435216795.png', 0, 7, 'fa-linux', '#a9071e'),
(7, 'Vehicles', 'Vehicles-120553', '1435215031.jpeg', 1, 1, 'fa-car', '#05a846'),
(8, 'Real Estate', 'Real-Estate', '1435216826.png', 0, 2, 'fa-home', '#0066ff'),
(9, 'Classes', 'Classes', '1435216839.png', 0, 12, 'fa-users', '#1400ff'),
(10, 'Jobs', 'Jobs', '1435216783.png', 0, 11, 'fa-street-view', '#61ae24'),
(11, 'Services', 'Services', '1435216752.png', 0, 9, 'fa-server', '#f77b09'),
(12, 'Community', 'Community', '1435216847.png', 1, 13, 'fa-slideshare', '#3b5998'),
(19, 'Classifieds', 'Classifieds', '', 1, 6, 'fa-list-alt', '#f70404');

-- --------------------------------------------------------

--
-- Table structure for table `category_banner`
--

CREATE TABLE IF NOT EXISTS `category_banner` (
  `cat_ban_id` int(11) NOT NULL,
  `banner_id` int(11) DEFAULT NULL,
  `category_id` int(11) DEFAULT NULL,
  `sub_category_id` int(11) DEFAULT NULL,
  `created_at` datetime DEFAULT NULL
) ENGINE=InnoDB DEFAULT CHARSET=latin1;

-- --------------------------------------------------------

--
-- Table structure for table `color`
--

CREATE TABLE IF NOT EXISTS `color` (
  `id` int(11) NOT NULL,
  `font_color` varchar(255) DEFAULT NULL,
  `background_color` varchar(255) DEFAULT NULL,
  `name` varchar(255) DEFAULT NULL
) ENGINE=InnoDB AUTO_INCREMENT=106 DEFAULT CHARSET=latin1;

--
-- Dumping data for table `color`
--

INSERT INTO `color` (`id`, `font_color`, `background_color`, `name`) VALUES
(1, 'Black', '#6495ed', 'Aero Blue Metallic'),
(2, 'White', '#595959', 'Atlas Gray'),
(3, 'Black', '#E0CF94', 'Beige'),
(4, 'White', '#120F0F', 'Black'),
(5, 'White', '#1d91cc', 'Blue'),
(6, 'White', '#0B9FB0', 'Blue Sky'),
(7, 'White', '#FA1111', 'Brilliant Red'),
(8, 'White', '#B88D00', 'Bronze'),
(9, 'White', '#632806', 'Brown'),
(10, 'Black', '#FFFFFF', 'Calla White'),
(11, 'Black', '#cd5c5c', 'Canyon Red'),
(12, 'White', '#4D4D4D', 'Carbon Fiber'),
(13, 'Black', '#CFC6C6', 'champaign'),
(14, 'White', '#3D3B3B', 'Charcoal'),
(15, 'White', '#8A1313', 'Cherry'),
(16, 'Black', '#BDBDBD', 'Condor Gray'),
(17, 'White', '#80562A', 'Copper'),
(18, 'Black', '#EDE7C2', 'Creamy'),
(19, 'Black', '#FFFFFF', 'Custom'),
(20, 'White', '#A17564', 'Dakar Beige'),
(21, 'White', '#0A0F66', 'Dark Blue'),
(22, 'White', '#402A0F', 'Dark Brown'),
(23, 'White', '#4D380F', 'Dark Gold'),
(24, 'White', '#545252', 'Dark Gray'),
(25, 'White', '#173808', 'Dark Green'),
(26, 'White', '#661111', 'Dark Maroon'),
(27, 'White', '#223010', 'Dark Olive'),
(28, 'White', '#E07400', 'Dark Orange'),
(29, 'White', '#731010', 'Dark Red'),
(30, 'White', '#5C5858', 'Dark Silver'),
(31, 'White', '#381057', 'Dark Violet'),
(32, 'Black', '#FFFFFF', 'Designo'),
(33, 'White', '#393E96', 'Dim Blue'),
(34, 'White', '#694408', 'Dim Brown'),
(35, 'White', '#404040', 'Dim Gray'),
(36, 'White', '#1A5E06', 'Dim Green'),
(37, 'White', '#274A17', 'Dim Olive'),
(38, 'Black', '#9DB8BD', 'Dim Sky Blue'),
(39, 'White', '#13590C', 'Forest'),
(40, 'White', '#b22222', 'Garnet Red'),
(41, 'Black', '#DEC826', 'Golden'),
(42, 'White', '#15700B', 'Grass Green'),
(43, 'White', '#787777', 'Gray'),
(44, 'Black', '#DBD3C0', 'Gray 88'),
(45, 'White', '#187D31', 'Green'),
(46, 'Black', '#B8B8B8', 'Grey'),
(47, 'White', '#8C4E0B', 'Honey'),
(48, 'Black', '#F3F3F3', 'Ibis White'),
(49, 'Black', '#EDEDCA', 'Ivory'),
(50, 'Black', '#9E9C6A', 'Khaki'),
(51, 'Black', '#9AC1D9', 'Light Blue'),
(52, 'White', '#855509', 'Light Brown'),
(53, 'Black', '#A39E9E', 'Light Gray'),
(54, 'White', '#0F9611', 'Light Green'),
(55, 'White', '#30541B', 'Light Olive'),
(56, 'Black', '#F28B46', 'Light Orange'),
(57, 'Black', '#DEA6DC', 'Light Violet'),
(58, 'Black', '#B2FFAB', 'Lightgreen'),
(59, 'White', '#1E78B0', 'Liquid Blue'),
(60, 'White', '#5E1E1E', 'Mahogany'),
(61, 'White', '#4312E3', 'Marine Blue'),
(62, 'White', '#703208', 'Maroon'),
(63, 'White', '#000000', 'Metalic Black'),
(64, 'Black', '#A0C5D9', 'Metalic Blue'),
(65, 'White', '#202A54', 'Metalic Dark Blue'),
(66, 'White', '#464F30', 'Metalic Olive'),
(67, 'White', '#0B1740', 'Navy'),
(68, 'White', '#1E0E47', 'Navy Blue'),
(69, 'White', '#000000', 'Night Black'),
(70, 'White', '#191970', 'Night Blue'),
(71, 'White', '#488552', 'Oak Green Metallic'),
(72, 'Black', '#EFF2E1', 'Off-White'),
(73, 'White', '#2B4D18', 'Olive'),
(74, 'White', '#144F0D', 'Olive Green'),
(75, 'White', '#0D5706', 'Olivegreen'),
(76, 'White', '#ED7913', 'Orange'),
(77, 'Black', '#d3d3d3', 'Oyster Gray'),
(78, 'Black', '#F6F7F0', 'Pearl'),
(79, 'Black', '#f5f5dc', 'Pearl Beige'),
(80, 'Black', '#878282', 'Pearl Silver'),
(81, 'White', '#000000', 'Phantom Black'),
(82, 'Black', '#EB9898', 'Pink'),
(83, 'Black', '#D1C9C9', 'Platinum Silver'),
(84, 'White', '#6D18AD', 'Purple'),
(85, 'White', '#C91619', 'Red'),
(86, 'White', '#0A0A0A', 'Royal Black'),
(87, 'White', '#22078F', 'Royal Blue'),
(88, 'Black', '#E0C453', 'Sand'),
(89, 'Black', '#D9CB9C', 'Sand Beig Pearl'),
(90, 'Black', '#FFFFFF', 'Shell White'),
(91, 'Black', '#fafad2', 'Shell Yellow'),
(92, 'Black', '#9E9898', 'Silver'),
(93, 'Black', '#d3d3d3', 'Silver Metalic'),
(94, 'Black', '#657DDB', 'Sky Blue'),
(95, 'Black', '#ABA6A6', 'Smoked Silver'),
(96, 'White', '#595757', 'Smoky'),
(97, 'Black', '#FFFFFF', 'Snow White'),
(98, 'Black', '#6495ed', 'Sprint Blue'),
(99, 'Black', '#E8D799', 'Tan'),
(100, 'Black', '#bebebe', 'Tetanium'),
(101, 'Black', '#3DACD1', 'Turquoise'),
(102, 'White', '#0A0A0A', 'Variant Black'),
(103, 'White', '#4D0D85', 'Violet'),
(104, 'Black', '#FFFFFF', 'White'),
(105, 'Black', '#FFFC61', 'Yellow');

-- --------------------------------------------------------

--
-- Table structure for table `comment`
--

CREATE TABLE IF NOT EXISTS `comment` (
  `comment_id` int(32) NOT NULL,
  `comment_text` text NOT NULL,
  `comment_posted_by` int(32) NOT NULL
) ENGINE=InnoDB DEFAULT CHARSET=latin1;

-- --------------------------------------------------------

--
-- Table structure for table `contact_us`
--

CREATE TABLE IF NOT EXISTS `contact_us` (
  `id` int(11) NOT NULL,
  `name` varchar(200) DEFAULT NULL,
  `subject` text,
  `email` varchar(200) DEFAULT NULL,
  `message` longtext
) ENGINE=InnoDB DEFAULT CHARSET=latin1;

-- --------------------------------------------------------

--
-- Table structure for table `country`
--

CREATE TABLE IF NOT EXISTS `country` (
  `country_id` int(10) unsigned NOT NULL,
  `sortname` varchar(3) DEFAULT NULL,
  `country_name` varchar(45) DEFAULT NULL
) ENGINE=InnoDB AUTO_INCREMENT=6 DEFAULT CHARSET=latin1;

--
-- Dumping data for table `country`
--

INSERT INTO `country` (`country_id`, `sortname`, `country_name`) VALUES
(4, 'AE', 'United Arab Emirates');

-- --------------------------------------------------------

--
-- Table structure for table `custom_banner`
--

CREATE TABLE IF NOT EXISTS `custom_banner` (
  `ban_id` int(11) NOT NULL,
  `img_file_name` varchar(255) DEFAULT NULL,
  `cat_id` text,
  `sub_cat_id` text,
  `site_url` varchar(255) DEFAULT NULL,
  `ban_type` int(11) DEFAULT NULL,
  `ban_type_name` varchar(50) DEFAULT NULL,
  `ban_size` varchar(100) DEFAULT '',
  `impression_count` int(11) DEFAULT '0',
  `impression_day` int(10) unsigned DEFAULT NULL,
  `status` int(1) DEFAULT NULL,
  `adv_id` int(11) DEFAULT NULL,
  `click_count` int(11) DEFAULT '0',
  `clicks_day` int(11) DEFAULT NULL,
  `ban_show_status` varchar(255) DEFAULT NULL,
  `pause_banner` varchar(10) DEFAULT NULL,
  `expiry_start_date` date DEFAULT NULL,
  `expiry_end_date` date DEFAULT NULL,
  `created_at` timestamp NOT NULL DEFAULT CURRENT_TIMESTAMP ON UPDATE CURRENT_TIMESTAMP,
  `cpm` int(11) DEFAULT NULL,
  `cpc` int(11) NOT NULL,
  `duration` int(11) DEFAULT NULL,
  `country` varchar(10) DEFAULT NULL,
  `big_img_file_name` varchar(255) DEFAULT NULL,
  `phone_no` varchar(20) DEFAULT NULL,
  `ban_txt_img` varchar(10) DEFAULT NULL,
  `text_val` text,
  `state` int(11) DEFAULT NULL,
  `advertiser` varchar(100) DEFAULT NULL,
  `is_endate` varchar(50) DEFAULT NULL,
  `display_page` varchar(50) DEFAULT NULL,
  `group_no` int(11) DEFAULT NULL,
  `total_impressions` int(11) DEFAULT NULL,
  `total_click_count` int(11) DEFAULT NULL,
  `bidding_option` varchar(50) DEFAULT NULL
) ENGINE=InnoDB DEFAULT CHARSET=utf8;

-- --------------------------------------------------------

--
-- Table structure for table `deactivated_products`
--

CREATE TABLE IF NOT EXISTS `deactivated_products` (
  `id` int(11) NOT NULL,
  `product_id` int(11) DEFAULT NULL,
  `deactivated_date` timestamp NULL DEFAULT CURRENT_TIMESTAMP ON UPDATE CURRENT_TIMESTAMP,
  `ad_availability` int(11) DEFAULT NULL,
  `admin_modified_at` datetime DEFAULT NULL
) ENGINE=InnoDB DEFAULT CHARSET=latin1;

-- --------------------------------------------------------

--
-- Table structure for table `faq`
--

CREATE TABLE IF NOT EXISTS `faq` (
  `faq_id` int(11) NOT NULL,
  `question` varchar(255) DEFAULT NULL,
  `answer` text,
  `meta_title` varchar(255) DEFAULT NULL,
  `meta_desc` varchar(255) DEFAULT NULL,
  `meta_keyword` varchar(255) DEFAULT NULL,
  `created_date` timestamp NULL DEFAULT NULL,
  `created_by` int(11) DEFAULT NULL,
  `modified_date` datetime DEFAULT NULL,
  `modified_by` int(11) DEFAULT NULL,
  `is_delete` int(11) DEFAULT NULL,
  `sort_order` int(11) NOT NULL
) ENGINE=InnoDB AUTO_INCREMENT=9 DEFAULT CHARSET=latin1;

--
-- Dumping data for table `faq`
--

INSERT INTO `faq` (`faq_id`, `question`, `answer`, `meta_title`, `meta_desc`, `meta_keyword`, `created_date`, `created_by`, `modified_date`, `modified_by`, `is_delete`, `sort_order`) VALUES
(4, 'Registration', '<p><strong><span style="font-size:20px">Q:</span> How can I create an account?</strong><br />\r\nA: Registering on Doukani is 100% free. Creating an account just takes a few steps. Click on &ldquo;Sign up&rdquo; in the top-right corner of the page. Then click fill the registration form. There you can register with either your email address, or your Facebook, twitter or Google+ account. If you register with your email address, you will then need to confirm your email address and create a username and password.</p>\r\n\r\n<p><br />\r\n<strong><span style="font-size:20px">Q:</span> What if I forget my password?</strong><br />\r\nA: To get a new password, click on &ldquo;Login&rdquo; in the top-right corner of the page. Click on &ldquo;forget password&rdquo; and enter your email address. We will then send you an email with a link that allows you to enter a new password.</p>\r\n\r\n<p><br />\r\n<strong><span style="font-size:20px">Q:</span> How can I delete my account?</strong><br />\r\nA: Log into your &quot;Doukani&quot; account as usual. Go to my profile from the secondary header menu &gt; Dashboard and scroll down and click &ldquo;Delete account&rdquo;.</p>\r\n\r\n<p>More <strong>Q&amp;A </strong>coming soon</p>\r\n\r\n<p><a href="https://doukani.com/contact-us">Contact us</a> if you have any questions.</p>\r\n', 'Doukani FAQ', 'Learn more about Doukani classifeds', 'FAQ, Doukani, Classifieds, sell car, buy and sell', '2016-06-17 07:36:37', 1, '2016-09-01 05:00:36', 1, 0, 4),
(7, 'Posting an ad', '<p><strong><span style="font-size:20px">Q:</span> How do i post an ad?</strong><br />\r\nA: Posting ads to Doukani is quick, easy and 100% free. Just click the &ldquo;<strong>Post free ad</strong>&rdquo; button in the top-right corner of the page and then follow the instructions.</p>\r\n\r\n<p>An ad should include a convincing title and a detailed description. You can upload up to 10 images to your ad and include a 20 seconds video or add a video from youtube.</p>\r\n\r\n<p><br />\r\n<strong><span style="font-size:20px">Q:</span> How many ads i can post?</strong><br />\r\nA: You can post 15 free ads every month. And if you want to post more ads you can purchase more credit.</p>\r\n\r\n<p><br />\r\n<strong><span style="font-size:20px">Q:</span> Can I edit my ad?</strong><br />\r\nA: Log into your Doukani account, go to &ldquo;My Ads&rdquo;, roll over the edit icon on the ads and click &ldquo;Edit&rdquo; next to the respective ad. You can upload up to 10 images to your ad and a 20 seconds video.</p>\r\n\r\n<p>You can repeat this process for up to 10 images in JPEG/GIF/PNG format and with a maximum size of 5 MB per image.</p>\r\n\r\n<p><br />\r\n<strong><span style="font-size:20px">Q:</span> How can I increase the amount of clicks and inquires on my ad?</strong><br />\r\nA: If you want your ad to receive more inquiries faster, we offer a solution called Featured Ads. With Featured Ads, your ad stands out among the rest on homepage and related categories. This makes your ad more attractive and appealing and draws more attention to it.<br />\r\n<br />\r\nAds with images are generally more successful than ads without images. The more detailed you describe your ad, the more likely it will be found by other users. Tell your friends about Doukani! Share your ad on social media (Facebook, twitter &amp; Instagram). The more people visiting Doukani, the more views and inquiries your ad will receive.</p>\r\n\r\n<p><br />\r\n<strong><span style="font-size:20px">Q:</span> How long does my ad stay on Doukani?</strong><br />\r\nA: All ads stay live on Doukani for 45 days before they expire, but you can repost your ads once they are expired.&nbsp;</p>\r\n\r\n<p>More <strong>Q&amp;A </strong>coming soon</p>\r\n\r\n<p><a href="https://doukani.com/contact-us">Contact us</a> if you have any questions.</p>\r\n', '', '', '', '2016-06-18 11:01:09', 1, '2016-06-18 12:13:17', 1, 0, 5),
(8, 'Featured Ads', '<p><strong><span style="font-size:20px">Q:</span> How can I make my ad stand out from the crowd?</strong><br />\r\nA: If you&#39;d like to make your classified ad stand out among the rest, we offer Featured Ads. These are the best way to highlight your ad and ensure more people see it.</p>\r\n\r\n<p><br />\r\n<strong><span style="font-size:20px">Q:</span> What are &quot;Featured Ads&quot;?</strong><br />\r\nA: &quot;Featured Ads&quot;. give an ad a unique look in comparison to others on Doukani. Therefore your ad will be seen more often, thus leading to greater success.</p>\r\n\r\n<p><br />\r\n<strong><span style="font-size:20px">Q:</span> How can I upgrade my ad(s) with Featured Ads?</strong><br />\r\nA: &quot;Featured Ads&quot;. give an ad a unique look in comparison to others on Doukani. Therefore your ad will be seen more often, thus leading to greater success.</p>\r\n\r\n<p><br />\r\n<strong><span style="font-size:20px">Q:</span> How can I upgrade my ad(s) with Featured Ads?</strong><br />\r\nA: If you want to add one or more of the Featured Ads feature, you must first create your free ad on Doukani. Once you have created your ad, you can then select your desired additional options and their duration.</p>\r\n\r\n<p>You can also add any of the Featured Ads feature once your ad is active. To do this, simply log in to your Doukani account and click on &ldquo;My Listings&rdquo;. Rollover the edit icon on the ad you want to apply Featured Ads feature for and click on &ldquo;Promote My item!&rdquo;.</p>\r\n', '', '', '', '2016-06-18 12:39:28', 1, '2016-09-01 04:56:28', 1, 0, 6);

-- --------------------------------------------------------

--
-- Table structure for table `favourite_product`
--

CREATE TABLE IF NOT EXISTS `favourite_product` (
  `favorite_id` int(11) NOT NULL,
  `product_id` int(11) NOT NULL,
  `user_id` int(11) NOT NULL
) ENGINE=InnoDB AUTO_INCREMENT=7 DEFAULT CHARSET=latin1;

--
-- Dumping data for table `favourite_product`
--

INSERT INTO `favourite_product` (`favorite_id`, `product_id`, `user_id`) VALUES
(1, 980, 467),
(2, 977, 467),
(3, 972, 467),
(4, 969, 467),
(5, 970, 467),
(6, 975, 467);

--
-- Triggers `favourite_product`
--
DELIMITER $$
CREATE TRIGGER `favorite_product_delete` AFTER DELETE ON `favourite_product`
 FOR EACH ROW Begin
Update product set product_total_favorite = product_total_favorite -1 where product_id = old.product_id;
End
$$
DELIMITER ;
DELIMITER $$
CREATE TRIGGER `favorite_product_insert` AFTER INSERT ON `favourite_product`
 FOR EACH ROW Begin
Update product set product_total_favorite = product_total_favorite +1 where product_id = new.product_id;
End
$$
DELIMITER ;

-- --------------------------------------------------------

--
-- Table structure for table `featureads`
--

CREATE TABLE IF NOT EXISTS `featureads` (
  `id` int(11) unsigned NOT NULL,
  `product_id` int(11) DEFAULT NULL,
  `User_Id` int(11) DEFAULT NULL,
  `dateFeatured` datetime DEFAULT NULL,
  `dateExpire` datetime DEFAULT NULL,
  `cat_id` int(11) DEFAULT NULL,
  `subcat_id` int(11) DEFAULT NULL
) ENGINE=InnoDB AUTO_INCREMENT=4 DEFAULT CHARSET=latin1;

--
-- Dumping data for table `featureads`
--

INSERT INTO `featureads` (`id`, `product_id`, `User_Id`, `dateFeatured`, `dateExpire`, `cat_id`, `subcat_id`) VALUES
(1, 980, 1, '2016-09-16 00:00:00', '2016-10-16 00:00:00', 1, 6),
(2, 977, 1, '2016-09-16 00:00:00', '2016-10-16 00:00:00', 8, 13),
(3, 975, 1, '2016-09-16 00:00:00', '2016-10-16 00:00:00', 7, 61);

-- --------------------------------------------------------

--
-- Table structure for table `featured_stores`
--

CREATE TABLE IF NOT EXISTS `featured_stores` (
  `featured_store_id` int(11) NOT NULL,
  `store_id` int(11) DEFAULT NULL,
  `start_date` datetime DEFAULT NULL,
  `end_date` datetime DEFAULT NULL
) ENGINE=InnoDB DEFAULT CHARSET=latin1;

-- --------------------------------------------------------

--
-- Table structure for table `followed_seller`
--

CREATE TABLE IF NOT EXISTS `followed_seller` (
  `follow_id` int(32) NOT NULL,
  `user_id` int(11) DEFAULT NULL,
  `seller_id` int(11) DEFAULT NULL
) ENGINE=InnoDB AUTO_INCREMENT=2 DEFAULT CHARSET=latin1;

--
-- Dumping data for table `followed_seller`
--

INSERT INTO `followed_seller` (`follow_id`, `user_id`, `seller_id`) VALUES
(1, 467, 1);

-- --------------------------------------------------------

--
-- Table structure for table `followers`
--

CREATE TABLE IF NOT EXISTS `followers` (
  `friend_id` int(32) NOT NULL,
  `user_id` int(32) NOT NULL,
  `friends_with` int(32) NOT NULL
) ENGINE=InnoDB DEFAULT CHARSET=latin1;

-- --------------------------------------------------------

--
-- Table structure for table `hook_insert`
--

CREATE TABLE IF NOT EXISTS `hook_insert` (
  `id` int(11) NOT NULL,
  `data` text NOT NULL
) ENGINE=InnoDB AUTO_INCREMENT=45 DEFAULT CHARSET=latin1;

--
-- Dumping data for table `hook_insert`
--

INSERT INTO `hook_insert` (`id`, `data`) VALUES
(1, '2'),
(2, '3'),
(3, '2=>/home'),
(4, '3=>/login'),
(5, '2=>/home'),
(6, '2=>/home'),
(7, '1=>/home/category/1/6'),
(8, '3=>/login'),
(9, '2=>/home'),
(10, '1=>/home/category/10/113'),
(11, '2=>/home'),
(12, '2=>/home'),
(13, '3=>/login'),
(14, '1=>/home/item_details/688'),
(15, '1=>/seller/listings/335'),
(16, 'anny.doukani.com'),
(17, '/login'),
(18, 'anny.doukani.com'),
(19, '/favicon.ico'),
(20, 'anny.doukani.com'),
(21, '/favicon.ico'),
(22, 'anny.doukani.com'),
(23, '/home/item_details/698'),
(24, 'anny.doukani.com'),
(25, '/home/item_details/698'),
(26, 'anny.doukani.com'),
(27, '/home/item_details/698'),
(28, 'anny.doukani.com'),
(29, '/home/item_details/688'),
(30, 'anny.doukani.com'),
(31, '/favicon.ico'),
(32, 'anny.doukani.com'),
(33, '/login'),
(34, 'anny.doukani.com'),
(35, '/home/item_details/688'),
(36, 'anny.doukani.com'),
(37, '/favicon.ico'),
(38, 'anny.doukani.com'),
(39, '/home/item_details/688'),
(40, 'anny.doukani.com'),
(41, '/home/item_details/688'),
(42, 'anny.doukani.com'),
(43, '/home/item_details/688'),
(44, 'anny.doukani.com');

-- --------------------------------------------------------

--
-- Table structure for table `image_cron_process`
--

CREATE TABLE IF NOT EXISTS `image_cron_process` (
  `cron_id` int(11) NOT NULL,
  `product_id` int(11) NOT NULL,
  `product_original_image` varchar(100) NOT NULL,
  `crop_status` varchar(5) NOT NULL
) ENGINE=InnoDB AUTO_INCREMENT=164 DEFAULT CHARSET=latin1;

-- --------------------------------------------------------

--
-- Table structure for table `inquiry`
--

CREATE TABLE IF NOT EXISTS `inquiry` (
  `inquiry_id` int(11) NOT NULL,
  `inquiry_subject` text NOT NULL,
  `inquiry_content` text NOT NULL,
  `inquiry_type` enum('INQUIRY','SUPPORT','OFFER') NOT NULL DEFAULT 'INQUIRY',
  `inquiry_posted_on` timestamp NOT NULL DEFAULT CURRENT_TIMESTAMP,
  `product_id` int(11) DEFAULT NULL,
  `inquiry_code` varchar(10) DEFAULT NULL,
  `inquiry_status` enum('open','close') NOT NULL DEFAULT 'open',
  `inquiry_sender` int(5) unsigned DEFAULT '0',
  `inquiry_receiver` int(5) unsigned DEFAULT NULL,
  `inquiry_guest` varchar(100) DEFAULT NULL
) ENGINE=InnoDB AUTO_INCREMENT=336 DEFAULT CHARSET=latin1;

-- --------------------------------------------------------

--
-- Table structure for table `inquiry_message`
--

CREATE TABLE IF NOT EXISTS `inquiry_message` (
  `message_id` int(32) NOT NULL,
  `message` blob NOT NULL,
  `message_posted_by` int(11) DEFAULT NULL,
  `inquiry_id` int(11) NOT NULL,
  `message_sent_to` int(11) DEFAULT NULL,
  `message_post_time` timestamp NOT NULL DEFAULT CURRENT_TIMESTAMP ON UPDATE CURRENT_TIMESTAMP,
  `message_code` varchar(15) DEFAULT NULL,
  `message_read` enum('read','unread') NOT NULL DEFAULT 'read',
  `message_type` enum('text','image') NOT NULL DEFAULT 'text',
  `message_image` varchar(50) DEFAULT NULL
) ENGINE=InnoDB DEFAULT CHARSET=latin1;

-- --------------------------------------------------------

--
-- Table structure for table `inquiry_message_old`
--

CREATE TABLE IF NOT EXISTS `inquiry_message_old` (
  `message_id` int(32) NOT NULL,
  `message` text NOT NULL,
  `message_posted_by` int(11) NOT NULL,
  `inquiry_id` int(11) NOT NULL,
  `message_posted_on` timestamp NOT NULL DEFAULT CURRENT_TIMESTAMP
) ENGINE=InnoDB DEFAULT CHARSET=latin1;

-- --------------------------------------------------------

--
-- Table structure for table `inquiry_old`
--

CREATE TABLE IF NOT EXISTS `inquiry_old` (
  `inquiry_id` int(32) NOT NULL,
  `inquiry_subject` varchar(100) NOT NULL DEFAULT '',
  `inquiry_content` text NOT NULL,
  `inquiry_type` varchar(32) DEFAULT '',
  `inquiry_posted_on` timestamp NOT NULL DEFAULT CURRENT_TIMESTAMP,
  `inquiry_is_read` enum('read','unread') NOT NULL DEFAULT 'unread',
  `inquiry_sender` varchar(45) NOT NULL,
  `inquiry_email` varchar(100) NOT NULL,
  `inquiry_status` enum('open','close') NOT NULL DEFAULT 'open'
) ENGINE=InnoDB DEFAULT CHARSET=latin1;

-- --------------------------------------------------------

--
-- Table structure for table `inquiry_support_request`
--

CREATE TABLE IF NOT EXISTS `inquiry_support_request` (
  `request_id` int(11) NOT NULL,
  `question` varchar(255) DEFAULT NULL,
  `sub_question` varchar(255) DEFAULT NULL,
  `description` text,
  `name` varchar(50) DEFAULT NULL,
  `email_id` varchar(255) DEFAULT NULL,
  `mobile_number` varchar(50) DEFAULT NULL,
  `ad_link` text,
  `file_name` varchar(50) DEFAULT NULL,
  `created_at` timestamp NULL DEFAULT CURRENT_TIMESTAMP
) ENGINE=InnoDB AUTO_INCREMENT=2 DEFAULT CHARSET=latin1;

--
-- Dumping data for table `inquiry_support_request`
--

INSERT INTO `inquiry_support_request` (`request_id`, `question`, `sub_question`, `description`, `name`, `email_id`, `mobile_number`, `ad_link`, `file_name`, `created_at`) VALUES
(1, '1', '10', 'Hello this is testing.....\r\n\r\nthank you', 'Jignesh Mistry', 'kek@narola.email', '9824459970', 'http://doukani.com/home/request', '1473836012.JPG', '2016-09-14 06:53:32');

-- --------------------------------------------------------

--
-- Table structure for table `like_product`
--

CREATE TABLE IF NOT EXISTS `like_product` (
  `like_id` int(11) unsigned NOT NULL,
  `product_id` int(11) NOT NULL,
  `user_id` int(11) NOT NULL
) ENGINE=InnoDB DEFAULT CHARSET=latin1;

--
-- Triggers `like_product`
--
DELIMITER $$
CREATE TRIGGER `like_product_insert` AFTER INSERT ON `like_product`
 FOR EACH ROW Begin
Update product set product_total_likes = product_total_likes +1 where product_id = new.product_id;
End
$$
DELIMITER ;
DELIMITER $$
CREATE TRIGGER `unlike_product` AFTER DELETE ON `like_product`
 FOR EACH ROW Begin
Update product set product_total_likes = product_total_likes -1 where product_id = old.product_id;
End
$$
DELIMITER ;

-- --------------------------------------------------------

--
-- Table structure for table `mileage`
--

CREATE TABLE IF NOT EXISTS `mileage` (
  `mileage_id` int(11) NOT NULL,
  `name` varchar(255) DEFAULT NULL,
  `value` varchar(255) DEFAULT NULL
) ENGINE=InnoDB AUTO_INCREMENT=16 DEFAULT CHARSET=latin1;

--
-- Dumping data for table `mileage`
--

INSERT INTO `mileage` (`mileage_id`, `name`, `value`) VALUES
(1, 'New', '0-0'),
(2, '0-20000 KM', '1-20001'),
(3, '20000-40000 KM', '20001-40001'),
(4, '40000-60000 KM', '40001-60001'),
(5, '60000-80000 KM', '60001-80001'),
(6, '80000-100000 KM', '80001-100001'),
(7, '100000-120000 KM', '100001-120001'),
(8, '120000-140000 KM', '120001-140001'),
(9, '140000-160000 KM', '140001-160001'),
(10, '160000-180000 KM', '160001-180001'),
(11, '180000-200000 KM', '180001-200001'),
(12, '180000-200000 KM', '180001-200001'),
(13, '180000-200000 KM', '180001-200001'),
(14, '200000-220000 KM', '200001-220001'),
(15, 'More than 200000 KM', '200000-');

-- --------------------------------------------------------

--
-- Table structure for table `mobile_operators`
--

CREATE TABLE IF NOT EXISTS `mobile_operators` (
  `id` int(11) NOT NULL,
  `operator_name` varchar(50) DEFAULT NULL
) ENGINE=InnoDB AUTO_INCREMENT=3 DEFAULT CHARSET=latin1;

--
-- Dumping data for table `mobile_operators`
--

INSERT INTO `mobile_operators` (`id`, `operator_name`) VALUES
(1, 'DU'),
(2, 'ETISALAT');

-- --------------------------------------------------------

--
-- Table structure for table `model`
--

CREATE TABLE IF NOT EXISTS `model` (
  `model_id` int(11) NOT NULL,
  `name` varchar(255) DEFAULT NULL,
  `brand_id` int(11) DEFAULT NULL
) ENGINE=InnoDB AUTO_INCREMENT=1897 DEFAULT CHARSET=latin1;

--
-- Dumping data for table `model`
--

INSERT INTO `model` (`model_id`, `name`, `brand_id`) VALUES
(1, 'MDX', 1),
(2, 'RDX', 1),
(3, 'rsx', 1),
(4, 'TL', 1),
(5, 'Type S', 1),
(6, 'yz 250', 1),
(7, 'Pick up', 2),
(8, 'Centuar', 3),
(9, '146', 4),
(10, '147', 4),
(11, '156', 4),
(12, '159', 4),
(13, '164', 4),
(14, '165', 4),
(15, '166', 4),
(16, '4C', 4),
(17, 'Brera 3.2', 4),
(18, 'C 8', 4),
(19, 'Giulietta', 4),
(20, 'GTV', 4),
(21, 'Mito', 4),
(22, 'Spyder 3.01', 4),
(23, 'Javelin', 5),
(24, 'Prowler', 6),
(25, '10', 7),
(26, '1', 8),
(27, 'Bus', 8),
(28, 'Rocsta', 8),
(29, 'DB-7', 9),
(30, 'DB-9', 9),
(31, 'DBS', 9),
(32, 'Lagonda', 9),
(33, 'Rapide', 9),
(34, 'V8', 9),
(35, 'vanquish s', 9),
(36, 'vanquish s ultimate', 9),
(37, 'Vantage', 9),
(38, 'Vantage S', 9),
(39, 'Virage', 9),
(40, '100', 10),
(41, '80', 10),
(42, 'A1', 10),
(43, 'A3', 10),
(44, 'A4', 10),
(45, 'A4 S Line', 10),
(46, 'A5', 10),
(47, 'A5 S Line', 10),
(48, 'A6', 10),
(49, 'A6 S Line', 10),
(50, 'A6_Avant', 10),
(51, 'A7', 10),
(52, 'A7 S-Line', 10),
(53, 'A8', 10),
(54, 'A8L', 10),
(55, 'Allroad', 10),
(56, 'Allroad Quatro', 10),
(57, 'Q3', 10),
(58, 'Q5', 10),
(59, 'Q5 S Line', 10),
(60, 'Q7', 10),
(61, 'Q7 S-Line', 10),
(62, 'R8', 10),
(63, 'RS 4', 10),
(64, 'RS 6', 10),
(65, 'RS5', 10),
(66, 'S4', 10),
(67, 'S5', 10),
(68, 'S6', 10),
(69, 'S7', 10),
(70, 'S8', 10),
(71, 'TT', 10),
(72, 'TTR', 10),
(73, 'TTS Line', 10),
(74, 'Turbo TT', 10),
(75, 'Healey', 11),
(76, 'Arnage', 15),
(77, 'Azure', 15),
(78, 'Brooklands', 15),
(79, 'Continental GTC', 15),
(80, 'Continental R', 15),
(81, 'Fight', 15),
(82, 'Flying Spur', 15),
(83, 'Ghost', 15),
(84, 'GT', 15),
(85, 'GT Speed', 15),
(86, 'GTC Speed', 15),
(87, 'Mansory', 15),
(88, 'Mulliner', 15),
(89, 'Mulliner GT', 15),
(90, 'Mulsanne', 15),
(91, 'Speed', 15),
(92, 'Super Sport GT', 15),
(93, 'Turbo R', 15),
(94, 'Twin Turbo', 15),
(95, 'Beup', 17),
(96, 'Sled Chopper', 18),
(97, 'Bus', 20),
(98, '1 M', 21),
(99, '115i', 21),
(100, '116i', 21),
(101, '118i', 21),
(102, '120i', 21),
(103, '125 i', 21),
(104, '135i', 21),
(105, '316 i', 21),
(106, '316 Ti', 21),
(107, '318 Ci', 21),
(108, '318 i', 21),
(109, '318 is', 21),
(110, '320 Ci', 21),
(111, '320 i', 21),
(112, '323 Ci', 21),
(113, '325 Ci', 21),
(114, '325 i', 21),
(115, '325 is', 21),
(116, '325 Xi', 21),
(117, '328 Ci', 21),
(118, '328 i', 21),
(119, '328 is', 21),
(120, '330 Ci', 21),
(121, '330 i', 21),
(122, '330 Xi', 21),
(123, '335 Ci', 21),
(124, '335 I', 21),
(125, '335i GT', 21),
(126, '420 i', 21),
(127, '428i', 21),
(128, '435 i', 21),
(129, '520 i', 21),
(130, '523 i', 21),
(131, '525 i', 21),
(132, '528 i', 21),
(133, '530 i', 21),
(134, '532i', 21),
(135, '535 GT', 21),
(136, '535 i', 21),
(137, '540 i', 21),
(138, '545i', 21),
(139, '550 IA', 21),
(140, '630 Ci', 21),
(141, '630 I', 21),
(142, '635 Ci', 21),
(143, '635 CSi', 21),
(144, '640 i', 21),
(145, '645 Ci', 21),
(146, '650 Ci', 21),
(147, '650 I', 21),
(148, '728 i', 21),
(149, '728 iL', 21),
(150, '730 i', 21),
(151, '730Li', 21),
(152, '735 i', 21),
(153, '735Li', 21),
(154, '740 i', 21),
(155, '740 Li', 21),
(156, '745 i', 21),
(157, '745 Li', 21),
(158, '750 i', 21),
(159, '750 Li', 21),
(160, '760 Li', 21),
(161, '840 Ci', 21),
(162, '840 CSi', 21),
(163, '850 Ci', 21),
(164, '850 CSi', 21),
(165, '850 IL', 21),
(166, 'ALPINA', 21),
(167, 'E30', 21),
(168, 'GT', 21),
(169, 'GT 535', 21),
(170, 'i8', 21),
(171, 'L.7', 21),
(172, 'M 2000', 21),
(173, 'M3', 21),
(174, 'M3 CSL', 21),
(175, 'M4', 21),
(176, 'M5', 21),
(177, 'M6', 21),
(178, 'MX6', 21),
(179, 'X1', 21),
(180, 'X3', 21),
(181, 'X4', 21),
(182, 'X5', 21),
(183, 'X5 M', 21),
(184, 'X6', 21),
(185, 'X6 M', 21),
(186, 'z1', 21),
(187, 'Z3', 21),
(188, 'z3m', 21),
(189, 'Z4', 21),
(190, 'Z4 M', 21),
(191, 'Z8', 21),
(192, 'Veyron', 22),
(193, 'Century', 23),
(194, 'Eastwagon', 23),
(195, 'Electra', 23),
(196, 'GSX', 23),
(197, 'Lesabre', 23),
(198, 'Parkavenue', 23),
(199, 'Regal', 23),
(200, 'Rendevous', 23),
(201, 'Reviera', 23),
(202, 'Roadmaster', 23),
(203, 'Sky Lark', 23),
(204, 'ATS', 24),
(205, 'BLS', 24),
(206, 'Calais', 24),
(207, 'Catera', 24),
(208, 'Cidan', 24),
(209, 'Civelle', 24),
(210, 'Concourus', 24),
(211, 'CTS', 24),
(212, 'CTS - V', 24),
(213, 'CTS 4', 24),
(214, 'DHS', 24),
(215, 'Dievelle', 24),
(216, 'Dievelle DHS', 24),
(217, 'DievelleDTS', 24),
(218, 'DTS', 24),
(219, 'Eldorado', 24),
(220, 'Escalade', 24),
(221, 'Escalade XL', 24),
(222, 'Fleetwood', 24),
(223, 'Limosine', 24),
(224, 'North Star', 24),
(225, 'Saragano', 24),
(226, 'Series 62', 24),
(227, 'SLS', 24),
(228, 'SRX', 24),
(229, 'STS', 24),
(230, 'STS - V', 24),
(231, 'XLP', 24),
(232, 'XLR', 24),
(233, 'XLR-V', 24),
(234, 'XTS', 24),
(235, 'Classic', 25),
(236, 'Escalade', 25),
(237, 'Hummer', 25),
(238, 'Adria', 26),
(239, 'Aria', 26),
(240, 'Carvelair', 26),
(241, 'Chevrolet', 26),
(242, 'Gulf Stream', 26),
(243, 'Hopy', 26),
(244, 'Mobile', 26),
(245, 'Passport', 26),
(246, 'Spring Dale', 26),
(247, 'Sprite', 26),
(248, 'Tractors', 29),
(249, '500 S', 31),
(250, '600 L', 31),
(251, 'CM 500 S', 31),
(252, 'CM 600 L', 31),
(253, 'CW 700 L', 31),
(254, 'Lumousine', 31),
(255, 'SC6', 32),
(256, 'Liebao', 33),
(257, '308', 34),
(258, 'A-T', 34),
(259, 'QQ', 34),
(260, 'SQR', 34),
(261, 'Tiggo', 34),
(262, 'Astro', 35),
(263, 'Avalanche', 35),
(264, 'Aveo', 35),
(265, 'Beretta', 35),
(266, 'Blair', 35),
(267, 'Blazer', 35),
(268, 'Brogham', 35),
(269, 'Bus', 35),
(270, 'C10', 35),
(271, 'Camaro', 35),
(272, 'Astro', 35),
(273, 'Avalanche', 35),
(274, 'Aveo', 35),
(275, 'Beretta', 35),
(276, 'Blair', 35),
(277, 'Blazer', 35),
(278, 'Brogham', 35),
(279, 'Bus', 35),
(280, 'C10', 35),
(281, 'Camaro', 35),
(282, 'Astro', 35),
(283, 'Avalanche', 35),
(284, 'Aveo', 35),
(285, 'Beretta', 35),
(286, 'Blair', 35),
(287, 'Blazer', 35),
(288, 'Brogham', 35),
(289, 'Bus', 35),
(290, 'C10', 35),
(291, 'Camaro', 35),
(292, 'Camaro 2SS', 35),
(293, 'Camaro IROC-Z', 35),
(294, 'Camaro RS', 35),
(295, 'Camaro SS', 35),
(296, 'Camaro SS-RS', 35),
(297, 'Camaro twin turbo', 35),
(298, 'Camaro Z 28', 35),
(299, 'Camaro zl1', 35),
(300, 'Caprice', 35),
(301, 'Caprice LS', 35),
(302, 'Camaro 2SS', 35),
(303, 'Camaro IROC-Z', 35),
(304, 'Camaro RS', 35),
(305, 'Camaro SS', 35),
(306, 'Camaro SS-RS', 35),
(307, 'Camaro twin turbo', 35),
(308, 'Camaro Z 28', 35),
(309, 'Camaro zl1', 35),
(310, 'Caprice', 35),
(311, 'Caprice LS', 35),
(312, 'Caprice LTZ', 35),
(313, 'Caprice Royall', 35),
(314, 'Caprice SS', 35),
(315, 'Captiva', 35),
(316, 'Caravan', 35),
(317, 'Cavalier', 35),
(318, 'Celebrity', 35),
(319, 'Chevelle', 35),
(320, 'Colorado', 35),
(321, 'corvair', 35),
(322, 'Corvette', 35),
(323, 'Corvette C7', 35),
(324, 'Corvette LT2', 35),
(325, 'Corvette LT3', 35),
(326, 'Corvette Z06', 35),
(327, 'Corvette Z51', 35),
(328, 'Corvette ZR1', 35),
(329, 'Dayx', 35),
(330, 'Decapotable', 35),
(331, 'Delux', 35),
(332, 'Corvette', 35),
(333, 'Corvette C7', 35),
(334, 'Corvette LT2', 35),
(335, 'Corvette LT3', 35),
(336, 'Corvette Z06', 35),
(337, 'Corvette Z51', 35),
(338, 'Corvette ZR1', 35),
(339, 'Dayx', 35),
(340, 'Decapotable', 35),
(341, 'Delux', 35),
(342, 'El Camino', 35),
(343, 'El Camino SS', 35),
(344, 'Epica', 35),
(345, 'Equinox', 35),
(346, 'Extreme', 35),
(347, 'GeoTracker', 35),
(348, 'HHR', 35),
(349, 'Impala', 35),
(350, 'Impala SS', 35),
(351, 'Lumina', 35),
(352, 'Lumina CR8', 35),
(353, 'Lumina LTZ', 35),
(354, 'Lumina S', 35),
(355, 'Lumina SS', 35),
(356, 'Malibu', 35),
(357, 'Monte Carlo SS', 35),
(358, 'Nova', 35),
(359, 'Optra', 35),
(360, 'Pateriot', 35),
(361, 'Pick up', 35),
(362, 'Pick up SS', 35),
(363, 'Pick up Z 71', 35),
(364, 'Pickup SS', 35),
(365, 'S 10', 35),
(366, 'Safari', 35),
(367, 'Savana', 35),
(368, 'Sedan', 35),
(369, 'Silverado', 35),
(370, 'Silverado Z71', 35),
(371, 'Skyline', 35),
(372, 'Pick up SS', 35),
(373, 'Pick up Z 71', 35),
(374, 'Pickup SS', 35),
(375, 'S 10', 35),
(376, 'Safari', 35),
(377, 'Savana', 35),
(378, 'Sedan', 35),
(379, 'Silverado', 35),
(380, 'Silverado Z71', 35),
(381, 'Skyline', 35),
(382, 'Sonic', 35),
(383, 'Spark', 35),
(384, 'SSR', 35),
(385, 'Station', 35),
(386, 'Suburban', 35),
(387, 'Suburban LTZ', 35),
(388, 'Tahoe', 35),
(389, 'Tahoe LT', 35),
(390, 'Tahoe LTZ', 35),
(391, 'Tahoe SZS', 35),
(392, 'Tahoe Z71', 35),
(393, 'TahoeSS', 35),
(394, 'Tanker', 35),
(395, 'Trail Blazer', 35),
(396, 'Trail Blazer ss', 35),
(397, 'Traverse', 35),
(398, 'Truck', 35),
(399, 'Universal AD', 35),
(400, 'Uplander', 35),
(401, 'Van', 35),
(402, 'Venture', 35),
(403, 'C 200', 36),
(404, 'C 300', 36),
(405, 'Caravan', 36),
(406, 'Cirrus', 36),
(407, 'Concorde', 36),
(408, 'Cordoba', 36),
(409, 'CROSSFIRE', 36),
(410, 'CROSSFIRE SRT6', 36),
(411, 'FIFTH AVENUE', 36),
(412, 'Grand Voyger', 36),
(413, 'Imperial', 36),
(414, 'LHS', 36),
(415, 'M 300', 36),
(416, 'Magnum', 36),
(417, 'Neon', 36),
(418, 'newport', 36),
(419, 'Newyorker', 36),
(420, 'Pacifica', 36),
(421, 'PT Cruiser', 36),
(422, 'S200', 36),
(423, 'Sebring', 36),
(424, 'SRT8', 36),
(425, 'Stratus', 36),
(426, 'TownCountry', 36),
(427, 'Voyger', 36),
(428, 'XLR', 36),
(429, 'C 200', 36),
(430, 'C 300', 36),
(431, 'Caravan', 36),
(432, 'Cirrus', 36),
(433, 'Concorde', 36),
(434, 'Cordoba', 36),
(435, 'CROSSFIRE', 36),
(436, 'CROSSFIRE SRT6', 36),
(437, 'FIFTH AVENUE', 36),
(438, 'Grand Voyger', 36),
(439, 'Imperial', 36),
(440, 'LHS', 36),
(441, 'M 300', 36),
(442, 'Magnum', 36),
(443, 'Neon', 36),
(444, 'newport', 36),
(445, 'Newyorker', 36),
(446, 'Pacifica', 36),
(447, 'PT Cruiser', 36),
(448, 'S200', 36),
(449, 'Sebring', 36),
(450, 'SRT8', 36),
(451, 'Stratus', 36),
(452, 'TownCountry', 36),
(453, 'Voyger', 36),
(454, 'XLR', 36),
(455, 'Berlingo', 37),
(456, 'C2', 37),
(457, 'C3', 37),
(458, 'C4', 37),
(459, 'C5', 37),
(460, 'C8', 37),
(461, 'DS3', 37),
(462, 'Jumper', 37),
(463, 'Jumpy', 37),
(464, 'Picasso', 37),
(465, 'Pluriel', 37),
(466, 'Regency', 37),
(467, 'Saxo', 37),
(468, 'Xara', 37),
(469, 'ZS', 37),
(470, 'Car', 39),
(471, 'Car', 39),
(472, 'Veryca', 40),
(473, 'Z7', 40),
(474, '360', 41),
(475, 'Truck', 42),
(476, 'custom', 43),
(477, 'Rambler', 43),
(478, 'Bus', 44),
(479, 'Espero', 44),
(480, 'Lanos', 44),
(481, 'Leganza', 44),
(482, 'Matiz', 44),
(483, 'Nubera', 44),
(484, 'Tacoma', 44),
(485, 'Applouse', 45),
(486, 'Bus', 45),
(487, 'Ceria', 45),
(488, 'Charment', 45),
(489, 'copen', 45),
(490, 'Materia', 45),
(491, 'Pick up', 45),
(492, 'Rocky', 45),
(493, 'sirion', 45),
(494, 'Terios', 45),
(495, 'Truck', 45),
(496, 'Verosa', 45),
(497, 'YRV', 45),
(498, 'Torando', 46),
(499, '120', 47),
(500, '180 B', 47),
(501, '200 L', 47),
(502, '260 C', 47),
(503, 'Pick-up', 47),
(504, 'Z', 47),
(505, 'H 30', 48),
(506, 'Aspen RT', 49),
(507, 'Avenger', 49),
(508, 'Caliber', 49),
(509, 'Caliber SRT4', 49),
(510, 'Caravan', 49),
(511, 'Challenger', 49),
(512, 'Challenger RT', 49),
(513, 'Challenger SRT8', 49),
(514, 'Charger', 49),
(515, 'Charger Magnum', 49),
(516, 'Charger RT', 49),
(517, 'Charger SRT', 49),
(518, 'Charger SRT8', 49),
(519, 'Chrysler', 49),
(520, 'Concorde', 49),
(521, 'Continental', 49),
(522, 'Cornet', 49),
(523, 'Dakota', 49),
(524, 'Dart', 49),
(525, 'Desoto', 49),
(526, 'Durango', 49),
(527, 'Emperial', 49),
(528, 'Ingram', 49),
(529, 'International', 49),
(530, 'Interpid', 49),
(531, 'Liner', 49),
(532, 'Magnum', 49),
(533, 'Meadowbrook', 49),
(534, 'Mirada', 49),
(535, 'Nitro', 49),
(536, 'Pickard', 49),
(537, 'Plymouth', 49),
(538, 'Prowler', 49),
(539, 'Ram', 49),
(540, 'Ram SRT-10', 49),
(541, 'Royal Custom', 49),
(542, 'Royal Monaco', 49),
(543, 'Special Deluxe', 49),
(544, 'Stealth RT', 49),
(545, 'Truck', 49),
(546, 'Van', 49),
(547, 'Viper', 49),
(548, 'Voyger', 49),
(549, 'Truck', 50),
(550, 'Mini Bus', 51),
(551, 'Pick Up', 51),
(552, 'Bus', 53),
(553, 'Half lorry', 53),
(554, '328 GTS', 54),
(555, '348 GTC', 54),
(556, '348 GTS', 54),
(557, '348 Spider', 54),
(558, '348 TB', 54),
(559, '355', 54),
(560, '355 Spider', 54),
(561, '360 Spider', 54),
(562, '385', 54),
(563, '456', 54),
(564, '456 MGT', 54),
(565, '458 italia', 54),
(566, '550 Maranello', 54),
(567, '575 Maranello', 54),
(568, '599 GTB', 54),
(569, 'Berlinetta', 54),
(570, 'California', 54),
(571, 'Coupe', 54),
(572, 'F 355', 54),
(573, 'F 430', 54),
(574, 'FF', 54),
(575, 'Huracan', 54),
(576, 'Laforza', 54),
(577, 'Maranello', 54),
(578, 'Modena 360', 54),
(579, 'Scaglietti 612', 54),
(580, 'Scuderia 430', 54),
(581, 'Spider F 430', 54),
(582, 'Testarossa', 54),
(583, 'TR 512', 54),
(584, '328 GTS', 54),
(585, '348 GTC', 54),
(586, '348 GTS', 54),
(587, '348 Spider', 54),
(588, '348 TB', 54),
(589, '355', 54),
(590, '355 Spider', 54),
(591, '360 Spider', 54),
(592, '385', 54),
(593, '456', 54),
(594, '456 MGT', 54),
(595, '458 italia', 54),
(596, '550 Maranello', 54),
(597, '575 Maranello', 54),
(598, '599 GTB', 54),
(599, 'Berlinetta', 54),
(600, 'California', 54),
(601, 'Coupe', 54),
(602, 'F 355', 54),
(603, 'F 430', 54),
(604, 'FF', 54),
(605, 'Huracan', 54),
(606, 'Laforza', 54),
(607, 'Maranello', 54),
(608, 'Modena 360', 54),
(609, 'Scaglietti 612', 54),
(610, 'Scuderia 430', 54),
(611, 'Spider F 430', 54),
(612, 'Testarossa', 54),
(613, 'TR 512', 54),
(614, '1100', 55),
(615, '1500', 55),
(616, '500', 55),
(617, '550 C', 55),
(618, 'Abarth', 55),
(619, 'Bretchel', 53),
(620, 'Caravan', 53),
(621, 'Coupe', 53),
(622, 'Fiorino', 53),
(623, 'Pachte', 53),
(624, 'Pick-up', 53),
(625, 'PUNTO', 53),
(626, 'Turbo', 53),
(627, 'Aerostar', 56),
(628, 'Ambulance', 56),
(629, 'Bronco', 56),
(630, 'Bus', 56),
(631, 'Caravan', 56),
(632, 'Continental', 56),
(633, 'Cougar', 56),
(634, 'Coupe', 56),
(635, 'Crown Victoria', 56),
(636, 'Desel', 56),
(637, 'Edge', 56),
(638, 'Edsel', 56),
(639, 'Eleanor GT500', 56),
(640, 'Escape', 56),
(641, 'Excursion', 56),
(642, 'Expedition', 56),
(643, 'Explorer', 56),
(644, 'F1', 56),
(645, 'F600', 56),
(646, 'FairLane', 56),
(647, 'Falcon', 56),
(648, 'Fiesta', 56),
(649, 'figo', 56),
(650, 'Fireline', 56),
(651, 'five hundred', 56),
(652, 'Flex', 56),
(653, 'Focus', 56),
(654, 'Free Star', 56),
(655, 'Free Style', 56),
(656, 'Fusion', 56),
(657, 'Galaxie', 56),
(658, 'Grand Marquis', 56),
(659, 'GT', 56),
(660, 'Jeep', 56),
(661, 'Lightning', 56),
(662, 'Lightning SVT', 56),
(663, 'Lincoln', 56),
(664, 'LTD', 56),
(665, 'Maverick', 56),
(666, 'Mercury', 56),
(667, 'Milan', 56),
(668, 'Model A', 56),
(669, 'Mondeo', 56),
(670, 'Morder', 56),
(671, 'Mountaineer', 56),
(672, 'Mustang', 56),
(673, 'Mustang Boss 302', 56),
(674, 'Mustang Bullitt', 56),
(675, 'Mustang Cobra', 56),
(676, 'Mustang Convertible', 56),
(677, 'Mustang GT', 56),
(678, 'Mustang LX', 56),
(679, 'Mustang MACH1', 56),
(680, 'Mustang Premium', 56),
(681, 'Mustang Roush', 56),
(682, 'Mustang Saleen', 56),
(683, 'Mustang Shelby', 56),
(684, 'Navigator', 56),
(685, 'Pakem Half', 56),
(686, 'Pick Up', 56),
(687, 'Pick Up F 150', 56),
(688, 'Pick Up F 250', 56),
(689, 'Pick Up F 350', 56),
(690, 'Pick Up F 650', 56),
(691, 'Pick Up F 450', 56),
(692, 'Pick Up FX 150', 56),
(693, 'Ranchero', 56),
(694, 'Ranger', 56),
(695, 'Raptor', 56),
(696, 'Sable', 56),
(697, 'Shelby Cobra', 56),
(698, 'Shelby GT2500', 56),
(699, 'Splash', 56),
(700, 'Station', 56),
(701, 'T 330', 56),
(702, 'Taurus', 56),
(703, 'Thunderbird', 56),
(704, 'Transit', 56),
(705, 'Van', 56),
(706, 'Villager', 56),
(707, 'Wind Star', 56),
(708, 'Foton', 57),
(709, 'View', 57),
(710, 'Air Stream', 59),
(711, 'gs5', 60),
(712, 'Emgrand', 61),
(713, 'GS2', 61),
(714, 'Gx2', 61),
(715, 'GX720', 61),
(716, 'LC', 61),
(717, 'Panda', 61),
(718, 'Pick-up', 61),
(719, 'Acadia', 62),
(720, 'Astro Van', 62),
(721, 'Blazer', 62),
(722, 'Bus', 62),
(723, 'C 6500', 62),
(724, 'Canyon', 62),
(725, 'Caravan', 62),
(726, 'Crane', 62),
(727, 'Denali', 62),
(728, 'Denali XL', 62),
(729, 'Envoy', 62),
(730, 'Jimmy', 62),
(731, 'Pick up', 62),
(732, 'Pick up Z71', 62),
(733, 'Safari', 62),
(734, 'SAVANA', 62),
(735, 'Sierra', 62),
(736, 'Sierra Z71', 62),
(737, 'sprint', 62),
(738, 'Suburban', 62),
(739, 'Sunoma', 62),
(740, 'Syklone', 62),
(741, 'Terrain', 62),
(742, 'Truck', 62),
(743, 'Typhoon', 62),
(744, 'Van', 62),
(745, 'Veyrca', 62),
(746, 'Yukon', 62),
(747, 'Yukon SLT', 62),
(748, 'Yukon XL', 62),
(749, 'bus', 63),
(750, 'van', 63),
(751, 'Pick-up', 65),
(752, 'Victor', 65),
(753, 'Gordon', 66),
(754, 'Pick up', 67),
(755, 'GTI', 68),
(756, 'Hovercuv', 68),
(757, 'Pickup', 68),
(758, 'Minyi', 69),
(759, 'Family', 70),
(760, 'Hama 3', 70),
(761, 'Bus', 71),
(762, 'Pick-up', 71),
(763, 'Mini', 72),
(764, 'Accord', 73),
(765, 'Accord EX', 73),
(766, 'Accord Exi', 73),
(767, 'City', 73),
(768, 'Civic', 73),
(769, 'Civic si Turbo', 73),
(770, 'Civic Type R', 73),
(771, 'Crosstour', 73),
(772, 'CRV', 73),
(773, 'CRX', 73),
(774, 'Element', 73),
(775, 'genesis 380', 73),
(776, 'Integra', 73),
(777, 'Jazz', 73),
(778, 'Legend', 73),
(779, 'MRV', 73),
(780, 'NSX', 73),
(781, 'Odyssey', 73),
(782, 'Pick-up', 73),
(783, 'Pilot', 73),
(784, 'Prelude', 73),
(785, 'Ridgeline', 73),
(786, 'RSX', 73),
(787, 'S 2000', 73),
(788, 'Stream', 73),
(789, 'Vigor', 73),
(790, 'VRP', 73),
(791, 'Accord', 73),
(792, 'Accord EX', 73),
(793, 'Accord Exi', 73),
(794, 'City', 73),
(795, 'Civic', 73),
(796, 'Civic si Turbo', 73),
(797, 'Civic Type R', 73),
(798, 'Crosstour', 73),
(799, 'CRV', 73),
(800, 'CRX', 73),
(801, 'Element', 73),
(802, 'genesis 380', 73),
(803, 'Integra', 73),
(804, 'Jazz', 73),
(805, 'Legend', 73),
(806, 'MRV', 73),
(807, 'NSX', 73),
(808, 'Odyssey', 73),
(809, 'Pick-up', 73),
(810, 'Pilot', 73),
(811, 'Prelude', 73),
(812, 'Ridgeline', 73),
(813, 'RSX', 73),
(814, 'S 2000', 73),
(815, 'Stream', 73),
(816, 'Vigor', 73),
(817, 'VRP', 73),
(818, 'H1', 75),
(819, 'H1 SUT', 75),
(820, 'H2', 75),
(821, 'H2 SUT', 75),
(822, 'H3', 75),
(823, 'H3T', 75),
(824, 'Accent', 76),
(825, 'Atos', 76),
(826, 'Azera', 76),
(827, 'Bus', 76),
(828, 'Cadenza', 76),
(829, 'Centennial', 76),
(830, 'Coupe', 76),
(831, 'Elentra', 76),
(832, 'Excel', 76),
(833, 'Galoper', 76),
(834, 'Genesis', 76),
(835, 'Getz', 76),
(836, 'grandeur', 76),
(837, 'H1', 76),
(838, 'Half Lorry', 76),
(839, 'I10', 76),
(840, 'i30', 76),
(841, 'i40', 76),
(842, 'Matrix', 76),
(843, 'Mini Van', 76),
(844, 'Senta-FE', 76),
(845, 'Sonata', 76),
(846, 'Tarjet', 76),
(847, 'Terracan', 76),
(848, 'Tuscan', 76),
(849, 'veloster', 76),
(850, 'Veracruz', 76),
(851, 'Accent', 76),
(852, 'Atos', 76),
(853, 'Azera', 76),
(854, 'Bus', 76),
(855, 'Cadenza', 76),
(856, 'Centennial', 76),
(857, 'Coupe', 76),
(858, 'Elentra', 76),
(859, 'Excel', 76),
(860, 'Galoper', 76),
(861, 'Genesis', 76),
(862, 'Getz', 76),
(863, 'grandeur', 76),
(864, 'H1', 76),
(865, 'Half Lorry', 76),
(866, 'I10', 76),
(867, 'i30', 76),
(868, 'i40', 76),
(869, 'Matrix', 76),
(870, 'Mini Van', 76),
(871, 'Senta-FE', 76),
(872, 'Sonata', 76),
(873, 'Tarjet', 76),
(874, 'Terracan', 76),
(875, 'Tuscan', 76),
(876, 'veloster', 76),
(877, 'Veracruz', 76),
(878, 'EX 35', 77),
(879, 'EX 37', 77),
(880, 'FX 35', 77),
(881, 'FX 37', 77),
(882, 'FX 45', 77),
(883, 'FX 50', 77),
(884, 'FX 50 S', 77),
(885, 'FX 56', 77),
(886, 'G 25', 77),
(887, 'G 35', 77),
(888, 'G 35 S', 77),
(889, 'G 37', 77),
(890, 'G 37 S', 77),
(891, 'G 50 S', 77),
(892, 'JX35', 77),
(893, 'M 35', 77),
(894, 'M 37', 77),
(895, 'M 45', 77),
(896, 'M56', 77),
(897, 'M56S', 77),
(898, 'Mitsuoka', 77),
(899, 'Q 50 S', 77),
(900, 'Q 56', 77),
(901, 'Q 60', 77),
(902, 'Q45', 77),
(903, 'Q60S', 77),
(904, 'QX 70', 77),
(905, 'QX35', 77),
(906, 'QX4', 77),
(907, 'QX45', 77),
(908, 'QX50', 77),
(909, 'QX56', 77),
(910, 'QX60', 77),
(911, 'QX80', 77),
(912, 'MXT', 78),
(913, 'D-MAX', 79),
(914, 'Half-Lorry', 79),
(915, 'Pick Up', 79),
(916, 'Tropper', 79),
(917, 'DFM', 81),
(918, 'G2', 81),
(919, 'half lorry', 81),
(920, 'Diamler', 82),
(921, 'E Type', 82),
(922, 'Executive', 82),
(923, 'F-Type', 82),
(924, 'F-Type S', 82),
(925, 'GX', 82),
(926, 'Lailand', 82),
(927, 'Portfolio', 82),
(928, 'R-TYPE', 82),
(929, 'Sovergien', 82),
(930, 'S-TYPE', 82),
(931, 'Supercharger', 82),
(932, 'Surgeon', 82),
(933, 'SV8', 82),
(934, 'Vanden Plas', 82),
(935, 'Vouda Pal', 82),
(936, 'X16', 82),
(937, 'XF', 82),
(938, 'XF 76', 82),
(939, 'XFR', 82),
(940, 'XJ', 82),
(941, 'XJ6', 82),
(942, 'XJ6 LWB', 82),
(943, 'XJ6L', 82),
(944, 'XJ8', 82),
(945, 'XJ8L', 82),
(946, 'XJL', 82),
(947, 'XJR', 82),
(948, 'XJS', 82),
(949, 'XJS 12', 82),
(950, 'XJSC', 82),
(951, 'XK', 82),
(952, 'XK6', 82),
(953, 'XK8', 82),
(954, 'XKR', 82),
(955, 'XKRS', 82),
(956, 'XKS', 82),
(957, 'X-TYPE', 82),
(958, 'BJ', 83),
(959, 'Cherokee', 83),
(960, 'Cherokee Pick-up', 83),
(961, 'Commander', 83),
(962, 'Compass', 83),
(963, 'FireBird', 83),
(964, 'Grand Cherokee', 83),
(965, 'korando', 83),
(966, 'Patriot', 83),
(967, 'SRT8', 83),
(968, 'Wagoneer', 83),
(969, 'Willys', 83),
(970, 'Wrangler', 83),
(971, 'half lorry', 84),
(972, 'Truck', 86),
(973, 'Bus', 88),
(974, 'Cadenza', 88),
(975, 'Carens', 88),
(976, 'Carneval', 88),
(977, 'Cerato', 88),
(978, 'Clarus', 88),
(979, 'Fiat', 88),
(980, 'K 2700', 88),
(981, 'Mohave', 88),
(982, 'Opirus', 88),
(983, 'Optima', 88),
(984, 'Picanto', 88),
(985, 'Pregio', 88),
(986, 'Quoris', 88),
(987, 'Rio', 88),
(988, 'Sephia', 88),
(989, 'Shuma', 88),
(990, 'Sorento', 88),
(991, 'Soul', 88),
(992, 'Sportage', 88),
(993, 'van', 88),
(994, 'Station', 89),
(995, 'Aventador', 90),
(996, 'Countach', 90),
(997, 'Diablo', 90),
(998, 'Espada', 90),
(999, 'Gallardo', 90),
(1000, 'Huracan', 90),
(1001, 'LM 129', 90),
(1002, 'LP 640', 90),
(1003, 'Murcielago', 90),
(1004, 'Capa', 91),
(1005, 'Defender 110', 92),
(1006, 'Defender 90', 92),
(1007, 'Discovery', 92),
(1008, 'Free Lander', 92),
(1009, 'Jeep', 92),
(1010, 'LR2', 92),
(1011, 'LR3', 92),
(1012, 'LR4', 92),
(1013, 'CT200h', 93),
(1014, 'ES 250', 93),
(1015, 'ES 300', 93),
(1016, 'ES 350', 93),
(1017, 'GS 250', 93),
(1018, 'GS 300', 93),
(1019, 'GS 350', 93),
(1020, 'GS 400', 93),
(1021, 'GS 430', 93),
(1022, 'GS 450 H', 93),
(1023, 'GS 460', 93),
(1024, 'GX 460', 93),
(1025, 'GX 470', 93),
(1026, 'IS 200', 93),
(1027, 'IS 250', 93),
(1028, 'IS 300', 93),
(1029, 'IS 300 C', 93),
(1030, 'IS 350', 93),
(1031, 'IS 360 C', 93),
(1032, 'IS F', 93),
(1033, 'LS 400', 93),
(1034, 'LS 430', 93),
(1035, 'LS 460', 93),
(1036, 'LS 460 L', 93),
(1037, 'LS 600 HL', 93),
(1038, 'LX 470', 93),
(1039, 'LX 570', 93),
(1040, 'RC 350', 93),
(1041, 'RC F', 93),
(1042, 'RX 300', 93),
(1043, 'RX 330', 93),
(1044, 'RX 350', 93),
(1045, 'SC 300', 93),
(1046, 'SC 400', 93),
(1047, 'SC 430', 93),
(1048, 'Be up', 94),
(1049, 'Cartier', 95),
(1050, 'Continental', 95),
(1051, 'limousine', 95),
(1052, 'LS', 95),
(1053, 'Mark LT', 95),
(1054, 'MKS', 95),
(1055, 'MKT', 95),
(1056, 'MKX', 95),
(1057, 'MKZ', 95),
(1058, 'Navigator', 95),
(1059, 'Pick-Up', 95),
(1060, 'Town Car', 95),
(1061, 'Zephyr', 95),
(1062, '211', 96),
(1063, 'Elise', 96),
(1064, 'evora', 96),
(1065, 'Exige', 96),
(1066, 'TGA 410', 97),
(1067, 'TGA19.360', 97),
(1068, '3000GT', 99),
(1069, '3200GT', 99),
(1070, '4200GT', 99),
(1071, 'Corsa', 99),
(1072, 'Coupe', 99),
(1073, 'Ghibli', 99),
(1074, 'Gran Sport', 99),
(1075, 'Gran Turismo', 99),
(1076, 'Gran Turismo S', 99),
(1077, 'GranCabrio', 99),
(1078, 'Quattroporte', 99),
(1079, 'Shamal', 99),
(1080, 'Spyder', 99),
(1081, 'Spyder Cambiocorsa', 99),
(1082, '57', 100),
(1083, '57 S', 100),
(1084, '2', 101),
(1085, '3', 101),
(1086, '323', 101),
(1087, '323 RX2', 101),
(1088, '6', 101),
(1089, '626', 101),
(1090, '929', 101),
(1091, 'BT 50', 101),
(1092, 'Bus', 101),
(1093, 'CX-5', 101),
(1094, 'CX-7', 101),
(1095, 'CX-9', 101),
(1096, 'Half lorry', 101),
(1097, 'MBV', 101),
(1098, 'Miata', 101),
(1099, 'MX5', 101),
(1100, 'Pick Up', 101),
(1101, 'RX3', 101),
(1102, 'RX7 R1', 101),
(1103, 'RX8', 101),
(1104, 'Senthia', 101),
(1105, 'Tribute', 101),
(1106, 'Truck', 101),
(1107, 'XEDOS', 101),
(1108, 'Zoom 3', 101),
(1109, 'Zoom 6', 101),
(1110, 'Mp4-12c', 102),
(1111, '200 CE', 103),
(1112, '200 TE', 103),
(1113, '220 CE', 103),
(1114, '220 T', 103),
(1115, '220 TE', 103),
(1116, '230 CE', 103),
(1117, '230 S', 103),
(1118, '230 SE', 103),
(1119, '230 TE', 103),
(1120, '250 CE', 103),
(1121, '250 S', 103),
(1122, '250 SE', 103),
(1123, '260 SE', 103),
(1124, '280 CE', 103),
(1125, '280 SE', 103),
(1126, '280 SEL', 103),
(1127, '280 SLC', 103),
(1128, '280 TE', 103),
(1129, '300 CE', 103),
(1130, '300 SE', 103),
(1131, '300 SEC', 103),
(1132, '300 SEL', 103),
(1133, '300 SL', 103),
(1134, '300 TE', 103),
(1135, '320 CE', 103),
(1136, '320 E', 103),
(1137, '320 SE', 103),
(1138, '320 SEL', 103),
(1139, '320 SL', 103),
(1140, '320 TE', 103),
(1141, '380 SE', 103),
(1142, '380 SEC', 103),
(1143, '380 SEL', 103),
(1144, '380 SL', 103),
(1145, '380 SLC', 103),
(1146, '400 SE', 103),
(1147, '400 SEL', 103),
(1148, '420 SE', 103),
(1149, '420 SEC', 103),
(1150, '420 SEL', 103),
(1151, '420 SL', 103),
(1152, '450 SEL', 103),
(1153, '450 SEL 6.9', 103),
(1154, '450 SL', 103),
(1155, '450 SLC', 103),
(1156, '480 SL', 103),
(1157, '500 SE', 103),
(1158, '500 SEC', 103),
(1159, '500 SEL', 103),
(1160, '500SLC', 103),
(1161, '560 SEC', 103),
(1162, '560 SEL', 103),
(1163, '560 SL', 103),
(1164, '600 SEC', 103),
(1165, '600 SEL', 103),
(1166, '600 SL', 103),
(1167, 'A 140', 103),
(1168, 'A 160', 103),
(1169, 'A 170', 103),
(1170, 'A 180', 103),
(1171, 'A 250', 103),
(1172, 'A 45', 103),
(1173, 'Aktros 1840', 103),
(1174, 'B 170', 103),
(1175, 'B 200', 103),
(1176, 'B 350', 103),
(1177, 'Brabus', 103),
(1178, 'C 160', 103),
(1179, 'C 180', 103),
(1180, 'C 200', 103),
(1181, 'C 220', 103),
(1182, 'C 230', 103),
(1183, 'C 240', 103),
(1184, 'C 240 T', 103),
(1185, 'C 250', 103),
(1186, 'C 28 AMG', 103),
(1187, 'C 280', 103),
(1188, 'C 300', 103),
(1189, 'C 32 AMG', 103),
(1190, 'C 320', 103),
(1191, 'C 350', 103),
(1192, 'C 36 AMG', 103),
(1193, 'C 43 AMG', 103),
(1194, 'C 430 L', 103),
(1195, 'C 55 AMG', 103),
(1196, 'C 63 AMG', 103),
(1197, 'C 63 S', 103),
(1198, 'Caravan', 103),
(1199, 'CGI 250', 103),
(1200, 'CL 320', 103),
(1201, 'CL 420', 103),
(1202, 'CL 500', 103),
(1203, 'CL 55 AMG', 103),
(1204, 'CL 550', 103),
(1205, 'CL 600', 103),
(1206, 'CL 63 AMG', 103),
(1207, 'CL 65', 103),
(1208, 'CL 65 AMG', 103),
(1209, 'CL 65 RS', 103),
(1210, 'CL55', 103),
(1211, 'CLA 250', 103),
(1212, 'CLA 45', 103),
(1213, 'CLC 180', 103),
(1214, 'CLC 200', 103),
(1215, 'CLC 230', 103),
(1216, 'CLC 280', 103),
(1217, 'CLK', 103),
(1218, 'CLK 200', 103),
(1219, 'CLK 230', 103),
(1220, 'CLK 240', 103),
(1221, 'CLK 280', 103),
(1222, 'CLK 320', 103),
(1223, 'CLK 330', 103),
(1224, 'CLK 350', 103),
(1225, 'CLK 430', 103),
(1226, 'CLK 500', 103),
(1227, 'CLK 55', 103),
(1228, 'CLK 550', 103),
(1229, 'CLK 63 AMG', 103),
(1230, 'CLS 280', 103),
(1231, 'CLS 300', 103),
(1232, 'CLS 350', 103),
(1233, 'CLS 400', 103),
(1234, 'CLS 500', 103),
(1235, 'CLS 55 AMG', 103),
(1236, 'CLS 550', 103),
(1237, 'CLS 63 AMG', 103),
(1238, 'CLS 65', 103),
(1239, 'E 180', 103),
(1240, 'E 190', 103),
(1241, 'E 200', 103),
(1242, 'E 220', 103),
(1243, 'E 220 C', 103),
(1244, 'E 230', 103),
(1245, 'E 240', 103),
(1246, 'E 240T', 103),
(1247, 'E 250', 103),
(1248, 'E 260', 103),
(1249, 'E 280', 103),
(1250, 'E 280 T', 103),
(1251, 'E 300', 103),
(1252, 'E 320', 103),
(1253, 'E 350', 103),
(1254, 'E 400', 103),
(1255, 'E 420', 103),
(1256, 'E 430', 103),
(1257, 'E 50', 103),
(1258, 'E 500', 103),
(1259, 'E 55', 103),
(1260, 'E 550', 103),
(1261, 'E 63', 103),
(1262, 'EX 320', 103),
(1263, 'G 230', 103),
(1264, 'G 280', 103),
(1265, 'G 300', 103),
(1266, 'G 320', 103),
(1267, 'G 400', 103),
(1268, 'G 500', 103),
(1269, 'G 55 AMG', 103),
(1270, 'G 63 AMG', 103),
(1271, 'G350', 103),
(1272, 'Gazelle', 103),
(1273, 'GL 450', 103),
(1274, 'GL 500', 103),
(1275, 'GL 550', 103),
(1276, 'GLK 250', 103),
(1277, 'GLK 280', 103),
(1278, 'GLK 300', 103),
(1279, 'GLK 350', 103),
(1280, 'GTS', 103),
(1281, 'K 55', 103),
(1282, 'LB', 103),
(1283, 'Limousine', 103),
(1284, 'MB 100', 103),
(1285, 'ML 300', 103),
(1286, 'ML 320', 103),
(1287, 'ML 350', 103),
(1288, 'ML 400', 103),
(1289, 'ML 420', 103),
(1290, 'ML 430', 103),
(1291, 'ML 500', 103),
(1292, 'ML 63', 103),
(1293, 'ML 63 AMG', 103),
(1294, 'ML430', 103),
(1295, 'ML55', 103),
(1296, 'R 280', 103),
(1297, 'R 300', 103),
(1298, 'R 350', 103),
(1299, 'R 350 L', 103),
(1300, 'R 500', 103),
(1301, 'S 170', 103),
(1302, 'S 220', 103),
(1303, 'S 280', 103),
(1304, 'S 300', 103),
(1305, 'S 300 L', 103),
(1306, 'S 320', 103),
(1307, 'S 320 L', 103),
(1308, 'S 350', 103),
(1309, 'S 350 L', 103),
(1310, 'S 400', 103),
(1311, 'S 420', 103),
(1312, 'S 420 L', 103),
(1313, 'S 430', 103),
(1314, 'S 430 L', 103),
(1315, 'S 450 L', 103),
(1316, 'S 500', 103),
(1317, 'S 500 L', 103),
(1318, 'S 55', 103),
(1319, 'S 550', 103),
(1320, 'S 550 L', 103),
(1321, 'S 560', 103),
(1322, 'S 600', 103),
(1323, 'S 600 L', 103),
(1324, 'S 63 AMG', 103),
(1325, 'S 65 AMG', 103),
(1326, 'S400L', 103),
(1327, 'SL 230', 103),
(1328, 'SL 280', 103),
(1329, 'SL 320', 103),
(1330, 'SL 350', 103),
(1331, 'SL 400', 103),
(1332, 'SL 500', 103),
(1333, 'SL 55', 103),
(1334, 'SL 55 AMG', 103),
(1335, 'SL 550', 103),
(1336, 'SL 58 AMG', 103),
(1337, 'SL 63 AMG', 103),
(1338, 'SL 65 AMG', 103),
(1339, 'SL Carlsson', 103),
(1340, 'SLK 200', 103),
(1341, 'SLK 230', 103),
(1342, 'SLK 240', 103),
(1343, 'SLK 250', 103),
(1344, 'SLK 280', 103),
(1345, 'SLK 32', 103),
(1346, 'SLK 320', 103),
(1347, 'SLK 350', 103),
(1348, 'SLK 55', 103),
(1349, 'SLR', 103),
(1350, 'SLR 722', 103),
(1351, 'SLS', 103),
(1352, 'SLS 6.3 AMG', 103),
(1353, 'Sprinter', 103),
(1354, 'Truck', 103),
(1355, 'V 230', 103),
(1356, 'V 280', 103),
(1357, 'Van', 103),
(1358, 'Viano', 103),
(1359, 'Vito', 103),
(1360, 'W115', 103),
(1361, 'Water Truck', 103),
(1362, 'Grand Marquis', 104),
(1363, 'Marauder', 104),
(1364, 'Mariner', 104),
(1365, 'Milan', 104),
(1366, 'Montego', 104),
(1367, 'MOUNTAINEER', 104),
(1368, 'Mystique', 104),
(1369, '550S-T', 105),
(1370, '6', 105),
(1371, '750', 105),
(1372, 'Classic', 105),
(1373, 'Clubman', 106),
(1374, 'Cooper', 106),
(1375, 'Cooper GP', 106),
(1376, 'Cooper S', 106),
(1377, 'Countryman', 106),
(1378, 'Countryman S', 106),
(1379, 'Limited', 106),
(1380, 'Minor', 106),
(1381, 'moke', 106),
(1382, 'One', 106),
(1383, 'PACEMAN', 106),
(1384, 'Rover', 106),
(1385, 'galue', 107),
(1386, 'Orochi', 107),
(1387, 'ASX', 108),
(1388, 'Attrage', 108),
(1389, 'Bus', 108),
(1390, 'Canter', 108),
(1391, 'Colt', 108),
(1392, 'Eclipse', 108),
(1393, 'Evolution', 108),
(1394, 'fortis', 108),
(1395, 'Galant', 108),
(1396, 'Grandis', 108),
(1397, 'GT 3000', 108),
(1398, 'GT 3500', 108),
(1399, 'Half-Lorry', 108),
(1400, 'Lancer', 108),
(1401, 'Lancer EX', 108),
(1402, 'Lancer GT', 108),
(1403, 'Magna', 108),
(1404, 'Magna VR-X', 108),
(1405, 'Mirage', 108),
(1406, 'Monetero', 108),
(1407, 'Nativa', 108),
(1408, 'Outlander', 108),
(1409, 'Pajero', 108),
(1410, 'Pajero io', 108),
(1411, 'Pick Up', 108),
(1412, 'Sigma', 108),
(1413, 'Space Wagon', 108),
(1414, 'Starion', 108),
(1415, 'Station', 108),
(1416, 'Van', 108),
(1417, 'Z 7', 108),
(1418, 'Zinger', 108),
(1419, 'Areo 8', 109),
(1420, '240 Z', 110),
(1421, '240 ZX', 110),
(1422, '260 ZX', 110),
(1423, '280 ZX', 110),
(1424, '300 Turbo', 110),
(1425, '300 ZX', 110),
(1426, '370s Nismo', 110),
(1427, 'Altima', 110),
(1428, 'Armada', 110),
(1429, 'Bluebird', 110),
(1430, 'Bus', 110),
(1431, 'Cedric', 110),
(1432, 'Coast', 110),
(1433, 'Gloria', 110),
(1434, 'GT', 110),
(1435, 'GTR', 110),
(1436, 'GTR-34', 110),
(1437, 'Infinity', 110),
(1438, 'Juke', 110),
(1439, 'Laurel', 110),
(1440, 'Maxima', 110),
(1441, 'Micra', 110),
(1442, 'Murano', 110),
(1443, 'NAVARA', 110),
(1444, 'Paladin', 110),
(1445, 'Pathfinder', 110),
(1446, 'Patrol', 110),
(1447, 'Pick Up', 110),
(1448, 'President', 110),
(1449, 'Priemiera', 110),
(1450, 'Qashqai', 110),
(1451, 'Quest', 110),
(1452, 'Safari', 110),
(1453, 'Sentra', 110),
(1454, 'Silvia', 110),
(1455, 'Sky Line', 110),
(1456, 'Sky Line GT', 110),
(1457, 'Sky Line GTR', 110),
(1458, 'Sunny', 110),
(1459, 'Super Safari', 110),
(1460, 'Tida', 110),
(1461, 'Titan', 110),
(1462, 'Twin Turbo', 110),
(1463, 'van', 110),
(1464, 'Xterra', 110),
(1465, 'X-TRIL', 110),
(1466, 'Z 350', 110),
(1467, 'Z 370', 110),
(1468, 'M 400', 111),
(1469, '442', 112),
(1470, '88', 112),
(1471, '89', 112),
(1472, '98', 112),
(1473, 'Blazer', 112),
(1474, 'Cutlass', 112),
(1475, 'Cutlass442', 112),
(1476, 'Delta', 112),
(1477, 'Delta 88', 112),
(1478, 'Gto', 112),
(1479, 'Supreme', 112),
(1480, 'Torando', 112),
(1481, 'Estra', 113),
(1482, 'GTS', 113),
(1483, 'MV6', 113),
(1484, 'Omega', 113),
(1485, 'Rekord', 113),
(1486, 'Signum', 113),
(1487, 'Vectra', 113),
(1488, '206', 114),
(1489, '206 cc', 114),
(1490, '206 GTi', 114),
(1491, '206 rc', 114),
(1492, '207 cc', 114),
(1493, '207 rc', 114),
(1494, '3008', 114),
(1495, '300cc', 114),
(1496, '301', 114),
(1497, '306 XR', 114),
(1498, '307', 114),
(1499, '307cc', 114),
(1500, '308', 114),
(1501, '308 cc', 114),
(1502, '350 LH', 114),
(1503, '405 GL', 114),
(1504, '406', 114),
(1505, '407', 114),
(1506, '504', 114),
(1507, '505', 114),
(1508, '505 GL', 114),
(1509, '505 GR', 114),
(1510, '508', 114),
(1511, '605', 114),
(1512, '607', 114),
(1513, 'Partner', 114),
(1514, 'RCZ', 114),
(1515, 'Barracuda', 115),
(1516, 'Gran Fury', 115),
(1517, 'GTX', 115),
(1518, 'Prowler', 115),
(1519, 'Road Runner', 115),
(1520, 'Van', 115),
(1521, 'Voyger', 115),
(1522, 'Ranger', 116),
(1523, 'RZRS', 116),
(1524, 'Aztec', 117),
(1525, 'Beaumont', 117),
(1526, 'Bonovielle', 117),
(1527, 'Catalina', 117),
(1528, 'Fire Bird', 117),
(1529, 'Formula', 117),
(1530, 'Grand M', 117),
(1531, 'Grand Prix', 117),
(1532, 'GTO', 117),
(1533, 'LMNS', 117),
(1534, 'Montana', 117),
(1535, 'Parisienne', 117),
(1536, 'Solstice', 117),
(1537, 'Trans M', 117),
(1538, 'Transport', 117),
(1539, 'Ventura', 117),
(1540, '3.6 Turbo', 118),
(1541, '336', 118),
(1542, '911', 118),
(1543, '911 Turbo', 118),
(1544, '928', 118),
(1545, '928 GTS', 118),
(1546, '928 S4', 118),
(1547, '944', 118),
(1548, '964 RSR', 118),
(1549, '968', 118),
(1550, '996 GT3', 118),
(1551, '996 Turbo', 118),
(1552, 'Boxter', 118),
(1553, 'Boxter S', 118),
(1554, 'Carmen', 118),
(1555, 'Carrera', 118),
(1556, 'Carrera 2', 118),
(1557, 'Carrera 2 cabriolet', 118),
(1558, 'Carrera 4', 118),
(1559, 'Carrera 4S', 118),
(1560, 'Carrera 4X', 118),
(1561, 'Carrera 911', 118),
(1562, 'carrera 993', 118),
(1563, 'Carrera 996', 118),
(1564, 'Carrera GT', 118),
(1565, 'Carrera S', 118),
(1566, 'Cayenne', 118),
(1567, 'Cayenne 4S', 118),
(1568, 'Cayenne Gemballa', 118),
(1569, 'Cayenne GTS', 118),
(1570, 'Cayenne Hamann', 118),
(1571, 'Cayenne S', 118),
(1572, 'Cayenne Turbo', 118),
(1573, 'Cayenne Turbo GTS', 118),
(1574, 'Cayenne Turbo S', 118),
(1575, 'Cayman', 118),
(1576, 'Cayman S', 118),
(1577, 'Flat Nose', 118),
(1578, 'Gemballa', 118),
(1579, 'GT2', 118),
(1580, 'GT3', 118),
(1581, 'GT3 Cup', 118),
(1582, 'GT3 Kit', 118),
(1583, 'GTS', 118),
(1584, 'GTZ', 118),
(1585, 'Macans', 118),
(1586, 'Magnum', 118),
(1587, 'Panamera', 118),
(1588, 'Panamera 4', 118),
(1589, 'Panamera 4S', 118),
(1590, 'Panamera GTS', 118),
(1591, 'Panamera S', 118),
(1592, 'Panamera Turbo', 118),
(1593, 'Super 1600', 118),
(1594, 'Targa', 118),
(1595, 'Targa 4', 118),
(1596, 'Targa S4', 118),
(1597, 'Turbo', 118),
(1598, 'Turbo 993', 118),
(1599, 'Turbo 997', 118),
(1600, 'Turbo S', 118),
(1601, 'Turbo X50', 118),
(1602, 'Twin Turbo', 118),
(1603, '1.8 GTi', 119),
(1604, 'Gen 2', 119),
(1605, 'GTi', 119),
(1606, 'Pick Up', 119),
(1607, 'Wira', 119),
(1608, 'Dom', 120),
(1609, 'Excel', 120),
(1610, 'Kawazaki', 120),
(1611, 'Sandraill', 120),
(1612, 'Qutter Ham', 121),
(1613, 'Local Motors', 122),
(1614, '4.6', 123),
(1615, 'Auto Biography', 123),
(1616, 'Autobiography Sport', 123),
(1617, 'Evoque', 123),
(1618, 'Holland and Holland', 123),
(1619, 'HSE 4.4', 123),
(1620, 'HSE 4.6', 123),
(1621, 'HSE 5.0', 123),
(1622, 'HST', 123),
(1623, 'Sport', 123),
(1624, 'Sport Charger', 123),
(1625, 'Sport HSE', 123),
(1626, 'SUPER CHARGE', 123),
(1627, 'Vogue', 123),
(1628, 'Vogue 4.2', 123),
(1629, 'Vouge SE', 123),
(1630, 'Vouge Supercharged', 123),
(1631, 'West Chester', 123),
(1632, '25', 124),
(1633, 'cinic', 124),
(1634, 'Clio', 124),
(1635, 'Clio Sport', 124),
(1636, 'Espace', 124),
(1637, 'Fluence', 124),
(1638, 'GTS', 124),
(1639, 'Kangoo', 124),
(1640, 'Koleos', 124),
(1641, 'Laguna', 124),
(1642, 'Megane', 124),
(1643, 'Safran', 124),
(1644, 'Vel Satis', 124),
(1645, '25', 124),
(1646, 'cinic', 124),
(1647, 'Clio', 124),
(1648, 'Clio Sport', 124),
(1649, 'Espace', 124),
(1650, 'Fluence', 124),
(1651, 'GTS', 124),
(1652, 'Kangoo', 124),
(1653, 'Koleos', 124),
(1654, 'Laguna', 124),
(1655, 'Megane', 124),
(1656, 'Safran', 124),
(1657, 'Vel Satis', 124),
(1658, 'Bently', 126),
(1659, 'Camargue', 126),
(1660, 'Cambridge', 126),
(1661, 'Corniche', 126),
(1662, 'Drophead', 126),
(1663, 'Ghost', 126),
(1664, 'Phantom', 126),
(1665, 'Silver Raith', 126),
(1666, 'Silver Seraph', 126),
(1667, 'Silver Shadow', 126),
(1668, 'Silver Spirit', 126),
(1669, 'Silver Sport', 126),
(1670, 'Sport 111', 126),
(1671, 'Wraith', 126),
(1672, '75', 127),
(1673, '827 Si', 127),
(1674, 'MG', 127),
(1675, 'Stearling', 127),
(1676, '900', 128),
(1677, '9000CS', 128),
(1678, '901', 128),
(1679, '93', 128),
(1680, '95', 128),
(1681, 'Aero 93', 128),
(1682, 'Aero 95', 128),
(1683, 'Griffin', 128),
(1684, 'Turbo X', 128),
(1685, 'Sabre', 129),
(1686, 'Actyon', 131),
(1687, 'Chairman', 131),
(1688, 'Korando', 131),
(1689, 'Kyron', 131),
(1690, 'Musso', 131),
(1691, 'Re-Xton', 131),
(1692, 'Rodius', 131),
(1693, '500', 132),
(1694, 'Alhambra', 132),
(1695, 'Altea', 132),
(1696, 'Cordooba', 132),
(1697, 'Exeo', 132),
(1698, 'IBIZA', 132),
(1699, 'Inca', 132),
(1700, 'Inca-Combi', 132),
(1701, 'Leon', 132),
(1702, 'Toledo', 132),
(1703, 'Fabia', 133),
(1704, 'Octavia', 133),
(1705, 'Roomster', 133),
(1706, 'Superb', 133),
(1707, 'Fabia', 133),
(1708, 'Octavia', 133),
(1709, 'Roomster', 133),
(1710, 'Superb', 133),
(1711, 'Saturn', 134),
(1712, '550 Maranello', 135),
(1713, 'Brabus', 135),
(1714, 'Limited', 135),
(1715, 'Roadster', 135),
(1716, 'BRZ', 136),
(1717, 'Forester', 136),
(1718, 'Impreza', 136),
(1719, 'Impreza WRX', 136),
(1720, 'Legacy', 136),
(1721, 'Outback', 136),
(1722, 'STi', 136),
(1723, 'SVX', 136),
(1724, 'Tribeca', 136),
(1725, 'WRX Turbo', 136),
(1726, 'BRZ', 136),
(1727, 'Forester', 136),
(1728, 'Impreza', 136),
(1729, 'Impreza WRX', 136),
(1730, 'Legacy', 136),
(1731, 'Outback', 136),
(1732, 'STi', 136),
(1733, 'SVX', 136),
(1734, 'Tribeca', 136),
(1735, 'WRX Turbo', 136),
(1736, 'Bus', 137),
(1737, 'alto', 138),
(1738, 'APV', 138),
(1739, 'Balino', 138),
(1740, 'Bus', 138),
(1741, 'Carry', 138),
(1742, 'Celerio', 138),
(1743, 'Darkart Tornado', 138),
(1744, 'Grand Vitara', 138),
(1745, 'IGNIS', 138),
(1746, 'Jimmeny', 138),
(1747, 'Jimmy', 138),
(1748, 'Kizashi', 138),
(1749, 'Liana', 138),
(1750, 'Pick up', 138),
(1751, 'Samurai', 138),
(1752, 'Sarad 1000', 138),
(1753, 'Sj 413 jx', 138),
(1754, 'Swift', 138),
(1755, 'SX4', 138),
(1756, 'Van', 138),
(1757, 'Vitara', 138),
(1758, 'X-90', 138),
(1759, 'XL7', 138),
(1760, 'Bus', 140),
(1761, 'Truck', 140),
(1762, 'TX4', 141),
(1763, 'Classic', 142),
(1764, 'Delivery', 143),
(1765, 'Excel4', 143),
(1766, '4 runner', 144),
(1767, 'Alphard', 144),
(1768, 'Aurion', 144),
(1769, 'Avallon', 144),
(1770, 'Avanza', 144),
(1771, 'Bus', 144),
(1772, 'Camry', 144),
(1773, 'Camry Grandy', 144),
(1774, 'Celica', 144),
(1775, 'COASTER', 144),
(1776, 'Corola', 144),
(1777, 'Corona', 144),
(1778, 'Cressida', 144),
(1779, 'Cressida GL', 144),
(1780, 'Cressida GTX', 144),
(1781, 'Cressida XL', 144),
(1782, 'Crown', 144),
(1783, 'Echo', 144),
(1784, 'FJ Cruiser', 144),
(1785, 'Fortuner', 144),
(1786, 'FT-86', 144),
(1787, 'GX', 144),
(1788, 'Half Lorry', 144),
(1789, 'Hiace', 144),
(1790, 'Highlander', 144),
(1791, 'Hilux', 144),
(1792, 'Innova', 144),
(1793, 'iQ', 144),
(1794, 'Jeep', 144),
(1795, 'Land Cruiser', 144),
(1796, 'Land Cruiser GXR', 144),
(1797, 'Land Cruiser VXR', 144),
(1798, 'LC G Standard', 144),
(1799, 'MR2', 144),
(1800, 'Pick up', 144),
(1801, 'Prado', 144),
(1802, 'Previa', 144),
(1803, 'Rav 4', 144),
(1804, 'Senia', 144),
(1805, 'Sequoia', 144),
(1806, 'Siera', 144),
(1807, 'Solara', 144),
(1808, 'Starlet', 144),
(1809, 'Supra', 144),
(1810, 'Tacoma', 144),
(1811, 'TD', 144),
(1812, 'Tercel', 144),
(1813, 'Truck', 144),
(1814, 'Tundra', 144),
(1815, 'Turbo', 144),
(1816, 'venza', 144),
(1817, 'XA', 144),
(1818, 'Yaris', 144),
(1819, 'Zelas', 144),
(1820, 'Bajaj', 145),
(1821, 'Bajaj', 145),
(1822, '', 146),
(1823, '1600', 147),
(1824, 'Amarok', 147),
(1825, 'Beetle', 147),
(1826, 'Bora', 147),
(1827, 'Caddy', 147),
(1828, 'Caravan LT 28', 147),
(1829, 'Caravelle', 147),
(1830, 'Carmen', 147),
(1831, 'CC', 147),
(1832, 'Corrado', 147),
(1833, 'Eos', 147),
(1834, 'Golf', 147),
(1835, 'Gti', 147),
(1836, 'Jerjel', 147),
(1837, 'Jetta', 147),
(1838, 'Multi-Van', 147),
(1839, 'Passat', 147),
(1840, 'Passat CC', 147),
(1841, 'Phaeton', 147),
(1842, 'Polo', 147),
(1843, 'Quad Bike', 147),
(1844, 'R 20', 147),
(1845, 'R 32', 147),
(1846, 'R 36', 147),
(1847, 'Scirocco', 147),
(1848, 'SHARAN', 147),
(1849, 'SR32', 147),
(1850, 'Tiguan', 147),
(1851, 'Touareg', 147),
(1852, 'touran', 147),
(1853, 'Transporter', 147),
(1854, 'Van', 147),
(1855, '244', 148),
(1856, '740', 148),
(1857, '760 GLE', 148),
(1858, '850', 148),
(1859, '850 GLT', 148),
(1860, '940', 148),
(1861, '940 GLE', 148),
(1862, '940 Turbo', 148),
(1863, '950', 148),
(1864, '960', 148),
(1865, 'Bus', 148),
(1866, 'C 30', 148),
(1867, 'C 40', 148),
(1868, 'C 60', 148),
(1869, 'C 70', 148),
(1870, 'C 80', 148),
(1871, 'N 12', 148),
(1872, 'S 122', 148),
(1873, 'S 30', 148),
(1874, 'S 40', 148),
(1875, 'S 60', 148),
(1876, 'S 60 R', 148),
(1877, 'S 70', 148),
(1878, 'S 80', 148),
(1879, 'S 90', 148),
(1880, 'Truck', 148),
(1881, 'Turbo', 148),
(1882, 'V 50', 148),
(1883, 'V 70 XC', 148),
(1884, 'XC 70', 148),
(1885, 'XC 90', 148),
(1886, 'XC60', 148),
(1887, 'Cross', 149),
(1888, 'VX', 149),
(1889, 'GT', 150),
(1890, 'MF3', 150),
(1891, 'GT', 150),
(1892, 'MF3', 150),
(1893, 'Half Lorry', 151),
(1894, 'Stalyon', 152),
(1895, 'Travis', 153),
(1896, 'Nomad', 155);

-- --------------------------------------------------------

--
-- Table structure for table `model_variant`
--

CREATE TABLE IF NOT EXISTS `model_variant` (
  `model_variant_id` int(11) NOT NULL,
  `name` varchar(255) NOT NULL
) ENGINE=InnoDB AUTO_INCREMENT=5627 DEFAULT CHARSET=latin1;

--
-- Dumping data for table `model_variant`
--

INSERT INTO `model_variant` (`model_variant_id`, `name`) VALUES
(1, 'Automatic'),
(2, 'Coupe 370Z'),
(3, 'Hybrid'),
(4, 'SH-AWD AT'),
(5, 'SH-AWD MT'),
(6, 'Supersports'),
(7, 'Supersports ISR C'),
(8, 'TDI SE'),
(9, 'TDI SE with Sun. & Nav'),
(10, 'TDI SE with Sunroof'),
(11, 'TDI SEL Premium'),
(12, 'V12 Coupe'),
(13, 'V8 Coupe'),
(14, 'V8 Coupe S'),
(15, '!'),
(16, '! 4dr Wagon (2.0L 4cyl 6A)'),
(17, '+'),
(18, '+ 4dr Wagon (2.0L 4cyl 6A)'),
(19, '+ Automatic'),
(20, '0.4'),
(21, '0.4 72 Skipper'),
(22, '0.5'),
(23, '0.6'),
(24, '0.6 700 AP'),
(25, '0.6 Automatic'),
(26, '0.6 Cabriolet'),
(27, '0.7'),
(28, '0.7 Automatic'),
(29, '0.7 Coupe'),
(30, '0.7 Junior'),
(31, '0.7 Roadster'),
(32, '0.8'),
(33, '0.8 Automatic'),
(34, '0.8 D Cabriolet'),
(35, '0.8 S'),
(36, '0.8 T'),
(37, '0.9'),
(38, '1'),
(39, '1.0'),
(40, '1.0 3-Door'),
(41, '1.0 5-Door'),
(42, '1.0 8'),
(43, '1.0 Automatic'),
(44, '1.0 AWD'),
(45, '1.0 C'),
(46, '1.0 Coupe'),
(47, '1.0 CS'),
(48, '1.0 CX'),
(49, '1.0 CX Automatic'),
(50, '1.0 CX Turbo'),
(51, '1.0 CXL'),
(52, '1.0 CXL Automatic'),
(53, '1.0 D'),
(54, '1.0 Diesel'),
(55, '1.0 Eco'),
(56, '1.0 Eco Easytronic'),
(57, '1.0 F'),
(58, '1.0 Filou'),
(59, '1.0 Fire'),
(60, '1.0 Furio'),
(61, '1.0 GL'),
(62, '1.0 HB T1'),
(63, '1.0 HLE'),
(64, '1.0 L'),
(65, '1.0 L Automatic'),
(66, '1.0 MMT'),
(67, '1.0 Play'),
(68, '1.0 Plus'),
(69, '1.0 Plus Automatic'),
(70, '1.0 Prima'),
(71, '1.0 S'),
(72, '1.0 Saloon'),
(73, '1.0 SE'),
(74, '1.0 Sol'),
(75, '1.0 Sol MMT'),
(76, '1.0 Stella'),
(77, '1.0 Style'),
(78, '1.0 Style Automatic'),
(79, '1.0 SX'),
(80, '1.0 T'),
(81, '1.0 TDi Ambiente'),
(82, '1.0 Top'),
(83, '1.0 Twinport'),
(84, '1.0 VVT-i'),
(85, '1.0 X-Line'),
(86, '1.05 CL'),
(87, '1.0i'),
(88, '1.1'),
(89, '1.1 110 Berlinette'),
(90, '1.1 3 Door'),
(91, '1.1 5 Door'),
(92, '1.1 Advance'),
(93, '1.1 Automatic'),
(94, '1.1 B Coupe'),
(95, '1.1 C'),
(96, '1.1 C Estate'),
(97, '1.1 Cabriolet'),
(98, '1.1 City'),
(99, '1.1 Classic'),
(100, '1.1 Club'),
(101, '1.1 Comfort'),
(102, '1.1 Comfort Automatic'),
(103, '1.1 CRDi'),
(104, '1.1 Estate'),
(105, '1.1 EX'),
(106, '1.1 EX Automatic'),
(107, '1.1 Filou'),
(108, '1.1 GL'),
(109, '1.1 GLS'),
(110, '1.1 GLS Automatic'),
(111, '1.1 GR'),
(112, '1.1 Inform'),
(113, '1.1 Junior'),
(114, '1.1 L'),
(115, '1.1 LX'),
(116, '1.1 LX Automatic'),
(117, '1.1 Ol'),
(118, '1.1 Ol Automatic'),
(119, '1.1 Passion'),
(120, '1.1 Passion Automatic'),
(121, '1.1 Prime'),
(122, '1.1 Pulse'),
(123, '1.1 Pulse Automatic'),
(124, '1.1 Station Wagon'),
(125, '1.1 Turnier'),
(126, '1.1 X'),
(127, '1.1 XR'),
(128, '1.1i'),
(129, '1.2'),
(130, '1.2 16V'),
(131, '1.2 16V Active'),
(132, '1.2 16V Argento'),
(133, '1.2 16V Campus'),
(134, '1.2 16V Platino'),
(135, '1.2 2'),
(136, '1.2 3 Door'),
(137, '1.2 4WD'),
(138, '1.2 4x4'),
(139, '1.2 5 Door'),
(140, '1.2 60PS'),
(141, '1.2 70PS'),
(142, '1.2 8V'),
(143, '1.2 8V Argento'),
(144, '1.2 Active'),
(145, '1.2 Argento'),
(146, '1.2 Authentique'),
(147, '1.2 Automatic'),
(148, '1.2 B Coupe'),
(149, '1.2 C'),
(150, '1.2 Cabriolet'),
(151, '1.2 Campus'),
(152, '1.2 Classic'),
(153, '1.2 Classic Combi'),
(154, '1.2 Climbing'),
(155, '1.2 Climbing 4x4'),
(156, '1.2 D'),
(157, '1.2 D Caravan'),
(158, '1.2 D Justy'),
(159, '1.2 Dynamic'),
(160, '1.2 Dynamic Automatic'),
(161, '1.2 Dynamique'),
(162, '1.2 ED'),
(163, '1.2 EL'),
(164, '1.2 ELX'),
(165, '1.2 Espresso Van'),
(166, '1.2 Expression'),
(167, '1.2 Fire'),
(168, '1.2 Fire Automatic'),
(169, '1.2 Fun'),
(170, '1.2 Gas'),
(171, '1.2 Giardinetta'),
(172, '1.2 GLX'),
(173, '1.2 GLX Automatic'),
(174, '1.2 Go'),
(175, '1.2 Hatchback'),
(176, '1.2 Highline'),
(177, '1.2 HTP'),
(178, '1.2 HTP Classic'),
(179, '1.2 HTP Classic Combi'),
(180, '1.2 HTP Sedan Classic'),
(181, '1.2 HTTP Classic'),
(182, '1.2 i-Vtec'),
(183, '1.2 LS'),
(184, '1.2 MT'),
(185, '1.2 Natural Power'),
(186, '1.2 Natural Power Automatic'),
(187, '1.2 Platino'),
(188, '1.2 Reference'),
(189, '1.2 Rosso'),
(190, '1.2 S'),
(191, '1.2 S Automatic'),
(192, '1.2 S2'),
(193, '1.2 Saloon'),
(194, '1.2 SE'),
(195, '1.2 Season'),
(196, '1.2 Sedan'),
(197, '1.2 Sport'),
(198, '1.2 Sport Automatic'),
(199, '1.2 Station Wagon'),
(200, '1.2 Stella'),
(201, '1.2 SX80'),
(202, '1.2 TCE'),
(203, '1.2 TDI'),
(204, '1.2 TDI 75PS'),
(205, '1.2 TDI BlueMotion'),
(206, '1.2 TFSi'),
(207, '1.2 TFSi Automatic'),
(208, '1.2 TFSi Convertible'),
(209, '1.2 TFSi Convertible Automatic'),
(210, '1.2 TFSi Sportback'),
(211, '1.2 TFSi Sportback Automatic'),
(212, '1.2 Trekking'),
(213, '1.2 Trekking 4x4'),
(214, '1.2 Trendline'),
(215, '1.2 Trofeo'),
(216, '1.2 TSI'),
(217, '1.2 TSI 3 Door'),
(218, '1.2 TSI 5 Door'),
(219, '1.2 TSI Cabriolet'),
(220, '1.2 TSI Estate'),
(221, '1.2 Twinport'),
(222, '1.2 Twinport Automatic'),
(223, '1.2 Va Va Voom'),
(224, '1.2 Vibe'),
(225, '1.2 Visia'),
(226, '1.25'),
(227, '1.25 Ambiente'),
(228, '1.25 Comfort'),
(229, '1.25i Comfort'),
(230, '1.2i Comfort'),
(231, '1.2i RN'),
(232, '1.3'),
(233, '1.3 110 Berlinette'),
(234, '1.3 16V Multijet'),
(235, '1.3 16V Multijet Argento'),
(236, '1.3 16V Multijet Platino'),
(237, '1.3 16V Multijet Trofeo'),
(238, '1.3 2'),
(239, '1.3 3 Door'),
(240, '1.3 4WD'),
(241, '1.3 4WD Automatic'),
(242, '1.3 5 Door'),
(243, '1.3 Active'),
(244, '1.3 Ambiente'),
(245, '1.3 Automatic'),
(246, '1.3 Break'),
(247, '1.3 C'),
(248, '1.3 Cabriolet'),
(249, '1.3 Cabriolet Club'),
(250, '1.3 CDTi'),
(251, '1.3 CDTi Automatic'),
(252, '1.3 CDTi Caravan'),
(253, '1.3 CDTI Easytronic'),
(254, '1.3 CDTI Ecoflex'),
(255, '1.3 CDTi TwinTop'),
(256, '1.3 CDTi TwinTop Automatic'),
(257, '1.3 City'),
(258, '1.3 Classic'),
(259, '1.3 Club'),
(260, '1.3 Collection'),
(261, '1.3 Comfort'),
(262, '1.3 Coupe'),
(263, '1.3 CXL Automatic'),
(264, '1.3 D'),
(265, '1.3 D 4x4'),
(266, '1.3 D Caravan'),
(267, '1.3 D Coupe'),
(268, '1.3 D SUV'),
(269, '1.3 DDiS Club'),
(270, '1.3 Diesel'),
(271, '1.3 DL'),
(272, '1.3 DRD'),
(273, '1.3 DVVTi'),
(274, '1.3 Eco AWD'),
(275, '1.3 Endura E Budget'),
(276, '1.3 Estate'),
(277, '1.3 Family'),
(278, '1.3 Fastback'),
(279, '1.3 Fastback Automatic'),
(280, '1.3 G3X 4WD'),
(281, '1.3 gb'),
(282, '1.3 Giardinetta'),
(283, '1.3 GL'),
(284, '1.3 GL Automatic'),
(285, '1.3 GL Hatchback'),
(286, '1.3 GL Hatchback Automatic'),
(287, '1.3 GLS'),
(288, '1.3 GLS Automatic'),
(289, '1.3 GLX Sedan'),
(290, '1.3 GLXi'),
(291, '1.3 gs'),
(292, '1.3 GSi'),
(293, '1.3 gt'),
(294, '1.3 GTi'),
(295, '1.3 GTti'),
(296, '1.3 GXi'),
(297, '1.3 Hatch'),
(298, '1.3 Hatchback'),
(299, '1.3 HB T3'),
(300, '1.3 HB T3 Spirit'),
(301, '1.3 Inform'),
(302, '1.3 JTD 16V Active'),
(303, '1.3 JTD Active'),
(304, '1.3 JTD Dynamic'),
(305, '1.3 JTD M-Jet Dynamic'),
(306, '1.3 JTD Multijet Dynamic'),
(307, '1.3 Junior'),
(308, '1.3 Junior Z'),
(309, '1.3 L'),
(310, '1.3 L Estate'),
(311, '1.3 Liftback'),
(312, '1.3 LS'),
(313, '1.3 LSi'),
(314, '1.3 LX'),
(315, '1.3 M-Jet Dynamic'),
(316, '1.3 M-Jet Trofeo'),
(317, '1.3 Mayfair'),
(318, '1.3 Mulitijet Dynamic'),
(319, '1.3 Multi-Jet Active'),
(320, '1.3 Multijet'),
(321, '1.3 Multijet 16V Oro'),
(322, '1.3 Multijet 16V Oro Automatic'),
(323, '1.3 Multijet 16V Trofeo'),
(324, '1.3 Multijet 4WD'),
(325, '1.3 Multijet 4x4'),
(326, '1.3 Multijet Active'),
(327, '1.3 Multijet Argento'),
(328, '1.3 Multijet Automatic'),
(329, '1.3 Multijet D Dynamic'),
(330, '1.3 Multijet Dynamic'),
(331, '1.3 Multijet Oro'),
(332, '1.3 Multijet Oro Automatic'),
(333, '1.3 Multijet Platino'),
(334, '1.3 Multijet Trofeo'),
(335, '1.3 MZR'),
(336, '1.3 Passion'),
(337, '1.3 Passion Automatic'),
(338, '1.3 Plus'),
(339, '1.3 Plus Automatic'),
(340, '1.3 Pulse'),
(341, '1.3 Pulse Automatic'),
(342, '1.3 Pur'),
(343, '1.3 Pur Automatic'),
(344, '1.3 Pure'),
(345, '1.3 Pure Automatic'),
(346, '1.3 R Turbo 4WD'),
(347, '1.3 Royal'),
(348, '1.3 RS'),
(349, '1.3 S'),
(350, '1.3 S 4WD Automatic'),
(351, '1.3 S Automatic'),
(352, '1.3 Saloon'),
(353, '1.3 SD T3'),
(354, '1.3 SD T3 Spirit'),
(355, '1.3 Sedan'),
(356, '1.3 Si'),
(357, '1.3 Si Automatic'),
(358, '1.3 Sol'),
(359, '1.3 Sport'),
(360, '1.3 SportAutomatic'),
(361, '1.3 Sportwagon'),
(362, '1.3 Sportwagon 4x4'),
(363, '1.3 Sprint'),
(364, '1.3 Station Wagon'),
(365, '1.3 Station Wagon Automatic'),
(366, '1.3 SX'),
(367, '1.3 T3'),
(368, '1.3 TDCi'),
(369, '1.3 Turbo'),
(370, '1.3 Turnier'),
(371, '1.3 Turnier Automatic'),
(372, '1.3 U'),
(373, '1.3 U 4WD'),
(374, '1.3 VVT-i'),
(375, '1.3 VVT-i Automatic'),
(376, '1.3 Zagato'),
(377, '1.3i'),
(378, '1.3i Automatic'),
(379, '1.3i Flite'),
(380, '1.3i GS Cabriolet'),
(381, '1.3i Hatchback'),
(382, '1.3i L'),
(383, '1.3i LX'),
(384, '1.3i Sport Automatic'),
(385, '1.3i XL'),
(386, '1.3i XLT'),
(387, '1.3i-DSi Vtec Hybrid'),
(388, '1.3iL'),
(389, '1.3S Coupe'),
(390, '1.4'),
(391, '1.4 16V'),
(392, '1.4 16V Active'),
(393, '1.4 16V Ambiente'),
(394, '1.4 16V Ambiente Combi'),
(395, '1.4 16V Argento'),
(396, '1.4 16V Authentique'),
(397, '1.4 16V Berline'),
(398, '1.4 16V Classic'),
(399, '1.4 16V Coupe Advance'),
(400, '1.4 16V Coupe Advance Automatic'),
(401, '1.4 16V Expression'),
(402, '1.4 16V MPI'),
(403, '1.4 16V Oro'),
(404, '1.4 16V Oro Automatic'),
(405, '1.4 16V Platino'),
(406, '1.4 16V Reference'),
(407, '1.4 16V Sensodrive Confort'),
(408, '1.4 16V SX'),
(409, '1.4 16V SX Automatic'),
(410, '1.4 16V Trend'),
(411, '1.4 2'),
(412, '1.4 3 Door'),
(413, '1.4 3 Door Automatic'),
(414, '1.4 5 Door'),
(415, '1.4 5 Door Automatic'),
(416, '1.4 510'),
(417, '1.4 75 Filou'),
(418, '1.4 75 Filou Automatic'),
(419, '1.4 75 Petit Filou'),
(420, '1.4 90 Filou'),
(421, '1.4 90 Grand Filou Cool'),
(422, '1.4 90 Tendance'),
(423, '1.4 A10'),
(424, '1.4 Abarth'),
(425, '1.4 Accenta'),
(426, '1.4 Accenta Plus'),
(427, '1.4 Accenta Sport'),
(428, '1.4 Acenta'),
(429, '1.4 Active'),
(430, '1.4 Actual'),
(431, '1.4 Advance'),
(432, '1.4 Advanced'),
(433, '1.4 Ambiente'),
(434, '1.4 Ambiente Combi'),
(435, '1.4 Argento'),
(436, '1.4 Authentique'),
(437, '1.4 Automatic'),
(438, '1.4 Break'),
(439, '1.4 Break Grand Filou'),
(440, '1.4 C'),
(441, '1.4 C Limousine Luna'),
(442, '1.4 Cabriolet'),
(443, '1.4 Caravan'),
(444, '1.4 CD Active'),
(445, '1.4 CD Active Automatic'),
(446, '1.4 CD Comfort'),
(447, '1.4 CD Comfort Automatic'),
(448, '1.4 CD Exclusive'),
(449, '1.4 CL'),
(450, '1.4 Classic'),
(451, '1.4 Classic Combi'),
(452, '1.4 Classic Sedan'),
(453, '1.4 Club'),
(454, '1.4 CNG'),
(455, '1.4 Combi'),
(456, '1.4 Comfort'),
(457, '1.4 Comfort Combi'),
(458, '1.4 Comfort Sedan'),
(459, '1.4 Comfortline'),
(460, '1.4 Confort'),
(461, '1.4 Confort Automatic'),
(462, '1.4 Coupe'),
(463, '1.4 CRDI'),
(464, '1.4 CRDI 3 Door'),
(465, '1.4 CRDI 5 Door'),
(466, '1.4 CVVT'),
(467, '1.4 CVVT SW'),
(468, '1.4 D'),
(469, '1.4 D 3-Door'),
(470, '1.4 D 5-Door'),
(471, '1.4 D Automatic'),
(472, '1.4 D Break'),
(473, '1.4 D Combi'),
(474, '1.4 D Pluriel'),
(475, '1.4 D Sedan'),
(476, '1.4 D-4D'),
(477, '1.4 D-4D Automatic'),
(478, '1.4 D-4D C'),
(479, '1.4 D-4D Sol'),
(480, '1.4 DDiS'),
(481, '1.4 DDiS Comfort'),
(482, '1.4 DI Turbo'),
(483, '1.4 DI Turbo Automatic'),
(484, '1.4 Diesel'),
(485, '1.4 DLS'),
(486, '1.4 Dynamic'),
(487, '1.4 Dynamique'),
(488, '1.4 E'),
(489, '1.4 Elegance'),
(490, '1.4 Enjoy'),
(491, '1.4 Enjoy Flex-Fix'),
(492, '1.4 ES Sport'),
(493, '1.4 Essentia'),
(494, '1.4 Exclusive'),
(495, '1.4 Express'),
(496, '1.4 Expression'),
(497, '1.4 Filou 75'),
(498, '1.4 Filou HDi Eco'),
(499, '1.4 Fire'),
(500, '1.4 Fire Automatic'),
(501, '1.4 Fresh'),
(502, '1.4 Fresh Automatic'),
(503, '1.4 FSi'),
(504, '1.4 FSI Comfortline'),
(505, '1.4 FSi Fun'),
(506, '1.4 FSi GT'),
(507, '1.4 FSi Highline'),
(508, '1.4 FSi Sportline'),
(509, '1.4 Fun'),
(510, '1.4 Gas'),
(511, '1.4 Giardinetta'),
(512, '1.4 GL'),
(513, '1.4 GLS'),
(514, '1.4 GLX'),
(515, '1.4 Grand Filou'),
(516, '1.4 Grand Filou 75'),
(517, '1.4 Grand Filou 88'),
(518, '1.4 Grandtour Authentique'),
(519, '1.4 GSX'),
(520, '1.4 GT'),
(521, '1.4 GTi'),
(522, '1.4 Hatchback'),
(523, '1.4 HDI'),
(524, '1.4 HDi 16V Exclusive'),
(525, '1.4 HDi 70 Advance'),
(526, '1.4 HDi 70 Advance Automatic'),
(527, '1.4 HDi 70 Filou'),
(528, '1.4 HDi Advance'),
(529, '1.4 HDi Eco Petit Filou'),
(530, '1.4 HDi Filou'),
(531, '1.4 HDi SX Plus'),
(532, '1.4 HDi X'),
(533, '1.4 HDi X-TR'),
(534, '1.4 High'),
(535, '1.4 High Automatic'),
(536, '1.4 Highline'),
(537, '1.4 Highspec'),
(538, '1.4 HTP'),
(539, '1.4 HTP Classic Combi'),
(540, '1.4 i-Vtec'),
(541, '1.4 i-Vtec Automatic'),
(542, '1.4 L'),
(543, '1.4 L Estate'),
(544, '1.4 LE'),
(545, '1.4 Life'),
(546, '1.4 Liftback'),
(547, '1.4 Liftback Automatic'),
(548, '1.4 Limousine'),
(549, '1.4 Limousine Comfortline'),
(550, '1.4 Lite'),
(551, '1.4 Lite Sport'),
(552, '1.4 LS'),
(553, '1.4 LSi'),
(554, '1.4 LT'),
(555, '1.4 LX'),
(556, '1.4 LX Automatic'),
(557, '1.4 Man'),
(558, '1.4 MCV'),
(559, '1.4 Moi Edition'),
(560, '1.4 MPI'),
(561, '1.4 Multispace Exec'),
(562, '1.4 Multispace Plus'),
(563, '1.4 Multispace Plus Bivalent'),
(564, '1.4 Multiwagon'),
(565, '1.4 Multix'),
(566, '1.4 Natural Power'),
(567, '1.4 Platino'),
(568, '1.4 Pluriel'),
(569, '1.4 Pluriel HDi 70'),
(570, '1.4 Pluriel Style'),
(571, '1.4 PopArt'),
(572, '1.4 Privilege Automatic'),
(573, '1.4 R1'),
(574, '1.4 Reference'),
(575, '1.4 RT'),
(576, '1.4 S'),
(577, '1.4 S Playa'),
(578, '1.4 Saloon'),
(579, '1.4 Scout'),
(580, '1.4 SE'),
(581, '1.4 SE Gas'),
(582, '1.4 Sedan'),
(583, '1.4 Sedan Ambiente'),
(584, '1.4 Sedan Classic'),
(585, '1.4 SL'),
(586, '1.4 Sol'),
(587, '1.4 Sol Combi'),
(588, '1.4 Spacelight'),
(589, '1.4 Sport'),
(590, '1.4 Sport Comfort'),
(591, '1.4 Sportline'),
(592, '1.4 SR'),
(593, '1.4 SS1'),
(594, '1.4 Station Wagon'),
(595, '1.4 Stella'),
(596, '1.4 Style'),
(597, '1.4 Style Automatic'),
(598, '1.4 Supercharged'),
(599, '1.4 Supercharged Automatic'),
(600, '1.4 SX'),
(601, '1.4 SX Automatic'),
(602, '1.4 SX Plus'),
(603, '1.4 SX Plus Senso Drive'),
(604, '1.4 SX Plus SensoDrive'),
(605, '1.4 SX Sedan'),
(606, '1.4 SX Sedan Automatic'),
(607, '1.4 T-Jet'),
(608, '1.4 T-Jet Active'),
(609, '1.4 T-Jet Dynamic'),
(610, '1.4 T-Jet Sport'),
(611, '1.4 T. Spark'),
(612, '1.4 TB'),
(613, '1.4 TB 16V'),
(614, '1.4 TB MultiAir'),
(615, '1.4 TB MultiAir TCT'),
(616, '1.4 TDCi'),
(617, '1.4 TDCi Ambiente'),
(618, '1.4 TDCi Trend'),
(619, '1.4 TDI'),
(620, '1.4 TDI BlueMotion Sedan'),
(621, '1.4 TDI Classic'),
(622, '1.4 TDI Classic Combi'),
(623, '1.4 TDI Classic Comfortline'),
(624, '1.4 TDI Classic Sedan'),
(625, '1.4 TDI Comfortline'),
(626, '1.4 TDi Ecomotive'),
(627, '1.4 TDi Fun'),
(628, '1.4 TDi GT'),
(629, '1.4 TDi GT Automatic'),
(630, '1.4 TDI Highline'),
(631, '1.4 TDI PD Stella'),
(632, '1.4 TDi PD Style'),
(633, '1.4 TDi Reference'),
(634, '1.4 TDI Sedan Classic'),
(635, '1.4 TDI Stella'),
(636, '1.4 TDi Trendline'),
(637, '1.4 TDI-PD Limousine Comfortline'),
(638, '1.4 Tekna'),
(639, '1.4 TFSi'),
(640, '1.4 TFSi Automatic'),
(641, '1.4 TFSi Sportback'),
(642, '1.4 TFSi Sportback Automatic'),
(643, '1.4 Tour'),
(644, '1.4 Trend'),
(645, '1.4 Trendline'),
(646, '1.4 TSI'),
(647, '1.4 TSI 2WD'),
(648, '1.4 TSI 3 Door'),
(649, '1.4 TSI 4Motion'),
(650, '1.4 TSI 5 Door'),
(651, '1.4 TSI Automatic'),
(652, '1.4 TSI BlueMotion Estate'),
(653, '1.4 TSI Cabriolet'),
(654, '1.4 TSI Estate'),
(655, '1.4 Turbo'),
(656, '1.4 Turbo 2'),
(657, '1.4 Turbo D'),
(658, '1.4 Turnier Ambiente'),
(659, '1.4 Twinport'),
(660, '1.4 TwinTop'),
(661, '1.4 TwinTop Automatic'),
(662, '1.4 Va Va Voom'),
(663, '1.4 Variant'),
(664, '1.4 Visia'),
(665, '1.4 Viva'),
(666, '1.4 VTi'),
(667, '1.4 VTR'),
(668, '1.4 VVT-i'),
(669, '1.4 VVT-i Limousine'),
(670, '1.4 VVTi'),
(671, '1.4 Weekend'),
(672, '1.4 X-Line'),
(673, '1.4 X-Space'),
(674, '1.4 X-Space Adventure'),
(675, '1.4 X-TR'),
(676, '1.4 XR'),
(677, '1.4 XR HDi'),
(678, '1.4 XS'),
(679, '1.4 XS HDi'),
(680, '1.4 XT'),
(681, '1.4 XTR'),
(682, '1.4 Zetec SE'),
(683, '1.4 Zetec SE Estate'),
(684, '1.4D'),
(685, '1.4i'),
(686, '1.4i Advance'),
(687, '1.4i Classici Trendline'),
(688, '1.4i DSi'),
(689, '1.4i DSI CVT'),
(690, '1.4i Exclusive'),
(691, '1.4i Furio'),
(692, '1.4i GLS Station Wagon'),
(693, '1.4i HDi'),
(694, '1.4i HDi Furio'),
(695, '1.4i LS'),
(696, '1.4i S'),
(697, '1.4i S Classic'),
(698, '1.4i Saloon'),
(699, '1.4i SE'),
(700, '1.4i Sport'),
(701, '1.4i Sport Automatic'),
(702, '1.4i Station Wagon'),
(703, '1.4i Trend'),
(704, '1.4i VTR'),
(705, '1.4i X'),
(706, '1.4i Zetec SE Trend'),
(707, '1.4L'),
(708, '1.5'),
(709, '1.5 110 Berlinette'),
(710, '1.5 1500'),
(711, '1.5 3 Door'),
(712, '1.5 3 Door Automatic'),
(713, '1.5 4x4'),
(714, '1.5 5 Door'),
(715, '1.5 5 Door Automatic'),
(716, '1.5 Aria'),
(717, '1.5 Automatic'),
(718, '1.5 Break'),
(719, '1.5 Break Automatic'),
(720, '1.5 Cabriolet'),
(721, '1.5 CDX'),
(722, '1.5 CDX Automatic'),
(723, '1.5 CL'),
(724, '1.5 Club'),
(725, '1.5 Club Sport'),
(726, '1.5 Comfort'),
(727, '1.5 Comfort Four Grip'),
(728, '1.5 Coupe'),
(729, '1.5 Coupe Automatic'),
(730, '1.5 CRDi'),
(731, '1.5 CRDi GLS'),
(732, '1.5 CRDi HS'),
(733, '1.5 CRDi VGT'),
(734, '1.5 CRTD GSI'),
(735, '1.5 CZ3 Invite'),
(736, '1.5 CZ3 Invite Automatic'),
(737, '1.5 D'),
(738, '1.5 D 60 Cambridge'),
(739, '1.5 D Automatic'),
(740, '1.5 D E Break'),
(741, '1.5 D Estate'),
(742, '1.5 D Scenic'),
(743, '1.5 D Variant'),
(744, '1.5 dCi'),
(745, '1.5 DCi 70'),
(746, '1.5 DCi 85'),
(747, '1.5 dCi Accenta'),
(748, '1.5 dCi Acenta'),
(749, '1.5 dCi Authentique'),
(750, '1.5 dCi Automatic'),
(751, '1.5 dCi Avantage'),
(752, '1.5 dCi AWD'),
(753, '1.5 dCi Comfort Dynamique'),
(754, '1.5 dCi Emotion'),
(755, '1.5 dCi ESP'),
(756, '1.5 DCi Express 1.5'),
(757, '1.5 dCi Grandtour Authentique'),
(758, '1.5 dCi Grandtour Avantage'),
(759, '1.5 DCi Kaleido'),
(760, '1.5 dCi MCV'),
(761, '1.5 dCi Privilge'),
(762, '1.5 dCi Techna'),
(763, '1.5 dCi Tekna'),
(764, '1.5 dCi Visia'),
(765, '1.5 DDiS'),
(766, '1.5 DDiS Club'),
(767, '1.5 DDiS Comfort'),
(768, '1.5 DI-D Invite'),
(769, '1.5 DI-D Invite Automatic'),
(770, '1.5 Diesel'),
(771, '1.5 EX'),
(772, '1.5 Four Grip Club'),
(773, '1.5 Giardinetta'),
(774, '1.5 gl'),
(775, '1.5 GLE Automatic'),
(776, '1.5 GLi'),
(777, '1.5 GLS'),
(778, '1.5 GLS Automatic'),
(779, '1.5 GLX'),
(780, '1.5 GLX Automatic'),
(781, '1.5 GS'),
(782, '1.5 gt'),
(783, '1.5 GTi'),
(784, '1.5 Hatch'),
(785, '1.5 Hatchback'),
(786, '1.5 IE'),
(787, '1.5 Individual'),
(788, '1.5 Interplay-X'),
(789, '1.5 Invite'),
(790, '1.5 L'),
(791, '1.5 Li'),
(792, '1.5 Liftback'),
(793, '1.5 Liftback Automatic'),
(794, '1.5 Liftback S'),
(795, '1.5 Liftback S Automatic'),
(796, '1.5 LS'),
(797, '1.5 LS Automatic'),
(798, '1.5 LS Hatch'),
(799, '1.5 LT'),
(800, '1.5 LT Hatch'),
(801, '1.5 MK IV'),
(802, '1.5 MVi'),
(803, '1.5 MZR'),
(804, '1.5 Passion'),
(805, '1.5 Prima GLX'),
(806, '1.5 Pulse'),
(807, '1.5 Pulse Automatic'),
(808, '1.5 Ralliart 3 Door'),
(809, '1.5 Ralliart 5 Door'),
(810, '1.5 RS'),
(811, '1.5 RS Automatic'),
(812, '1.5 S'),
(813, '1.5 S Automatic'),
(814, '1.5 S Coupe'),
(815, '1.5 S Selecta'),
(816, '1.5 S2'),
(817, '1.5 Saloon'),
(818, '1.5 SC'),
(819, '1.5 Sedan'),
(820, '1.5 Sedan Automatic'),
(821, '1.5 Sedan S'),
(822, '1.5 Sport'),
(823, '1.5 Sport Automatic'),
(824, '1.5 Sprint'),
(825, '1.5 Station Wagon'),
(826, '1.5 SX'),
(827, '1.5 Sylphy'),
(828, '1.5 Sylphy Automatic'),
(829, '1.5 TI QV'),
(830, '1.5 Top'),
(831, '1.5 Touring'),
(832, '1.5 Touring Automatic'),
(833, '1.5 TS'),
(834, '1.5 TX'),
(835, '1.5 V4'),
(836, '1.5 Variant'),
(837, '1.5 VGT CRDi'),
(838, '1.5 Visia'),
(839, '1.5 VTEC'),
(840, '1.5 VTEC CVT'),
(841, '1.5 Weekend'),
(842, '1.5 X'),
(843, '1.5 X 4WD'),
(844, '1.5D'),
(845, '1.5i'),
(846, '1.5i 2115 Saloon'),
(847, '1.5i 4WD'),
(848, '1.5i 4WD Automatic'),
(849, '1.5i 4x4'),
(850, '1.5i 4x4 Automatic'),
(851, '1.5i Automatic'),
(852, '1.5i GLX'),
(853, '1.5i Hatchback'),
(854, '1.5i Sport'),
(855, '1.5i Sport Automatic'),
(856, '1.5i Top'),
(857, '1.5i Visia'),
(858, '1.5S'),
(859, '1.6'),
(860, '1.6 110 2-tronic Premium'),
(861, '1.6 110 Berlinette'),
(862, '1.6 110 Grand Filou Cool'),
(863, '1.6 110 Tendance'),
(864, '1.6 16V'),
(865, '1.6 16V Emotion'),
(866, '1.6 16V Expression'),
(867, '1.6 16V Limited 4WD'),
(868, '1.6 16V Limited 4x4'),
(869, '1.6 16V Natural Power'),
(870, '1.6 16V Style'),
(871, '1.6 16V SX Plus'),
(872, '1.6 16V SX Plus Automatic'),
(873, '1.6 16V Trend'),
(874, '1.6 16V Trend Automatic'),
(875, '1.6 16V Trofeo'),
(876, '1.6 16V VTR'),
(877, '1.6 16V VTR Coupe'),
(878, '1.6 16V VTR Plus'),
(879, '1.6 16V VTS'),
(880, '1.6 1Emotion'),
(881, '1.6 2-tronic'),
(882, '1.6 3 Door'),
(883, '1.6 3 Door Automatic'),
(884, '1.6 4WD'),
(885, '1.6 4WD Automatic'),
(886, '1.6 5 Door'),
(887, '1.6 5 Door Automatic'),
(888, '1.6 710'),
(889, '1.6 810'),
(890, '1.6 910'),
(891, '1.6 910 Automatic'),
(892, '1.6 A10'),
(893, '1.6 A10 Automatic'),
(894, '1.6 Acenta'),
(895, '1.6 Active'),
(896, '1.6 Active Multiwagon'),
(897, '1.6 Actual'),
(898, '1.6 Advanced'),
(899, '1.6 Advanced m-mt'),
(900, '1.6 Aerodeck'),
(901, '1.6 Ambiente'),
(902, '1.6 Ambiente Automatic'),
(903, '1.6 Attraction'),
(904, '1.6 Attraction Automatic'),
(905, '1.6 Authentique'),
(906, '1.6 Authentique 4x4'),
(907, '1.6 Automatic'),
(908, '1.6 AWD'),
(909, '1.6 Berline'),
(910, '1.6 Break'),
(911, '1.6 Break 110 Grand Filou Cool'),
(912, '1.6 Break Automatic'),
(913, '1.6 Break Grand Filou'),
(914, '1.6 Break Oxygo'),
(915, '1.6 C'),
(916, '1.6 C Coupe'),
(917, '1.6 C Karavan'),
(918, '1.6 C+C'),
(919, '1.6 Cabriolet'),
(920, '1.6 Caravan'),
(921, '1.6 Caravan Automatic'),
(922, '1.6 Caravan CNG'),
(923, '1.6 Caravan Easytronic'),
(924, '1.6 CC'),
(925, '1.6 CC 110 Filou'),
(926, '1.6 CC Coupe Cabriolet'),
(927, '1.6 CC Filou'),
(928, '1.6 CC HDI'),
(929, '1.6 CD Comfort'),
(930, '1.6 CD Diesel'),
(931, '1.6 CD Sport Comfort'),
(932, '1.6 CDi'),
(933, '1.6 CDX Automatic'),
(934, '1.6 Charme'),
(935, '1.6 CL'),
(936, '1.6 Classic'),
(937, '1.6 Classic Comfort'),
(938, '1.6 Classic Elegance'),
(939, '1.6 Clipper'),
(940, '1.6 Clipper Automatic'),
(941, '1.6 Club'),
(942, '1.6 CNG'),
(943, '1.6 Combi'),
(944, '1.6 Combi Automatic'),
(945, '1.6 Comfort'),
(946, '1.6 Comfort Automatic'),
(947, '1.6 Comfort Dynamique'),
(948, '1.6 Comfort Plus'),
(949, '1.6 Comfortline'),
(950, '1.6 Comfortline Automatic'),
(951, '1.6 Comfortline Tiptronic'),
(952, '1.6 Conceptline'),
(953, '1.6 Cosmo'),
(954, '1.6 Coupe'),
(955, '1.6 Coupe Automatic'),
(956, '1.6 Coupe Cabriolet'),
(957, '1.6 Coupe Cabriolet Authentique'),
(958, '1.6 Coupe Cabriolet Dynamique'),
(959, '1.6 CRDI'),
(960, '1.6 CS'),
(961, '1.6 CVVT'),
(962, '1.6 CVVT SW'),
(963, '1.6 D'),
(964, '1.6 D Automatic'),
(965, '1.6 D Berline'),
(966, '1.6 D D'),
(967, '1.6 D E Break'),
(968, '1.6 D Station Wagon'),
(969, '1.6 D Variant'),
(970, '1.6 D Wagon'),
(971, '1.6 DGT'),
(972, '1.6 Diesel'),
(973, '1.6 Dual VVT-i'),
(974, '1.6 Dual VVTi'),
(975, '1.6 Duratec'),
(976, '1.6 Duratorq'),
(977, '1.6 Dynamic'),
(978, '1.6 Dynamique'),
(979, '1.6 Dynamique Automatic'),
(980, '1.6 EcoBoost'),
(981, '1.6 EcoBoost Automatic'),
(982, '1.6 EL'),
(983, '1.6 Elegance'),
(984, '1.6 ELX'),
(985, '1.6 Emotion'),
(986, '1.6 Enjoy'),
(987, '1.6 ESP'),
(988, '1.6 ESP Dynamique'),
(989, '1.6 Esplanade'),
(990, '1.6 Essentia'),
(991, '1.6 Estate'),
(992, '1.6 ESX'),
(993, '1.6 EX'),
(994, '1.6 EX Automatic'),
(995, '1.6 Exclusive'),
(996, '1.6 Exclusive Automatic'),
(997, '1.6 Exclusive Senso Drive'),
(998, '1.6 Expression'),
(999, '1.6 Expression Automatic'),
(1000, '1.6 Expression Grandtour'),
(1001, '1.6 Fastback Automatic'),
(1002, '1.6 Filou 90'),
(1003, '1.6 Filou HDI'),
(1004, '1.6 FSI'),
(1005, '1.6 FSi Attraction'),
(1006, '1.6 FSi Automatic'),
(1007, '1.6 FSi Classic'),
(1008, '1.6 FSi Combi'),
(1009, '1.6 FSi Combi Automatic'),
(1010, '1.6 FSi Comfortline'),
(1011, '1.6 FSI Comfortline Automatic'),
(1012, '1.6 FSi Highline'),
(1013, '1.6 FSi Sportback Attraction'),
(1014, '1.6 FSI Sportline'),
(1015, '1.6 FSI Sportline Automatic'),
(1016, '1.6 FSI Trendline'),
(1017, '1.6 FSI Trendline Automatic'),
(1018, '1.6 FSI Variant'),
(1019, '1.6 GDI'),
(1020, '1.6 Ghia'),
(1021, '1.6 GL'),
(1022, '1.6 GL Estate'),
(1023, '1.6 GL Estate GL Automatic'),
(1024, '1.6 GLi'),
(1025, '1.6 GLS'),
(1026, '1.6 GLS Automatic'),
(1027, '1.6 GLS HS'),
(1028, '1.6 GLS HS Automatic'),
(1029, '1.6 GLX'),
(1030, '1.6 GLX Automatic'),
(1031, '1.6 Grand Filou'),
(1032, '1.6 Grand Filou Cool'),
(1033, '1.6 Grandtour Authentique'),
(1034, '1.6 Green Line'),
(1035, '1.6 GS'),
(1036, '1.6 GS Hatchback'),
(1037, '1.6 GSI'),
(1038, '1.6 GSi Automatic'),
(1039, '1.6 GTI'),
(1040, '1.6 GTR'),
(1041, '1.6 Hardtop'),
(1042, '1.6 Hatchback'),
(1043, '1.6 Hatchback Automatic'),
(1044, '1.6 HDI'),
(1045, '1.6 HDi 110'),
(1046, '1.6 HDi 110 Comfort'),
(1047, '1.6 HDi 110 Esplanade'),
(1048, '1.6 HDi 110 Grand Filou Cool'),
(1049, '1.6 HDi 110 Style'),
(1050, '1.6 HDi Advance'),
(1051, '1.6 HDi Automatic'),
(1052, '1.6 HDi Berline'),
(1053, '1.6 HDi Break 110 Grand Filou Cool'),
(1054, '1.6 HDi Coupe'),
(1055, '1.6 HDi FAP Break Tendance'),
(1056, '1.6 HDi FAP Esplanade'),
(1057, '1.6 HDi FAP Premium'),
(1058, '1.6 HDI FAP Style'),
(1059, '1.6 HDI FAP Style Automatic'),
(1060, '1.6 HDi FAP Tendance'),
(1061, '1.6 HDi FAP VTR Coupe'),
(1062, '1.6 HDI Sedan'),
(1063, '1.6 HDI Station Wagon'),
(1064, '1.6 HDi SW 110 Grand Filou Cool'),
(1065, '1.6 HDi VTR Coupe'),
(1066, '1.6 Highspec'),
(1067, '1.6 HL'),
(1068, '1.6 HS'),
(1069, '1.6 HS Automatic'),
(1070, '1.6 HS Man'),
(1071, '1.6 i MZ-CD'),
(1072, '1.6 i MZR'),
(1073, '1.6 IE'),
(1074, '1.6 Invite'),
(1075, '1.6 Joie De Vivre'),
(1076, '1.6 Junior'),
(1077, '1.6 Kombi'),
(1078, '1.6 L'),
(1079, '1.6 L Automatic'),
(1080, '1.6 L Hatch'),
(1081, '1.6 Li'),
(1082, '1.6 Life'),
(1083, '1.6 Liftback'),
(1084, '1.6 Liftback Automatic'),
(1085, '1.6 Limousine'),
(1086, '1.6 LS'),
(1087, '1.6 LS Automatic Hatch'),
(1088, '1.6 LS Hatch'),
(1089, '1.6 LS Sedan'),
(1090, '1.6 LS Wagon'),
(1091, '1.6 LT'),
(1092, '1.6 LT Hatch'),
(1093, '1.6 LT Sedan'),
(1094, '1.6 LT Wagon'),
(1095, '1.6 Luna'),
(1096, '1.6 Lux'),
(1097, '1.6 Lux Automatic'),
(1098, '1.6 LX'),
(1099, '1.6 LX Automatic'),
(1100, '1.6 LX Estate'),
(1101, '1.6 Man'),
(1102, '1.6 MCV'),
(1103, '1.6 MPI'),
(1104, '1.6 MPI Sportback'),
(1105, '1.6 Multijet'),
(1106, '1.6 Multijet Automatic'),
(1107, '1.6 Multispace'),
(1108, '1.6 Multispace Plus'),
(1109, '1.6 Natural'),
(1110, '1.6 Natural Power'),
(1111, '1.6 Natural Power Active'),
(1112, '1.6 OPC'),
(1113, '1.6 Original'),
(1114, '1.6 Pluriel Senso Drive Style'),
(1115, '1.6 Pluriel Sensodrive'),
(1116, '1.6 Premium'),
(1117, '1.6 Privilege'),
(1118, '1.6 Progression'),
(1119, '1.6 R1'),
(1120, '1.6 RC'),
(1121, '1.6 Reference'),
(1122, '1.6 Reverence'),
(1123, '1.6 Ritz'),
(1124, '1.6 RS'),
(1125, '1.6 RSI Coupe'),
(1126, '1.6 RT Automatic'),
(1127, '1.6 RT Cabriolet'),
(1128, '1.6 RXE Hatch Automatic'),
(1129, '1.6 S'),
(1130, '1.6 S 4dr Hatchback (1.6L 4cyl 5M)'),
(1131, '1.6 S 4dr Sedan (1.6L 4cyl 4A)'),
(1132, '1.6 S 4dr Sedan (1.6L 4cyl 5M)'),
(1133, '1.6 S Plus'),
(1134, '1.6 S Plus 4dr Hatchback (1.6L 4cyl CVT)'),
(1135, '1.6 S Plus 4dr Sedan (1.6L 4cyl CVT)'),
(1136, '1.6 S Sedan'),
(1137, '1.6 S Sedan CVT'),
(1138, '1.6 S3'),
(1139, '1.6 Saloon'),
(1140, '1.6 Scenic'),
(1141, '1.6 Scenic Automatic'),
(1142, '1.6 SE'),
(1143, '1.6 SE Automatic'),
(1144, '1.6 SE Gas'),
(1145, '1.6 SE Kombi'),
(1146, '1.6 SE Kombi Gas'),
(1147, '1.6 Sedan'),
(1148, '1.6 Sedan 4WD'),
(1149, '1.6 Sedan 4WD Automatic'),
(1150, '1.6 Sedan Automatic'),
(1151, '1.6 Sedan Special'),
(1152, '1.6 Senso Drive Exclusive'),
(1153, '1.6 Sensodrive'),
(1154, '1.6 Si'),
(1155, '1.6 Si Hatch'),
(1156, '1.6 SL'),
(1157, '1.6 SL 4dr Sedan (1.6L 4cyl CVT)'),
(1158, '1.6 SL Sedan'),
(1159, '1.6 Sol'),
(1160, '1.6 Sol Limousine'),
(1161, '1.6 Spacelight'),
(1162, '1.6 Special Edition'),
(1163, '1.6 Sport'),
(1164, '1.6 Sport Active'),
(1165, '1.6 Sport Dynamic'),
(1166, '1.6 Sport Exclusive'),
(1167, '1.6 Sport Exclusive Automatic'),
(1168, '1.6 Sport Original'),
(1169, '1.6 Sport Zagato'),
(1170, '1.6 Sportback Attraction'),
(1171, '1.6 Sportback Attraction Automatic'),
(1172, '1.6 Sporthatch'),
(1173, '1.6 Sportka'),
(1174, '1.6 Sportline'),
(1175, '1.6 Sportline Automatic'),
(1176, '1.6 Sprint Special'),
(1177, '1.6 SR'),
(1178, '1.6 SR Coupe'),
(1179, '1.6 SRi'),
(1180, '1.6 SS1'),
(1181, '1.6 Station Wagon'),
(1182, '1.6 Station Wagon Automatic'),
(1183, '1.6 Stella'),
(1184, '1.6 Streetka'),
(1185, '1.6 Stylance'),
(1186, '1.6 Style'),
(1187, '1.6 Super'),
(1188, '1.6 Super Estate'),
(1189, '1.6 Super Sport'),
(1190, '1.6 SV'),
(1191, '1.6 SV 4dr Hatchback (1.6L 4cyl CVT)'),
(1192, '1.6 SV 4dr Sedan (1.6L 4cyl CVT)'),
(1193, '1.6 SV Sedan'),
(1194, '1.6 SW 110 Grand Filou Cool'),
(1195, '1.6 SW HDi 110'),
(1196, '1.6 SX'),
(1197, '1.6 SX Automatic'),
(1198, '1.6 SX Gas'),
(1199, '1.6 SX Plus'),
(1200, '1.6 SX Plus Automatic'),
(1201, '1.6 T. Spark'),
(1202, '1.6 T.Spark'),
(1203, '1.6 T.Spark Eco Impression'),
(1204, '1.6 T.Spark Impression'),
(1205, '1.6 TDCI'),
(1206, '1.6 TDCi Ambiente'),
(1207, '1.6 TDCi Ambiente Automatic'),
(1208, '1.6 TDCi Econetic'),
(1209, '1.6 TDCi Trend'),
(1210, '1.6 TDCi Viva X'),
(1211, '1.6 TDi'),
(1212, '1.6 TDI 3 Door'),
(1213, '1.6 TDI 5 Door'),
(1214, '1.6 TDI Automatic'),
(1215, '1.6 TDI BlueMotion'),
(1216, '1.6 TDI BlueMotion 3 Door'),
(1217, '1.6 TDI BlueMotion 5 Door'),
(1218, '1.6 TDI BlueMotion Estate'),
(1219, '1.6 TDI BlueMotion Sedan'),
(1220, '1.6 TDI Cabriolet'),
(1221, '1.6 TDI Convertible'),
(1222, '1.6 TDI Convertible Automatic'),
(1223, '1.6 TDI Estate'),
(1224, '1.6 TDI Sportback'),
(1225, '1.6 TDI Sportback Automatic'),
(1226, '1.6 Tendance'),
(1227, '1.6 THP'),
(1228, '1.6 THP Sedan'),
(1229, '1.6 THP Station Wagon'),
(1230, '1.6 Ti-VCT'),
(1231, '1.6 Ti-VCT Ambiente'),
(1232, '1.6 Ti-VCT Trend'),
(1233, '1.6 Tour'),
(1234, '1.6 Tour Combi'),
(1235, '1.6 Trend'),
(1236, '1.6 Trend Automatic'),
(1237, '1.6 Trend Sedan'),
(1238, '1.6 Trendline'),
(1239, '1.6 Trendline Automatic'),
(1240, '1.6 Trofeo'),
(1241, '1.6 TS'),
(1242, '1.6 TS Eco Impression'),
(1243, '1.6 TS Impression'),
(1244, '1.6 Turbo'),
(1245, '1.6 Turbo Automatic'),
(1246, '1.6 Turbo Diesel'),
(1247, '1.6 Turnier'),
(1248, '1.6 Turnier Automatic'),
(1249, '1.6 Twin Spark'),
(1250, '1.6 Twin Spark Eco Impression'),
(1251, '1.6 Twin Spark Impression'),
(1252, '1.6 Twin Spark Progression'),
(1253, '1.6 Twinport'),
(1254, '1.6 Twinport Cabriolet'),
(1255, '1.6 Twinport Enjoy Caravan'),
(1256, '1.6 TwinTop'),
(1257, '1.6 Type R'),
(1258, '1.6 Variant'),
(1259, '1.6 Variant Automatic'),
(1260, '1.6 Verso'),
(1261, '1.6 Visia'),
(1262, '1.6 Viva'),
(1263, '1.6 Viva Automatic'),
(1264, '1.6 VTi'),
(1265, '1.6 VTI Sedan'),
(1266, '1.6 VTI Station Wagon'),
(1267, '1.6 VTR'),
(1268, '1.6 VTR Automatic'),
(1269, '1.6 VTR Plus'),
(1270, '1.6 VTS'),
(1271, '1.6 VVT-i'),
(1272, '1.6 VVT-i Luna Limousine'),
(1273, '1.6 VVT-i Sol'),
(1274, '1.6 VXR'),
(1275, '1.6 Wagon'),
(1276, '1.6 Weekend'),
(1277, '1.6 X'),
(1278, '1.6 X TR'),
(1279, '1.6 X-TR'),
(1280, '1.6 Xi'),
(1281, '1.6 XR'),
(1282, '1.6 XR Estate'),
(1283, '1.6 XS'),
(1284, '1.6 XS SW'),
(1285, '1.6 XSi'),
(1286, '1.6 XT'),
(1287, '1.6 XT Automatic'),
(1288, '1.6 XTR'),
(1289, '1.6 Zetec SE Estate'),
(1290, '1.6D'),
(1291, '1.6ESP'),
(1292, '1.6i'),
(1293, '1.6i 2WD'),
(1294, '1.6i 4WD'),
(1295, '1.6i Automatic'),
(1296, '1.6i Classic Comfortline'),
(1297, '1.6i CLX'),
(1298, '1.6i Coupe'),
(1299, '1.6i ES'),
(1300, '1.6i ES Automatic'),
(1301, '1.6i Forte'),
(1302, '1.6i Furio'),
(1303, '1.6i Furio Automatic'),
(1304, '1.6i Ghia'),
(1305, '1.6i GL'),
(1306, '1.6i GSi'),
(1307, '1.6i HDi'),
(1308, '1.6i HDi Exclusive'),
(1309, '1.6i JLX'),
(1310, '1.6i Life'),
(1311, '1.6i LS'),
(1312, '1.6i LS Automatic'),
(1313, '1.6i LX'),
(1314, '1.6i Panel Van'),
(1315, '1.6i Saloon'),
(1316, '1.6i Saloon Automatic'),
(1317, '1.6i SensoDrive'),
(1318, '1.6i Sport'),
(1319, '1.6i Sport Automatic'),
(1320, '1.6i Station Wagon'),
(1321, '1.6i SX'),
(1322, '1.6i SX Automatic'),
(1323, '1.6i Top'),
(1324, '1.6i Trend'),
(1325, '1.6i VT'),
(1326, '1.6i VTEC 4WD'),
(1327, '1.6i VTR Coupe'),
(1328, '1.6i VTS'),
(1329, '1.6i XL'),
(1330, '1.6i XLE'),
(1331, '1.6i XLT'),
(1332, '1.6i Zetec Sport'),
(1333, '1.6ie'),
(1334, '1.6L MultiJet'),
(1335, '1.6Liftback'),
(1336, '1.6Liftback Automatic'),
(1337, '1.7'),
(1338, '1.7 Automatic'),
(1339, '1.7 Break'),
(1340, '1.7 California'),
(1341, '1.7 California Gas'),
(1342, '1.7 Caravan CDTI'),
(1343, '1.7 CDI Trend'),
(1344, '1.7 CDI Trend Automatic'),
(1345, '1.7 CDTi'),
(1346, '1.7 CDTi Caravan'),
(1347, '1.7 CDTi Elegance'),
(1348, '1.7 CDTi Enjoy'),
(1349, '1.7 CDTi Enjoy Cosmo'),
(1350, '1.7 CDTi Sport'),
(1351, '1.7 Coupe'),
(1352, '1.7 Coupe 1.7i ES Coupe'),
(1353, '1.7 Coupe 1.7i ES Coupe Automatic'),
(1354, '1.7 CRDI'),
(1355, '1.7 CTDi'),
(1356, '1.7 CTDi Enjoy'),
(1357, '1.7 CTDi ES'),
(1358, '1.7 CTDi LS'),
(1359, '1.7 CTDi S'),
(1360, '1.7 CTDi Sport'),
(1361, '1.7 Cult'),
(1362, '1.7 Cult Gas'),
(1363, '1.7 D'),
(1364, '1.7 D Automatic'),
(1365, '1.7 D Break'),
(1366, '1.7 D Combo'),
(1367, '1.7 D Tour'),
(1368, '1.7 D Van'),
(1369, '1.7 D Weekend'),
(1370, '1.7 Diesel'),
(1371, '1.7 Diesel Eco'),
(1372, '1.7 Diesel Hatchback'),
(1373, '1.7 Diesel Saloon'),
(1374, '1.7 Diesel Station Wagon'),
(1375, '1.7 DTI'),
(1376, '1.7 DTI Classic Elegance'),
(1377, '1.7 DTI Eco'),
(1378, '1.7 DTI Enjoy'),
(1379, '1.7 DTi Sport'),
(1380, '1.7 GTS Hatchback'),
(1381, '1.7 HPE'),
(1382, '1.7 IE'),
(1383, '1.7 IE Quadrifoglio Verde 4'),
(1384, '1.7 IE Sportwagon QV4'),
(1385, '1.7 Kult'),
(1386, '1.7 Only'),
(1387, '1.7 Only Gas'),
(1388, '1.7 QV'),
(1389, '1.7 SDI'),
(1390, '1.7 Sedan'),
(1391, '1.7 Sportwagon'),
(1392, '1.7 Sprint'),
(1393, '1.7 TD'),
(1394, '1.7 TD EL'),
(1395, '1.7 TD GLS'),
(1396, '1.7 Turbo Diesel'),
(1397, '1.7 Turbodiesel'),
(1398, '1.7 Utility Diesel'),
(1399, '1.7 V4'),
(1400, '1.7i'),
(1401, '1.7i ES'),
(1402, '1.7i ES Coupe'),
(1403, '1.7i ES Coupe Automatic'),
(1404, '1.7i Long'),
(1405, '1.7i LS'),
(1406, '1.7i LS Coupe'),
(1407, '1.7i LS Coupe Automatic'),
(1408, '1.7TD EL'),
(1409, '1.8'),
(1410, '1.8 1.9 TDI Automatic'),
(1411, '1.8 115 Esplanade'),
(1412, '1.8 16S'),
(1413, '1.8 16V'),
(1414, '1.8 16V Berline'),
(1415, '1.8 16V Dynamic'),
(1416, '1.8 16V Multiwagon'),
(1417, '1.8 16V Style'),
(1418, '1.8 17M'),
(1419, '1.8 20V T Cupra'),
(1420, '1.8 20V T FR'),
(1421, '1.8 3 Door'),
(1422, '1.8 3 Door Automatic'),
(1423, '1.8 5 Door'),
(1424, '1.8 5 Door Automatic'),
(1425, '1.8 5V'),
(1426, '1.8 5V Automatic'),
(1427, '1.8 810'),
(1428, '1.8 810 Automatic'),
(1429, '1.8 Accenta'),
(1430, '1.8 Acenta'),
(1431, '1.8 Active'),
(1432, '1.8 Active Automatic'),
(1433, '1.8 Advanced'),
(1434, '1.8 Aerodeck'),
(1435, '1.8 Algado'),
(1436, '1.8 Ambiente'),
(1437, '1.8 Authentique'),
(1438, '1.8 Automatic'),
(1439, '1.8 AWD'),
(1440, '1.8 B Coupe'),
(1441, '1.8 B U610'),
(1442, '1.8 Break'),
(1443, '1.8 Break Automatic'),
(1444, '1.8 C'),
(1445, '1.8 C Combi'),
(1446, '1.8 Cabriolet'),
(1447, '1.8 Cabriolet Automatic'),
(1448, '1.8 Caravan'),
(1449, '1.8 Caravan Automatic'),
(1450, '1.8 Caravan Comfort'),
(1451, '1.8 Caravan Enjoy'),
(1452, '1.8 CD'),
(1453, '1.8 CDE'),
(1454, '1.8 CDX'),
(1455, '1.8 CDX Automatic'),
(1456, '1.8 CDX Gas'),
(1457, '1.8 CDX Kombi'),
(1458, '1.8 CE'),
(1459, '1.8 Cedia'),
(1460, '1.8 Cedia Wagon'),
(1461, '1.8 Cedia Wagon Automatic'),
(1462, '1.8 CL'),
(1463, '1.8 Classic'),
(1464, '1.8 Classic Automatic'),
(1465, '1.8 Classic Elegance'),
(1466, '1.8 Classic Elegance Executive'),
(1467, '1.8 Clipper'),
(1468, '1.8 Combi'),
(1469, '1.8 Comfort'),
(1470, '1.8 Cosmo'),
(1471, '1.8 Coupe'),
(1472, '1.8 Coupe DX'),
(1473, '1.8 Coupe DX Automatic'),
(1474, '1.8 Coupe EX'),
(1475, '1.8 Coupe EX Automatic'),
(1476, '1.8 Coupe LX'),
(1477, '1.8 Coupe LX Automatic'),
(1478, '1.8 Coupe Quattro Sport'),
(1479, '1.8 CSE'),
(1480, '1.8 D'),
(1481, '1.8 D Automatic'),
(1482, '1.8 D Break'),
(1483, '1.8 D Cabriolet'),
(1484, '1.8 D Clipper'),
(1485, '1.8 D Coupe'),
(1486, '1.8 D Coupe Automatic'),
(1487, '1.8 D Hatchback'),
(1488, '1.8 D Station Wagon'),
(1489, '1.8 D Wagon'),
(1490, '1.8 Di'),
(1491, '1.8 Diesel'),
(1492, '1.8 Diesel Estate'),
(1493, '1.8 DX'),
(1494, '1.8 DX Automatic'),
(1495, '1.8 DX-VP'),
(1496, '1.8 DX-VP Automatic'),
(1497, '1.8 Dynamic'),
(1498, '1.8 E'),
(1499, '1.8 e Liftback'),
(1500, '1.8 e Sedan'),
(1501, '1.8 E.torQ'),
(1502, '1.8 Elegance'),
(1503, '1.8 Elegance Automatic'),
(1504, '1.8 Enjoy'),
(1505, '1.8 Enjoy Automatic'),
(1506, '1.8 Enjoy M'),
(1507, '1.8 Enjoy Panoramic'),
(1508, '1.8 Enjoy Twintop'),
(1509, '1.8 Esplanade'),
(1510, '1.8 Estate'),
(1511, '1.8 Estate Automatic'),
(1512, '1.8 Estate Diesel'),
(1513, '1.8 EX'),
(1514, '1.8 EX Automatic'),
(1515, '1.8 EX-L'),
(1516, '1.8 EX-L Automatic'),
(1517, '1.8 Exclusive Automatic'),
(1518, '1.8 Executive'),
(1519, '1.8 Expression'),
(1520, '1.8 Expression Grandtour'),
(1521, '1.8 GDi Comfort Plus'),
(1522, '1.8 Geartronic'),
(1523, '1.8 Gemini Coupe'),
(1524, '1.8 Gemini Coupe Automatic'),
(1525, '1.8 GL'),
(1526, '1.8 GLS'),
(1527, '1.8 GLS Automatic'),
(1528, '1.8 GLX'),
(1529, '1.8 GLX Automatic'),
(1530, '1.8 GLX Wagon Automatic'),
(1531, '1.8 GLXi'),
(1532, '1.8 GSi'),
(1533, '1.8 GSX'),
(1534, '1.8 GT'),
(1535, '1.8 GT Hatchback'),
(1536, '1.8 GT Hatchback Cat'),
(1537, '1.8 GTE'),
(1538, '1.8 GTi'),
(1539, '1.8 GTi Cup Edition'),
(1540, '1.8 GTX'),
(1541, '1.8 GX NGV Automatic'),
(1542, '1.8 Hardtop'),
(1543, '1.8 Hatchback'),
(1544, '1.8 HGT'),
(1545, '1.8 HL'),
(1546, '1.8 HLX'),
(1547, '1.8 IE'),
(1548, '1.8 ie SX'),
(1549, '1.8 ie SX Weekend'),
(1550, '1.8 Invite'),
(1551, '1.8 Irmscher'),
(1552, '1.8 L SE'),
(1553, '1.8 L SXT'),
(1554, '1.8 LE'),
(1555, '1.8 Liftback'),
(1556, '1.8 Liftback Automatic'),
(1557, '1.8 Long'),
(1558, '1.8 LT'),
(1559, '1.8 Luxury'),
(1560, '1.8 LX'),
(1561, '1.8 LX Automatic'),
(1562, '1.8 LX Estate'),
(1563, '1.8 LX-S'),
(1564, '1.8 LX-S Automatic'),
(1565, '1.8 MPI'),
(1566, '1.8 MZR'),
(1567, '1.8 MZR Roadster Coupe'),
(1568, '1.8 Picasso'),
(1569, '1.8 Quattro'),
(1570, '1.8 Roadster'),
(1571, '1.8 Roadster SMT'),
(1572, '1.8 RS'),
(1573, '1.8 RSi'),
(1574, '1.8 RT 100'),
(1575, '1.8 S'),
(1576, '1.8 S 4dr Wagon (1.8L 4cyl 6M)'),
(1577, '1.8 S 4dr Wagon (1.8L 4cyl CVT)'),
(1578, '1.8 S 4WD'),
(1579, '1.8 S CVT'),
(1580, '1.8 S Hatch'),
(1581, '1.8 S Hatchback'),
(1582, '1.8 S Hatchback CVT'),
(1583, '1.8 S Krom Edition'),
(1584, '1.8 S Sedan'),
(1585, '1.8 S10'),
(1586, '1.8 S10 Automatic'),
(1587, '1.8 S110'),
(1588, '1.8 S110 Automatic'),
(1589, '1.8 Saloon'),
(1590, '1.8 Saloon Automatic'),
(1591, '1.8 Scenic'),
(1592, '1.8 SCi Ambiente'),
(1593, '1.8 SCi Turnier Ambiente'),
(1594, '1.8 SE'),
(1595, '1.8 SE Sedan'),
(1596, '1.8 Sedan'),
(1597, '1.8 Sedan Automatic'),
(1598, '1.8 Sedan DX'),
(1599, '1.8 Sedan EX'),
(1600, '1.8 Sedan EX Automatic'),
(1601, '1.8 Sedan LX'),
(1602, '1.8 Sedan LX Automatic'),
(1603, '1.8 Signo'),
(1604, '1.8 SL'),
(1605, '1.8 SL 4dr Wagon (1.8L 4cyl CVT)'),
(1606, '1.8 SL Hatch'),
(1607, '1.8 SL Hatchback'),
(1608, '1.8 SL Sedan'),
(1609, '1.8 SMT'),
(1610, '1.8 SPI'),
(1611, '1.8 Sport'),
(1612, '1.8 Sport Automatic'),
(1613, '1.8 Sport Comfort'),
(1614, '1.8 Sport Sedan'),
(1615, '1.8 Sportwagon T.Spark'),
(1616, '1.8 Sportwagon TD Intercooler'),
(1617, '1.8 SS1'),
(1618, '1.8 Station Wagon'),
(1619, '1.8 Station Wagon Automatic'),
(1620, '1.8 Style'),
(1621, '1.8 Style Combi'),
(1622, '1.8 SW'),
(1623, '1.8 SW 115'),
(1624, '1.8 SX'),
(1625, '1.8 SXT'),
(1626, '1.8 Sylphy'),
(1627, '1.8 T'),
(1628, '1.8 T Automatic'),
(1629, '1.8 T Avant Quattro'),
(1630, '1.8 T Avant Quattro Tiptronic'),
(1631, '1.8 T Cabriolet'),
(1632, '1.8 T Cabriolet Multitronic'),
(1633, '1.8 T Classic'),
(1634, '1.8 T Classic Automatic'),
(1635, '1.8 T Club'),
(1636, '1.8 T Club Automatic'),
(1637, '1.8 T Connoisseur'),
(1638, '1.8 T Coupe'),
(1639, '1.8 T Coupe Quattro'),
(1640, '1.8 T Cupra'),
(1641, '1.8 T Cupra R'),
(1642, '1.8 T CVT'),
(1643, '1.8 T Elegance Combi'),
(1644, '1.8 T Formula Racing'),
(1645, '1.8 T FR'),
(1646, '1.8 T GTI'),
(1647, '1.8 T Highline'),
(1648, '1.8 T Highline Variant'),
(1649, '1.8 T Linear'),
(1650, '1.8 T Linear Automatic'),
(1651, '1.8 T Linear Cabriolet'),
(1652, '1.8 T Linear Cabriolet Automatic'),
(1653, '1.8 T Multitronic'),
(1654, '1.8 T Quattro'),
(1655, '1.8 T Quattro Tiptronic'),
(1656, '1.8 T Roadster'),
(1657, '1.8 T Roadster Automatic'),
(1658, '1.8 T Roadster Quattro'),
(1659, '1.8 T RS'),
(1660, '1.8 T RS Combi'),
(1661, '1.8 T Sport'),
(1662, '1.8 T Tiptronic'),
(1663, '1.8 T Top Sport AWD'),
(1664, '1.8 T Tourer Classic'),
(1665, '1.8 T Tourer Classic Automatic'),
(1666, '1.8 T Trendline'),
(1667, '1.8 T Trendline Automatic'),
(1668, '1.8 T Trendline Variant'),
(1669, '1.8 T Trendline Variant Automatic'),
(1670, '1.8 T Turbo'),
(1671, '1.8 T Variant'),
(1672, '1.8 T Variant Automatic'),
(1673, '1.8 T. Spark'),
(1674, '1.8 T.Spark'),
(1675, '1.8 T.Spark Progression'),
(1676, '1.8 T16 GT-R'),
(1677, '1.8 T16 GTX 4WD'),
(1678, '1.8 TC'),
(1679, '1.8 TC Coupe'),
(1680, '1.8 TD Eco'),
(1681, '1.8 TDCi Ambiente'),
(1682, '1.8 TDCi Trend'),
(1683, '1.8 TDCi Turnier'),
(1684, '1.8 TDCi Turnier Viva'),
(1685, '1.8 TDCi Viva'),
(1686, '1.8 TDDi Turnier Viva'),
(1687, '1.8 TDDi Viva'),
(1688, '1.8 TFSi'),
(1689, '1.8 TFSi Automatic'),
(1690, '1.8 TFSi Convertible'),
(1691, '1.8 TFSi Convertible Automatic'),
(1692, '1.8 TFSI Coupe'),
(1693, '1.8 TFSi Sportback'),
(1694, '1.8 TFSi Sportback Automatic'),
(1695, '1.8 Tourer Classic'),
(1696, '1.8 Tourer Classic Automatic'),
(1697, '1.8 Traveller'),
(1698, '1.8 Trend'),
(1699, '1.8 TS'),
(1700, '1.8 TS Impression'),
(1701, '1.8 TS Liftback'),
(1702, '1.8 TSFI'),
(1703, '1.8 TSFI Automatic'),
(1704, '1.8 TSFI Avant'),
(1705, '1.8 TSFI Avant Automatic'),
(1706, '1.8 TSI'),
(1707, '1.8 TSI Comfortline'),
(1708, '1.8 TSI Comfortline Tiptronic'),
(1709, '1.8 TSI Highline'),
(1710, '1.8 Turbo'),
(1711, '1.8 Turbo Automatic'),
(1712, '1.8 Turbo Quadrifoglio'),
(1713, '1.8 Turbo Stella'),
(1714, '1.8 Turbo Stella Automatic'),
(1715, '1.8 Turbo Tiptronic'),
(1716, '1.8 Turbo Trendline'),
(1717, '1.8 Turbo Trendline Automatic'),
(1718, '1.8 Turbo Vigo'),
(1719, '1.8 Turbo Vigo Automatic'),
(1720, '1.8 Turnier Ambiente'),
(1721, '1.8 Turnier Viva'),
(1722, '1.8 Twin Spark'),
(1723, '1.8 Twin Spark Impression'),
(1724, '1.8 TwinTop'),
(1725, '1.8 TwinTop Automatic'),
(1726, '1.8 Vaillante'),
(1727, '1.8 Variant'),
(1728, '1.8 Verso'),
(1729, '1.8 Verso Automatic'),
(1730, '1.8 Visia'),
(1731, '1.8 Viva'),
(1732, '1.8 VS'),
(1733, '1.8 VVT-i'),
(1734, '1.8 VVTi'),
(1735, '1.8 VVTL-i Compressor TS'),
(1736, '1.8 VVTL-i TS'),
(1737, '1.8 VVTL-i TS Compressor'),
(1738, '1.8 Wagon'),
(1739, '1.8 Wagon Automatic'),
(1740, '1.8 Wave'),
(1741, '1.8 Wave Automatic'),
(1742, '1.8 WT-i'),
(1743, '1.8 WT-i S'),
(1744, '1.8 WTL-i TS'),
(1745, '1.8 X'),
(1746, '1.8 X Automatic'),
(1747, '1.8 XL'),
(1748, '1.8 Z Aerotourer'),
(1749, '1.8 Z Aerotourer Automatic'),
(1750, '1.8 Zetec-E'),
(1751, '1.8 Zetec-E Estate'),
(1752, '1.8D'),
(1753, '1.8F FlexiFuel'),
(1754, '1.8i'),
(1755, '1.8i Acenta'),
(1756, '1.8i Automatic'),
(1757, '1.8i Break'),
(1758, '1.8i Estate'),
(1759, '1.8i Exclusive SX'),
(1760, '1.8i Hatchback'),
(1761, '1.8i L'),
(1762, '1.8i Linear'),
(1763, '1.8i Linear Automatic'),
(1764, '1.8i MZR'),
(1765, '1.8i Picasso'),
(1766, '1.8i R'),
(1767, '1.8i RS'),
(1768, '1.8i Sport'),
(1769, '1.8i SX'),
(1770, '1.8i SX Automatic'),
(1771, '1.8i VTEC'),
(1772, '1.8i VTEC Automatic'),
(1773, '1.8i XT'),
(1774, '1.8i-VTEC EXi'),
(1775, '1.8i-VTEC EXi Automatic'),
(1776, '1.8i-VTEC LXi'),
(1777, '1.8i-VTEC LXi Automatic'),
(1778, '1.8i-VTEC S'),
(1779, '1.8i-VTEC S Automatic'),
(1780, '1.8i-VTEC Type S'),
(1781, '1.8i-VTEC Type S Automatic'),
(1782, '1.8i-VTEC VXi'),
(1783, '1.8i-VTEC VXi Automatic'),
(1784, '1.8L'),
(1785, '1.8T'),
(1786, '1.8t BioPower Cabriolet'),
(1787, '1.8t BioPower Cabriolet Automatic'),
(1788, '1.8t Cabriolet Linear'),
(1789, '1.8T Cabriolet Linear Automatic'),
(1790, '1.8T Cupra'),
(1791, '1.8T FSi Attraction'),
(1792, '1.8T FSi Attraction Multitronic'),
(1793, '1.8T GTi'),
(1794, '1.8t Linear'),
(1795, '1.8T Linear Automatic'),
(1796, '1.8T RS'),
(1797, '1.8T RS Combi'),
(1798, '1.8T Trendline'),
(1799, '1.8T Trendline Automatic'),
(1800, '1.9'),
(1801, '1.9 16V Multijet'),
(1802, '1.9 16V Multijet Automatic'),
(1803, '1.9 4Motion TDi'),
(1804, '1.9 4Motion TDi Variant'),
(1805, '1.9 8V Multijet'),
(1806, '1.9 Automatic'),
(1807, '1.9 Bluemotion'),
(1808, '1.9 Break'),
(1809, '1.9 C Coupe'),
(1810, '1.9 Caravan'),
(1811, '1.9 Caravan CDTI'),
(1812, '1.9 Caravan Enjoy CDTI'),
(1813, '1.9 CC'),
(1814, '1.9 CDTi'),
(1815, '1.9 CDTi Automatic'),
(1816, '1.9 CDTi Caravan'),
(1817, '1.9 CDTi Elegance Panoramic'),
(1818, '1.9 CDTi Enjoy'),
(1819, '1.9 CDTi High'),
(1820, '1.9 CL Umwelt'),
(1821, '1.9 Comfort'),
(1822, '1.9 Crew Bus'),
(1823, '1.9 CTDi Elegance'),
(1824, '1.9 D'),
(1825, '1.9 D Advantage'),
(1826, '1.9 D Automatic'),
(1827, '1.9 D Berline'),
(1828, '1.9 D Break'),
(1829, '1.9 D Cabriolet'),
(1830, '1.9 D Cargo'),
(1831, '1.9 D CC'),
(1832, '1.9 D Combi'),
(1833, '1.9 D Combi Automatic'),
(1834, '1.9 D Coupe'),
(1835, '1.9 D Estate'),
(1836, '1.9 D Hatchback'),
(1837, '1.9 D HPE'),
(1838, '1.9 D Liftback'),
(1839, '1.9 D Multispace Plus'),
(1840, '1.9 D Nevada'),
(1841, '1.9 D RX4'),
(1842, '1.9 D Scenic'),
(1843, '1.9 D Sedan'),
(1844, '1.9 D Sport Hatch'),
(1845, '1.9 D SX'),
(1846, '1.9 D Turbo'),
(1847, '1.9 D Variant'),
(1848, '1.9 D Weekend'),
(1849, '1.9 dCi'),
(1850, '1.9 dCi Authentique'),
(1851, '1.9 dCi Authentique 4x4'),
(1852, '1.9 dCi Avantage'),
(1853, '1.9 dCi Break'),
(1854, '1.9 dCi Confort Authentique'),
(1855, '1.9 dCi Coupe Cabriolet'),
(1856, '1.9 dCi Coupe Cabriolet Dynamique'),
(1857, '1.9 DCi Dynamique'),
(1858, '1.9 DCi Emotion'),
(1859, '1.9 dCi Expression'),
(1860, '1.9 DCi Expression 1.9'),
(1861, '1.9 dCi Expression Grandtour'),
(1862, '1.9 dCi Grandtour'),
(1863, '1.9 dCi Grandtour Avantage'),
(1864, '1.9 dCi Grandtour Confort Authentique'),
(1865, '1.9 dCi Limited 4WD'),
(1866, '1.9 DCi Limited 4x4'),
(1867, '1.9 DCi Navigator'),
(1868, '1.9 DCi Passenger'),
(1869, '1.9 dCi Privilege'),
(1870, '1.9 dCi RX4'),
(1871, '1.9 DCi Van'),
(1872, '1.9 dCi Visia'),
(1873, '1.9 dCi Visia Traveller'),
(1874, '1.9 DDiS'),
(1875, '1.9 DI-D Avance'),
(1876, '1.9 DI-D Comfort Plus'),
(1877, '1.9 DI-D Family'),
(1878, '1.9 DI-D Intense'),
(1879, '1.9 DI-D Invite'),
(1880, '1.9 DI-D Motion'),
(1881, '1.9 Diesel'),
(1882, '1.9 DS DGT'),
(1883, '1.9 dTi'),
(1884, '1.9 dTi Break'),
(1885, '1.9 Emotion'),
(1886, '1.9 Exclusive'),
(1887, '1.9 GL'),
(1888, '1.9 GL Estate'),
(1889, '1.9 GTC'),
(1890, '1.9 GTDT'),
(1891, '1.9 GTDT Estate'),
(1892, '1.9 GTi'),
(1893, '1.9 High'),
(1894, '1.9 JTD'),
(1895, '1.9 JTD 100 Active'),
(1896, '1.9 JTD 115'),
(1897, '1.9 JTD 115 Active'),
(1898, '1.9 JTD 140 Dynamic'),
(1899, '1.9 JTD 140 Multijet Dynamic'),
(1900, '1.9 JTD 16 V M-Jet Progression'),
(1901, '1.9 JTD 16V Distinctive'),
(1902, '1.9 JTD 16V M-Jet Impression'),
(1903, '1.9 JTD 16V Multijet Impression'),
(1904, '1.9 JTD 16V Multijet Progression'),
(1905, '1.9 JTD 16V Progression'),
(1906, '1.9 JTD 80'),
(1907, '1.9 JTD 8V Multiet Impression'),
(1908, '1.9 JTD 8V MultiJet Impression'),
(1909, '1.9 JTD Active'),
(1910, '1.9 JTD Actual'),
(1911, '1.9 JTD Class'),
(1912, '1.9 JTD Distinctive'),
(1913, '1.9 JTD Distinctive DSL'),
(1914, '1.9 JTD Dynamic'),
(1915, '1.9 JTD Dynamic Multiwagon'),
(1916, '1.9 JTD ELX'),
(1917, '1.9 JTD Impression'),
(1918, '1.9 JTD Impression Automatic'),
(1919, '1.9 JTD M-Jet Distinctive'),
(1920, '1.9 JTD M-Jet Impression'),
(1921, '1.9 JTD M-Jet Progression'),
(1922, '1.9 JTD M-Jet Progression Automatic'),
(1923, '1.9 JTD Multi-Jet'),
(1924, '1.9 JTD Multijet Distinctive'),
(1925, '1.9 JTD Multijet Emotion'),
(1926, '1.9 JTD Multijet Impression'),
(1927, '1.9 JTD MultiJet Progression'),
(1928, '1.9 JTD MultiJet Progression Automatic'),
(1929, '1.9 JTD Multiwagon Active'),
(1930, '1.9 JTD Progression'),
(1931, '1.9 JTD Progression Q4'),
(1932, '1.9 JTD Sporting'),
(1933, '1.9 JTD Station Wagon'),
(1934, '1.9 JTD Trofeo'),
(1935, '1.9 JTD Veloce DSL'),
(1936, '1.9 JTDM Distinctive'),
(1937, '1.9 JTS'),
(1938, '1.9 JTS Progression'),
(1939, '1.9 JTS Sportwagon'),
(1940, '1.9 L TiD'),
(1941, '1.9 L TiD Automatic'),
(1942, '1.9 M-Jet'),
(1943, '1.9 Multijet'),
(1944, '1.9 Multijet Automatic'),
(1945, '1.9 Multijet Dynamic'),
(1946, '1.9 Multijet Emotion'),
(1947, '1.9 Multijet Oro'),
(1948, '1.9 Privilege dCi'),
(1949, '1.9 RN Diesel'),
(1950, '1.9 RT dCi'),
(1951, '1.9 RT Turbodiesel'),
(1952, '1.9 SDi'),
(1953, '1.9 SDI Classic'),
(1954, '1.9 SDI Classic Combi'),
(1955, '1.9 SDI Classic Sedan'),
(1956, '1.9 SDI Comfortline'),
(1957, '1.9 SDI Highline'),
(1958, '1.9 SDI Limousine'),
(1959, '1.9 SDI Limousine Comfortline'),
(1960, '1.9 SDi Prima'),
(1961, '1.9 SDI Reference'),
(1962, '1.9 SDI Stella'),
(1963, '1.9 SDI Variant'),
(1964, '1.9 Sport Multijet'),
(1965, '1.9 Sportive'),
(1966, '1.9 SR'),
(1967, '1.9 Station Wagon'),
(1968, '1.9 Station Wagon GRD'),
(1969, '1.9 TD'),
(1970, '1.9 TD GLX'),
(1971, '1.9 TDI'),
(1972, '1.9 TDi 4Motion'),
(1973, '1.9 TDI 4Motion Automatic'),
(1974, '1.9 TDi 4Motion Trendline'),
(1975, '1.9 TDI 4Motion Variant'),
(1976, '1.9 TDI Algado'),
(1977, '1.9 TDi Allrad Sport'),
(1978, '1.9 TDI Allroad Sport'),
(1979, '1.9 TDI Ambiente'),
(1980, '1.9 TDi Ambiente Combi'),
(1981, '1.9 TDI Attraction'),
(1982, '1.9 TDI Attraction Automatic'),
(1983, '1.9 TDI Automatic'),
(1984, '1.9 TDI Basis'),
(1985, '1.9 TDi Cabriolet'),
(1986, '1.9 TDi Classic Combi'),
(1987, '1.9 TDI Comfort Combi'),
(1988, '1.9 TDI Comfort Sedan'),
(1989, '1.9 TDi Comfortline'),
(1990, '1.9 TDI Comfortline DSG'),
(1991, '1.9 TDI Conceptline'),
(1992, '1.9 TDi Crew Bus'),
(1993, '1.9 TDi Cross'),
(1994, '1.9 TDi CrossGolf'),
(1995, '1.9 TDi Cupra'),
(1996, '1.9 TDi CVT'),
(1997, '1.9 TDi DPF Comfortline'),
(1998, '1.9 TDI DSG'),
(1999, '1.9 TDI DSG Highline'),
(2000, '1.9 TDI DSG Trendline'),
(2001, '1.9 TDI Formula Racing'),
(2002, '1.9 TDi FR'),
(2003, '1.9 TDI Fun'),
(2004, '1.9 TDI GT'),
(2005, '1.9 TDi Highline'),
(2006, '1.9 TDi Highline Variant'),
(2007, '1.9 TDi Life'),
(2008, '1.9 TDi PD'),
(2009, '1.9 TDi PD Automatic'),
(2010, '1.9 TDi PD Combi'),
(2011, '1.9 TDi PD Combi 4WD'),
(2012, '1.9 TDi PD Combi 4WD Automatic'),
(2013, '1.9 TDi PD Combi 4x4'),
(2014, '1.9 TDi PD Combi 4x4 Automatic'),
(2015, '1.9 TDi PD Combi Automatic'),
(2016, '1.9 TDI Quattro'),
(2017, '1.9 TDi Reference'),
(2018, '1.9 TDi Reverence'),
(2019, '1.9 TDI RS'),
(2020, '1.9 TDI Sedan Ambiente'),
(2021, '1.9 TDi Signo'),
(2022, '1.9 TDI Single Cab'),
(2023, '1.9 TDi Special'),
(2024, '1.9 TDi Sport'),
(2025, '1.9 TDi Sport AWD'),
(2026, '1.9 TDI Sportback Attraction'),
(2027, '1.9 TDi Sportline'),
(2028, '1.9 TDi Startline'),
(2029, '1.9 TDi Stella'),
(2030, '1.9 TDI Stella 4WD'),
(2031, '1.9 TDi Stylance'),
(2032, '1.9 TDi Tiptronic'),
(2033, '1.9 TDI Top Sport'),
(2034, '1.9 TDi Tour'),
(2035, '1.9 TDi Tour Combi'),
(2036, '1.9 TDi Tour Combi 4WD'),
(2037, '1.9 TDi Tour Combi 4x4'),
(2038, '1.9 TDI Trend'),
(2039, '1.9 TDI Trendline'),
(2040, '1.9 TDi Trendline DSG'),
(2041, '1.9 TDI Variant'),
(2042, '1.9 TDi Variant 4Motion'),
(2043, '1.9 TDI Variant Automatic'),
(2044, '1.9 TDi Vigo'),
(2045, '1.9 TDI Viva'),
(2046, '1.9 TDI Viva Automatic'),
(2047, '1.9 TDi XL'),
(2048, '1.9 TDI-PD'),
(2049, '1.9 TDi-PD Classic'),
(2050, '1.9 TDI-PD Comfort'),
(2051, '1.9 TDI-PD RS'),
(2052, '1.9 TDS Weekend'),
(2053, '1.9 TiD Linear'),
(2054, '1.9 TiD Linear Automatic'),
(2055, '1.9 TiD Sport Limousine'),
(2056, '1.9 TiD Sport Limousine Automatic'),
(2057, '1.9 Trend'),
(2058, '1.9 Trend Automatic'),
(2059, '1.9 Turbo D'),
(2060, '1.9 Turbodiesel CL'),
(2061, '1.9 VSX Turbo Diesel'),
(2062, '1.9D'),
(2063, '1.9D Advance'),
(2064, '1.9dCi'),
(2065, '1.9i'),
(2066, '1.9L TID'),
(2067, '1.9L TID Automatic'),
(2068, '1.9T DCi Dynamique'),
(2069, '1.9TTiD Convertible'),
(2070, '1.9TTiD Sedan'),
(2071, '1.9TTiD SportWagon'),
(2072, '1.Comfort'),
(2073, '1.Turbo 2'),
(2074, '10'),
(2075, '10 Ten'),
(2076, '100'),
(2077, '100 2700'),
(2078, '100 3500'),
(2079, '100 4.2'),
(2080, '100 4.2 TD'),
(2081, '100 4.2 TD Executive'),
(2082, '100 4.7 Executive'),
(2083, '100 4.7 V8 Executive'),
(2084, '100 A Station Wagon'),
(2085, '100 A Wagon'),
(2086, '100 Automatic'),
(2087, '100 Blupower SX'),
(2088, '100 GX 4.2 D'),
(2089, '100 GX 4.5'),
(2090, '100 GX 4.5i'),
(2091, '100 HP'),
(2092, '100 SX'),
(2093, '100 VX 4.2 4x4'),
(2094, '100 VX 4.2 DT Automatic'),
(2095, '100 VX 4.7 V8'),
(2096, '1000'),
(2097, '1000 Coupe'),
(2098, '1000 Coupe Pininfarina'),
(2099, '1000 Hatchback'),
(2100, '1000 Spider Bertone'),
(2101, '101 1.6 Li'),
(2102, '101 1.6 Li Gas'),
(2103, '104 1.6 GLi'),
(2104, '104 1.6 GLi Gas'),
(2105, '105'),
(2106, '105 E'),
(2107, '105 TC'),
(2108, '105R'),
(2109, '105S'),
(2110, '10i Ten'),
(2111, '11'),
(2112, '11 TZX'),
(2113, '11.6 Li'),
(2114, '110'),
(2115, '110 2.5 TD5'),
(2116, '110 2.5 TD5 Hardtop'),
(2117, '110 2.5 TDi'),
(2118, '1100'),
(2119, '1100 Estate'),
(2120, '1100 Fastback'),
(2121, '1100 Ghia'),
(2122, '1100 Popular'),
(2123, '1100 Rodeo'),
(2124, '1100 Saloon'),
(2125, '1100 SL Coupe'),
(2126, '1100S Coupe'),
(2127, '111'),
(2128, '111 R'),
(2129, '111 S'),
(2130, '111R'),
(2131, '111S'),
(2132, '112 1.6 Li'),
(2133, '112 1.6 Li Gas'),
(2134, '112 CDi 2.2 Panel Van'),
(2135, '114 1.5 GTe'),
(2136, '114 1.6 GTe Gas'),
(2137, '115'),
(2138, '115 CDi'),
(2139, '115 CDi Crew Bus'),
(2140, '115 CDi Crew Cab'),
(2141, '115 Roadster'),
(2142, '1150'),
(2143, '116E'),
(2144, '11i TZX'),
(2145, '11S Coupe'),
(2146, '12'),
(2147, '12 C Coupe'),
(2148, '12 L'),
(2149, '12 M'),
(2150, '12 S1'),
(2151, '120'),
(2152, '120 A Coupe'),
(2153, '120 FHC'),
(2154, '120 Roadster'),
(2155, '120 SE FHC'),
(2156, '120 SE Roadster'),
(2157, '120 Stepspeed');
INSERT INTO `model_variant` (`model_variant_id`, `name`) VALUES
(2158, '120 Stepspeed Roadster'),
(2159, '120 Y'),
(2160, '120 Y Break'),
(2161, '1200'),
(2162, '1200 Cabriolet'),
(2163, '1200 Coupe'),
(2164, '1200 Hi De Luxe'),
(2165, '1200 Hi-De Luxe'),
(2166, '1200 S'),
(2167, '1200 SL'),
(2168, '1200 SL Coupe'),
(2169, '1200 Station Wagon'),
(2170, '124 1.6 GLi'),
(2171, '124 1.6 GLi Gas'),
(2172, '1250'),
(2173, '1275S'),
(2174, '12M'),
(2175, '130'),
(2176, '130 2.5 TD5'),
(2177, '130 2.5 TDS'),
(2178, '130 5-Speed'),
(2179, '130 Limited'),
(2180, '130 Sport'),
(2181, '130 TD5 Gameviewer'),
(2182, '130 XE'),
(2183, '1300'),
(2184, '1300 Automatic'),
(2185, '1300 Break'),
(2186, '1300 Cabriolet 34'),
(2187, '1300 CL'),
(2188, '1300 Coach'),
(2189, '1300 Coupe Abarth'),
(2190, '1300 Custom DX'),
(2191, '1300 D'),
(2192, '1300 D Estate'),
(2193, '1300 Estate'),
(2194, '1300 G'),
(2195, '1300 G Sports'),
(2196, '1300 GT'),
(2197, '1300 Junior'),
(2198, '1300 S2'),
(2199, '1300 Sport'),
(2200, '1300 Sprint'),
(2201, '1300 Super'),
(2202, '1300 SZ'),
(2203, '1300 TI Super'),
(2204, '135'),
(2205, '135 Roadster'),
(2206, '136 LX'),
(2207, '14 RD'),
(2208, '14 RE'),
(2209, '140'),
(2210, '140 Automatic'),
(2211, '140 Roadster'),
(2212, '140 RS'),
(2213, '140 RT'),
(2214, '140 S'),
(2215, '140 S 150 SV'),
(2216, '140 Sport'),
(2217, '1400'),
(2218, '1400 De Luxe'),
(2219, '1400 FTO'),
(2220, '1400 Ghia'),
(2221, '1400 Hi-De Luxe'),
(2222, '1400 SL'),
(2223, '1400 SL Coupe'),
(2224, '140i'),
(2225, '140i F-Llift'),
(2226, '140i GLE'),
(2227, '140i GLE F-Lift'),
(2228, '140i GLS'),
(2229, '140i GLS F-Lift'),
(2230, '140i RS'),
(2231, '140i RT'),
(2232, '140J'),
(2233, '140S'),
(2234, '15'),
(2235, '15 1.8 D'),
(2236, '15 CV'),
(2237, '150'),
(2238, '150 3.8 FHC'),
(2239, '150 Classic'),
(2240, '1500'),
(2241, '1500 4WD'),
(2242, '1500 AWD'),
(2243, '1500 Cab'),
(2244, '1500 Cablechange'),
(2245, '1500 Carrera'),
(2246, '1500 Coupe'),
(2247, '1500 Coupe 14'),
(2248, '1500 Coupe 34'),
(2249, '1500 Crew Cab'),
(2250, '1500 Crew Cab 4WD'),
(2251, '1500 Crew Cab 4WD LS'),
(2252, '1500 Crew Cab 4WD LT'),
(2253, '1500 Crew Cab 4WD Short'),
(2254, '1500 Crew Cab 4WD SLE'),
(2255, '1500 Crew Cab 4x4 Laramie'),
(2256, '1500 Crew Cab Short'),
(2257, '1500 Crew Cab SLE'),
(2258, '1500 Crew Cab Work Truck Short'),
(2259, '1500 Denali'),
(2260, '1500 DX'),
(2261, '1500 Extended Cab'),
(2262, '1500 Extended Cab 4WD'),
(2263, '1500 Extended Cab 4WD Long'),
(2264, '1500 Extended Cab 4WD Short'),
(2265, '1500 Extended Cab 4WD SLE'),
(2266, '1500 Extended Cab 4WD Work Truck'),
(2267, '1500 Extended Cab Long'),
(2268, '1500 Extended Cab LS'),
(2269, '1500 Extended Cab LS 4WD'),
(2270, '1500 Extended Cab LT'),
(2271, '1500 Extended Cab LT 4WD'),
(2272, '1500 Extended Cab LTZ'),
(2273, '1500 Extended Cab LTZ 4WD'),
(2274, '1500 Extended Cab Short'),
(2275, '1500 Extended Cab V8'),
(2276, '1500 Extended Cab V8 4WD'),
(2277, '1500 GS Carrera'),
(2278, '1500 GT'),
(2279, '1500 HD Crew Cab 4WD LS'),
(2280, '1500 HD Crew Cab SLE Short'),
(2281, '1500 HD Crew Cab T'),
(2282, '1500 High Roof 3dr Van -3.6L 6cyl 6A'),
(2283, '1500 Hybrid 3HA'),
(2284, '1500 Hybrid 3HB'),
(2285, '1500 Hybrid Crew Cab 4WD HY1'),
(2286, '1500 Hybrid Crew Cab 4WD HY2'),
(2287, '1500 Hybrid Extended Cab'),
(2288, '1500 Low Roof 3dr Van w/118  Wheelbase - 3.6L 6cyl 6A'),
(2289, '1500 Low Roof 3dr Van w/136  Wheelbase -3.6L 6cyl 6A'),
(2290, '1500 LS'),
(2291, '1500 LT'),
(2292, '1500 LTZ'),
(2293, '1500 Mega Cab'),
(2294, '1500 Mega Cab 4x4'),
(2295, '1500 Mega Cab Laramie'),
(2296, '1500 Mega Cab Laramie 4x4'),
(2297, '1500 Quad Cab'),
(2298, '1500 Quad Cab 4x4 Laramie'),
(2299, '1500 Quad Cab 4x4 SLT'),
(2300, '1500 Quad Cab 4x4 SLT Short'),
(2301, '1500 Quad Cab Laramie'),
(2302, '1500 Regular Cab'),
(2303, '1500 Regular Cab 4WD'),
(2304, '1500 Regular Cab 4WD SLE'),
(2305, '1500 Regular Cab 4x2 SLT Short'),
(2306, '1500 Regular Cab 4x4'),
(2307, '1500 Regular Cab Long'),
(2308, '1500 Regular Cab LT'),
(2309, '1500 Regular Cab LT 4WD'),
(2310, '1500 Regular Cab Work Truck'),
(2311, '1500 RS'),
(2312, '1500 RS Automatic'),
(2313, '1500 S'),
(2314, '1500 S-4'),
(2315, '1500 S-4 Automatic'),
(2316, '1500 S-F'),
(2317, '1500 S-F Automatic'),
(2318, '1500 S1'),
(2319, '1500 SL'),
(2320, '1500 SLE'),
(2321, '1500 SLT'),
(2322, '1500 Sport'),
(2323, '1500 SV'),
(2324, '1500 Work Truck'),
(2325, '1500 WT'),
(2326, '1500 XFE'),
(2327, '1500 Xtra Fuel Economy'),
(2328, '150i'),
(2329, '150i ABS'),
(2330, '150i Automatic'),
(2331, '150S 3.4 FHC'),
(2332, '150S DHC'),
(2333, '155 HGT'),
(2334, '15th Anniversary'),
(2335, '16 Cabriolet'),
(2336, '16 Top'),
(2337, '16.4 Grand Sport'),
(2338, '16.4 Super Sport'),
(2339, '160'),
(2340, '160 Automatic'),
(2341, '160 CDI'),
(2342, '160 CDI Automatic'),
(2343, '160 CDI Classic'),
(2344, '160 Classic Automatic'),
(2345, '160 Elegance'),
(2346, '160 L'),
(2347, '160 L Automatic'),
(2348, '160 L Classic Automatic'),
(2349, '160 Roadster'),
(2350, '160 RS'),
(2351, '160 RX'),
(2352, '160 Sport'),
(2353, '160 SportsCoupe'),
(2354, '160 SR'),
(2355, '1600'),
(2356, '1600 +2'),
(2357, '1600 Automatic'),
(2358, '1600 Break'),
(2359, '1600 Break Automatic'),
(2360, '1600 Cabriolet'),
(2361, '1600 CL'),
(2362, '1600 Coupe'),
(2363, '1600 De Luxe Hardtop'),
(2364, '1600 Estate'),
(2365, '1600 Estate Automatic'),
(2366, '1600 FTO'),
(2367, '1600 Ghia'),
(2368, '1600 Ghia Estate'),
(2369, '1600 GL'),
(2370, '1600 GL Estate'),
(2371, '1600 GSL'),
(2372, '1600 GSR'),
(2373, '1600 GT'),
(2374, '1600 GT Sprint'),
(2375, '1600 GT-R Coupe'),
(2376, '1600 GTA'),
(2377, '1600 GTR'),
(2378, '1600 HF Turbo'),
(2379, '1600 HPE'),
(2380, '1600 HPE Automatic'),
(2381, '1600 Junior'),
(2382, '1600 Junior Z'),
(2383, '1600 L'),
(2384, '1600 Liftback'),
(2385, '1600 Liftback Automatic'),
(2386, '1600 LS'),
(2387, '1600 LS Estate'),
(2388, '1600 S'),
(2389, '1600 S Tour de France'),
(2390, '1600 S3'),
(2391, '1600 SC'),
(2392, '1600 SLX'),
(2393, '1600 Special'),
(2394, '1600 Spider'),
(2395, '1600 Spider Duetto'),
(2396, '1600 Sport'),
(2397, '1600 Sprint Special'),
(2398, '1600 SS'),
(2399, '1600 ST'),
(2400, '1600 Station Wagon'),
(2401, '1600 Super'),
(2402, '1600 SWB'),
(2403, '1600 Zagato'),
(2404, '1600S'),
(2405, '160i'),
(2406, '160i GL Limited Edition'),
(2407, '160i GLE'),
(2408, '160i GLE Automatic'),
(2409, '160i GLE Automatic F-Lift'),
(2410, '160i GLS'),
(2411, '160i GSX F-Lift'),
(2412, '160i RS'),
(2413, '160i RT'),
(2414, '160i RX'),
(2415, '160i Se'),
(2416, '160ie'),
(2417, '160ie Sport'),
(2418, '160iSe'),
(2419, '160iSe Sport'),
(2420, '160J'),
(2421, '17 Break TZD'),
(2422, '17 M'),
(2423, '170'),
(2424, '170 Avantgarde'),
(2425, '170 Avantgarde Autotronic'),
(2426, '170 CDI'),
(2427, '170 CDI Automatic'),
(2428, '170 CDI L'),
(2429, '170 Classic'),
(2430, '170 Classic Automatic'),
(2431, '170 Elegance'),
(2432, '170 Elegance Automatic'),
(2433, '170 NGT'),
(2434, '1700'),
(2435, '1700 Coupe'),
(2436, '1700 Fastback'),
(2437, '1700 GT'),
(2438, '170i VTEC'),
(2439, '170i VTEC Automatic'),
(2440, '1750'),
(2441, '1750 Automatic'),
(2442, '1750 Tbi'),
(2443, '1794 4dr CrewMax 4WD SB (5.7L 8cyl 6A)'),
(2444, '1794 4dr CrewMax SB (5.7L 8cyl 6A)'),
(2445, '1794 FFV 4dr CrewMax 4WD SB (5.7L 8cyl 6A)'),
(2446, '18-3'),
(2447, '180'),
(2448, '180 Automatic'),
(2449, '180 BlueEFFICIENCY'),
(2450, '180 Break'),
(2451, '180 CDI'),
(2452, '180 CDI Avantgarde'),
(2453, '180 CDI Avantgarde Automatic'),
(2454, '180 CDI BlueEFFICIENCY'),
(2455, '180 CDi Classic'),
(2456, '180 CDI Classic Autotronic'),
(2457, '180 CDI Elegance'),
(2458, '180 CDI Elegance Automatic'),
(2459, '180 Classic'),
(2460, '180 Classic Automatic'),
(2461, '180 Coupe'),
(2462, '180 Coupe Fronttrack'),
(2463, '180 Coupe FrontTrak'),
(2464, '180 Estate'),
(2465, '180 K Avantgarde'),
(2466, '180 K Avantgarde Automatic'),
(2467, '180 K Classic'),
(2468, '180 K Classic Automatic'),
(2469, '180 K Elegance'),
(2470, '180 K Elegance Automatic'),
(2471, '180 K Estate'),
(2472, '180 K Estate Classic'),
(2473, '180 K Sport Automatic'),
(2474, '180 K Sportcoupe'),
(2475, '180 Kompressor'),
(2476, '180 Kompressor Automatic'),
(2477, '180 Kompressor Classic'),
(2478, '180 Kompressor Estate'),
(2479, '180 Kompressor Estate Automatic'),
(2480, '180 Kompressor Sport'),
(2481, '180 Kompressor Sport Automatic'),
(2482, '180 Kompressor Sport Coupe'),
(2483, '180 Kompressor Sportcoupe'),
(2484, '180 Kompressor Sports Coupe'),
(2485, '180 Kompressor Sports Coupe Automatic'),
(2486, '180 Kompressor T Classic'),
(2487, '180 Roadster'),
(2488, '180 Roadster Fronttrack'),
(2489, '180 Roadster FrontTrak'),
(2490, '180 RSi'),
(2491, '180 RSi 6M'),
(2492, '180 RX'),
(2493, '180 Sedan'),
(2494, '180 Sports Coupe'),
(2495, '180 Sports Coupe Automatic'),
(2496, '180 T K Classic'),
(2497, '180 T Kompressor Classic'),
(2498, '1800'),
(2499, '1800 Cabriolet'),
(2500, '1800 Convertible'),
(2501, '1800 Coupe'),
(2502, '1800 DX'),
(2503, '1800 ES'),
(2504, '1800 Estate TE'),
(2505, '1800 EX-L'),
(2506, '1800 GF'),
(2507, '1800 GL'),
(2508, '1800 GT'),
(2509, '1800 GTN Coupe'),
(2510, '1800 Injection'),
(2511, '1800 Long XL'),
(2512, '1800 Panel Van'),
(2513, '1800 SL'),
(2514, '1800 Sport'),
(2515, '1800 TS'),
(2516, '1800 XL'),
(2517, '1800 Zagato'),
(2518, '1800D'),
(2519, '1800N Coupe'),
(2520, '180i Automatic'),
(2521, '180i E'),
(2522, '180i E Automatic'),
(2523, '180i GLE'),
(2524, '180i GLS'),
(2525, '180i GLS F-Lift'),
(2526, '180i GSX Automatic'),
(2527, '180i GSX F-Lift'),
(2528, '180i GSX F-Lift Automatic'),
(2529, '180i RS'),
(2530, '180i RX'),
(2531, '180i Se'),
(2532, '180iSe'),
(2533, '180iSx Sport'),
(2534, '180K Avantgarde'),
(2535, '180K Avantgarde Automatic'),
(2536, '180K Classic'),
(2537, '180K Classic Touchshift'),
(2538, '180K Elegance'),
(2539, '180K Elegance Automatic'),
(2540, '180K Estate Avantgarde'),
(2541, '180K Estate Avantgarde Automatic'),
(2542, '180K Estate Classic'),
(2543, '180K Estate Classic Automatic'),
(2544, '180K Estate Elegance'),
(2545, '180K Estate Elegance Automatic'),
(2546, '180K Estate Sport'),
(2547, '180K Estate Sport Automatic'),
(2548, '180K Sport'),
(2549, '180K Sport Automatic'),
(2550, '19'),
(2551, '19 GTi'),
(2552, '19 GTi 4x4'),
(2553, '19 Safari'),
(2554, '19 TGD'),
(2555, '190'),
(2556, '190 Automatic'),
(2557, '190 Elegance'),
(2558, '190 L'),
(2559, '190 L Elegance'),
(2560, '1900'),
(2561, '1900 Caravan'),
(2562, '1900 Coupe'),
(2563, '1900 D'),
(2564, '1900 Mk II'),
(2565, '196 Coupe'),
(2566, '196 Sedan'),
(2567, '196 Station Wagon'),
(2568, '1LT'),
(2569, '1LT 4dr Hatchback (1.2L 4cyl 5M)'),
(2570, '1LT 4dr Hatchback (1.2L 4cyl CVT)'),
(2571, '1LT 4dr Hatchback (electric DD)'),
(2572, '1LT 4dr Sedan (1.4L 4cyl Turbo 6A)'),
(2573, '1LT 4dr Sedan (1.4L 4cyl Turbo 6M)'),
(2574, '1LT Auto'),
(2575, '1LT AWD'),
(2576, '1LT FWD'),
(2577, '1LT Hatch'),
(2578, '1LT Manual'),
(2579, '1LTZ'),
(2580, '1SS'),
(2581, '2'),
(2582, '2 1.4 Va Va Voom'),
(2583, '2 1.6 GL'),
(2584, '2 1.6 GL Automatic'),
(2585, '2 1.6 GLX Automatic'),
(2586, '2 Door Fast Top'),
(2587, '2 Quad Coupe'),
(2588, '2 Quad Coupe Automatic'),
(2589, '2 Sedan'),
(2590, '2 Sedan Automatic'),
(2591, '2+0'),
(2592, '2+2'),
(2593, '2+2 Automatic'),
(2594, '2-Door'),
(2595, '2-Door Autobahn'),
(2596, '2-Door w/ Convenience& Sunroof'),
(2597, '2-Door w/ Sunroof & Nav.'),
(2598, '2-Seater'),
(2599, '2.0'),
(2600, '2.0 135 Esplanade'),
(2601, '2.0 140 Tendance'),
(2602, '2.0 16V'),
(2603, '2.0 16V Automatic Exclusive'),
(2604, '2.0 16V Avantage'),
(2605, '2.0 16V Emotion'),
(2606, '2.0 16V Exclusive'),
(2607, '2.0 16V Style'),
(2608, '2.0 16V Style Automatic'),
(2609, '2.0 16V Tendance'),
(2610, '2.0 16V Trend'),
(2611, '2.0 16V Trend Automatic'),
(2612, '2.0 16V Turbo Dynamique'),
(2613, '2.0 16V Turbo Exception'),
(2614, '2.0 16V VTR Coupe Plus'),
(2615, '2.0 16V VTR Plus'),
(2616, '2.0 16V VTS'),
(2617, '2.0 16V VTS Coupe'),
(2618, '2.0 20V Turbo Soft Emblema'),
(2619, '2.0 240 K'),
(2620, '2.0 240 K Automatic'),
(2621, '2.0 2WD LX'),
(2622, '2.0 330'),
(2623, '2.0 330 Automatic'),
(2624, '2.0 4Motion'),
(2625, '2.0 4Motion Variant'),
(2626, '2.0 4WD'),
(2627, '2.0 4WD Automatic'),
(2628, '2.0 4WD GLS'),
(2629, '2.0 4WD Turbo'),
(2630, '2.0 4x4'),
(2631, '2.0 4x4 Automatic'),
(2632, '2.0 4x4 CRDi'),
(2633, '2.0 4x4 Executive'),
(2634, '2.0 4x4 GX'),
(2635, '2.0 4x4 Sol'),
(2636, '2.0 4x4 VX'),
(2637, '2.0 4x4 VX Automatic'),
(2638, '2.0 810'),
(2639, '2.0 810 Automatic'),
(2640, '2.0 Acenta'),
(2641, '2.0 Active'),
(2642, '2.0 Advanced'),
(2643, '2.0 Advanced Automatic'),
(2644, '2.0 Ambiente'),
(2645, '2.0 Ambiente Automatic'),
(2646, '2.0 Ambiente Combi'),
(2647, '2.0 Arc LPT'),
(2648, '2.0 Arc LPT Automatic'),
(2649, '2.0 Arc Sport'),
(2650, '2.0 Arc T Automatic'),
(2651, '2.0 Automatic'),
(2652, '2.0 Automatica'),
(2653, '2.0 Automatik Exclusive'),
(2654, '2.0 Avantage'),
(2655, '2.0 Avantage Automatic'),
(2656, '2.0 AWD'),
(2657, '2.0 B Coupe'),
(2658, '2.0 B U610'),
(2659, '2.0 Berlina'),
(2660, '2.0 Berline'),
(2661, '2.0 Bi-Fuel Variant'),
(2662, '2.0 Break'),
(2663, '2.0 Break 140 Tendance'),
(2664, '2.0 Break Automatic'),
(2665, '2.0 Break Tendance'),
(2666, '2.0 C Coupe'),
(2667, '2.0 C130'),
(2668, '2.0 C230'),
(2669, '2.0 C30'),
(2670, '2.0 C31'),
(2671, '2.0 C31 Automatic'),
(2672, '2.0 c33'),
(2673, '2.0 c34'),
(2674, '2.0 Cabrio'),
(2675, '2.0 Cabrio Automatic'),
(2676, '2.0 Cabriolet'),
(2677, '2.0 Cabriolet Automatic'),
(2678, '2.0 Cabriolet DY'),
(2679, '2.0 Cabriolet Touring'),
(2680, '2.0 Caravan'),
(2681, '2.0 Caravan Cosmo Turbo'),
(2682, '2.0 Caravan Enjoy Turbo'),
(2683, '2.0 Caravan Turbo'),
(2684, '2.0 CC'),
(2685, '2.0 CC 135 Tendance'),
(2686, '2.0 CC Automatic'),
(2687, '2.0 CC Coupe Cabriolet'),
(2688, '2.0 CD'),
(2689, '2.0 CD Comfort'),
(2690, '2.0 CD Exclusive'),
(2691, '2.0 CD Kombi'),
(2692, '2.0 CD Sport 2.0 Exclusive'),
(2693, '2.0 CD Sport Comfort'),
(2694, '2.0 CDI Trend'),
(2695, '2.0 CDI Trend Comapct'),
(2696, '2.0 CDI Trend Compact'),
(2697, '2.0 CDi Trend Extra Long'),
(2698, '2.0 CDI Trend kompakt'),
(2699, '2.0 CDI Trend L'),
(2700, '2.0 CDi Trend Long'),
(2701, '2.0 CDT'),
(2702, '2.0 CDT Automatic'),
(2703, '2.0 CDTi'),
(2704, '2.0 CDTi Automatic'),
(2705, '2.0 CDTi AWD'),
(2706, '2.0 CDTi AWD Automatic'),
(2707, '2.0 CDTi Charme L'),
(2708, '2.0 CDTi Charme L Automatic'),
(2709, '2.0 CDTi Classic'),
(2710, '2.0 CDTi Classic Automatic'),
(2711, '2.0 CDTi Tourer Classic'),
(2712, '2.0 CDTi Tourer Classic Automatic'),
(2713, '2.0 CDX'),
(2714, '2.0 CDX Automatic'),
(2715, '2.0 CDX Gas'),
(2716, '2.0 CDX Kombi Diesel'),
(2717, '2.0 Cedia'),
(2718, '2.0 Celeste'),
(2719, '2.0 Clipper'),
(2720, '2.0 Clipper Automatic'),
(2721, '2.0 Club'),
(2722, '2.0 Combi'),
(2723, '2.0 Comfort'),
(2724, '2.0 Comfort 4WD'),
(2725, '2.0 Comfort Automatic'),
(2726, '2.0 Comfortline'),
(2727, '2.0 Confort Authentique'),
(2728, '2.0 Convertible'),
(2729, '2.0 Convertible 2.0 SE Automatic'),
(2730, '2.0 Convertible Automatic'),
(2731, '2.0 Convertible SE'),
(2732, '2.0 Cosmo Turbo'),
(2733, '2.0 Coupe'),
(2734, '2.0 Coupe Automatic'),
(2735, '2.0 Coupe Cabriolet'),
(2736, '2.0 Coupe Cabriolet Dynamique'),
(2737, '2.0 Coupe Cabriolet Privilege'),
(2738, '2.0 Coupe Cabriolet Privilege Automatic'),
(2739, '2.0 Coupe HDi'),
(2740, '2.0 Coupe Turbo'),
(2741, '2.0 CRD'),
(2742, '2.0 CRD Automatic'),
(2743, '2.0 CRD Cabriolet'),
(2744, '2.0 CRD Limited'),
(2745, '2.0 CRDi'),
(2746, '2.0 CRDi 4WD GLS'),
(2747, '2.0 CRDi 4x4 H-Matic'),
(2748, '2.0 CRDi Automatic'),
(2749, '2.0 CRDi EX'),
(2750, '2.0 CRDi EX Automatic'),
(2751, '2.0 CRDi GLS'),
(2752, '2.0 CRDi GLS 4WD'),
(2753, '2.0 CRDi GLS Automatic'),
(2754, '2.0 CRDi H-Matic 4WD'),
(2755, '2.0 CRDi LX'),
(2756, '2.0 CRDi VGT 4WD'),
(2757, '2.0 Crossover'),
(2758, '2.0 Crossover CVT'),
(2759, '2.0 Crossover Premium'),
(2760, '2.0 CRTD GSI'),
(2761, '2.0 CSX'),
(2762, '2.0 Cupra'),
(2763, '2.0 Cupra R'),
(2764, '2.0 CVT'),
(2765, '2.0 CVT SXT'),
(2766, '2.0 CVVT'),
(2767, '2.0 CVVT LX'),
(2768, '2.0 D'),
(2769, '2.0 D 330'),
(2770, '2.0 D 4x4'),
(2771, '2.0 D 4x4 Automatic'),
(2772, '2.0 D 910'),
(2773, '2.0 D Aerodeck'),
(2774, '2.0 D Automatic'),
(2775, '2.0 D Berline'),
(2776, '2.0 D Break'),
(2777, '2.0 D Break Automatic'),
(2778, '2.0 D C'),
(2779, '2.0 D C230'),
(2780, '2.0 D C230 Automatic'),
(2781, '2.0 D C31'),
(2782, '2.0 D C31 Automatic'),
(2783, '2.0 D c33'),
(2784, '2.0 D Cabriolet'),
(2785, '2.0 D Caravan'),
(2786, '2.0 D Clipper'),
(2787, '2.0 D Combi'),
(2788, '2.0 D Coupe'),
(2789, '2.0 D E Wagon'),
(2790, '2.0 D Estate'),
(2791, '2.0 D GTS'),
(2792, '2.0 D Hatchback'),
(2793, '2.0 D Liftback'),
(2794, '2.0 D LTZ 4x4'),
(2795, '2.0 D Luna'),
(2796, '2.0 D Picasso'),
(2797, '2.0 D Sedan'),
(2798, '2.0 D Sol'),
(2799, '2.0 D Station Wagon'),
(2800, '2.0 D SW'),
(2801, '2.0 D Vanette'),
(2802, '2.0 D Verso'),
(2803, '2.0 D Wagon'),
(2804, '2.0 D-4D'),
(2805, '2.0 D-4D 4x4'),
(2806, '2.0 D-4D 4x4 Executive'),
(2807, '2.0 D-4D 4x4 Sol'),
(2808, '2.0 D-4D C'),
(2809, '2.0 D-4D Combi'),
(2810, '2.0 d-4d exclusive'),
(2811, '2.0 D-4D Executive'),
(2812, '2.0 D-4D Sol'),
(2813, '2.0 D-Cat Executive'),
(2814, '2.0 D-Cat Sol'),
(2815, '2.0 dCi'),
(2816, '2.0 dCi 4WD'),
(2817, '2.0 dCi 4WD Automatic'),
(2818, '2.0 dCi Acenta'),
(2819, '2.0 dCi Automatic'),
(2820, '2.0 dCi AWD'),
(2821, '2.0 dCi AWD Automatic'),
(2822, '2.0 dCi Dynamic'),
(2823, '2.0 dCi Expression'),
(2824, '2.0 DDiS'),
(2825, '2.0 DI'),
(2826, '2.0 DI Automatic'),
(2827, '2.0 DI Saloon Automatic'),
(2828, '2.0 Di-D'),
(2829, '2.0 Diesel'),
(2830, '2.0 Diesel Automatic'),
(2831, '2.0 Diesel Hatchback'),
(2832, '2.0 Diesel LX'),
(2833, '2.0 Distinctive'),
(2834, '2.0 Distinctive Man'),
(2835, '2.0 Distinctive Selespeed'),
(2836, '2.0 DSi Highline'),
(2837, '2.0 DTI'),
(2838, '2.0 DTI Caravan'),
(2839, '2.0 DTI Hatchback'),
(2840, '2.0 DTI Saloon'),
(2841, '2.0 DTM'),
(2842, '2.0 Duratorq'),
(2843, '2.0 DX I4'),
(2844, '2.0 DY'),
(2845, '2.0 DY Automatic'),
(2846, '2.0 Dynamic'),
(2847, '2.0 Dynamique'),
(2848, '2.0 Dynamique Automatic'),
(2849, '2.0 E'),
(2850, '2.0 E Automatic'),
(2851, '2.0 E Cabriolet'),
(2852, '2.0 E Quattro'),
(2853, '2.0 Eco Life'),
(2854, '2.0 EcoBoost'),
(2855, '2.0 EcoBoost Automatic'),
(2856, '2.0 EcoFuel'),
(2857, '2.0 EFI'),
(2858, '2.0 Elegance'),
(2859, '2.0 Elegance Combi'),
(2860, '2.0 Elegance Sedan'),
(2861, '2.0 Elegant'),
(2862, '2.0 Eleganza'),
(2863, '2.0 Eleganza Automatic'),
(2864, '2.0 Emotion'),
(2865, '2.0 Enjoy Turbo'),
(2866, '2.0 Esplanade'),
(2867, '2.0 Estate'),
(2868, '2.0 Estate Automatic'),
(2869, '2.0 EX'),
(2870, '2.0 Exclusive'),
(2871, '2.0 Exclusive 4WD'),
(2872, '2.0 Exclusive Automatic'),
(2873, '2.0 Exec'),
(2874, '2.0 Executive'),
(2875, '2.0 EXi'),
(2876, '2.0 Expression'),
(2877, '2.0 Expression Automatic'),
(2878, '2.0 Expression Grandtour'),
(2879, '2.0 Extra'),
(2880, '2.0 Extra Combi'),
(2881, '2.0 Extra Sedan'),
(2882, '2.0 Family'),
(2883, '2.0 FI'),
(2884, '2.0 FR'),
(2885, '2.0 FSi'),
(2886, '2.0 FSI 4Motion Comfortline'),
(2887, '2.0 FSI 4Motion Comfortline Automatic'),
(2888, '2.0 FSi Ambition'),
(2889, '2.0 FSI Ambition Tiptronic'),
(2890, '2.0 FSi Ambiton Tiptronic'),
(2891, '2.0 FSI Attraction'),
(2892, '2.0 FSI Attraction Automatic'),
(2893, '2.0 FSi Attraction Tiptronic'),
(2894, '2.0 FSI Automatic'),
(2895, '2.0 FSi Combi'),
(2896, '2.0 FSi Combi 4WD'),
(2897, '2.0 FSi Combi 4WD Automatic'),
(2898, '2.0 FSi Combi 4x4'),
(2899, '2.0 FSi Combi 4x4 Automatic'),
(2900, '2.0 FSi Combi Automatic'),
(2901, '2.0 FSI Comfortline'),
(2902, '2.0 FSI Comfortline Automatic'),
(2903, '2.0 FSi Comfortline Tiptronic'),
(2904, '2.0 FSI FR'),
(2905, '2.0 FSI Highline'),
(2906, '2.0 FSI Sport Tiptronic'),
(2907, '2.0 FSI Sportback Ambition'),
(2908, '2.0 FSI Sportback Ambition Tiptronic'),
(2909, '2.0 FSI Sportback Ambitionual'),
(2910, '2.0 FSI Sportback Attraction'),
(2911, '2.0 FSI Sportback Attraction Automatic'),
(2912, '2.0 FSI Sportline'),
(2913, '2.0 FSI Sportline Automatic'),
(2914, '2.0 FSi Stylance'),
(2915, '2.0 FSI Stylance Automatic'),
(2916, '2.0 FSi Tiptronic'),
(2917, '2.0 FSI Trendline'),
(2918, '2.0 FSI Trendline Automatic'),
(2919, '2.0 G'),
(2920, '2.0 G6'),
(2921, '2.0 G6E'),
(2922, '2.0 GDI'),
(2923, '2.0 Ghia'),
(2924, '2.0 GL'),
(2925, '2.0 GL 3-Door'),
(2926, '2.0 GL 3-Door Automatic'),
(2927, '2.0 GL 4WD'),
(2928, '2.0 GL 5-Door'),
(2929, '2.0 GL 5-Door Automatic'),
(2930, '2.0 GL AWD'),
(2931, '2.0 GL Berlina'),
(2932, '2.0 GL Station Wagon'),
(2933, '2.0 GLi'),
(2934, '2.0 GLS'),
(2935, '2.0 GLS 3-Door'),
(2936, '2.0 GLS 3-Door Automatic'),
(2937, '2.0 GLS 4WD'),
(2938, '2.0 GLS 4x4'),
(2939, '2.0 GLS 5-Door'),
(2940, '2.0 GLS 5-Door Automatic'),
(2941, '2.0 GLS Automatic'),
(2942, '2.0 GLS AWD'),
(2943, '2.0 GLS CRDi'),
(2944, '2.0 GLX'),
(2945, '2.0 GPX Manual'),
(2946, '2.0 GR Estate'),
(2947, '2.0 Grand Touring'),
(2948, '2.0 Grand Touring Automatic'),
(2949, '2.0 Grandtour Confort Authentique'),
(2950, '2.0 Grandtour Dynamique'),
(2951, '2.0 GS'),
(2952, '2.0 GSi'),
(2953, '2.0 GSR'),
(2954, '2.0 GT'),
(2955, '2.0 GT AWD S'),
(2956, '2.0 GT AWD StationWagon SportShift'),
(2957, '2.0 GT Premium'),
(2958, '2.0 GT Premium AWD'),
(2959, '2.0 GT SportShift'),
(2960, '2.0 GT SportShift AWD'),
(2961, '2.0 GT SportShift Premium'),
(2962, '2.0 GT SportsWagon SportShift AWD'),
(2963, '2.0 GT StationWagon AWD'),
(2964, '2.0 GT StationWagon Premium'),
(2965, '2.0 GT StationWagon Premium AWD'),
(2966, '2.0 GT Touring Wagon Automatic'),
(2967, '2.0 GTE CC Coupe'),
(2968, '2.0 GTE Coupe'),
(2969, '2.0 GTI'),
(2970, '2.0 GTi 2.0T FSi'),
(2971, '2.0 GTi 2.0T FSi DSG'),
(2972, '2.0 GTi Automatic'),
(2973, '2.0 GTi Turbo DSG'),
(2974, '2.0 GTS'),
(2975, '2.0 GTX Hatchback'),
(2976, '2.0 GTX Nevada'),
(2977, '2.0 GX'),
(2978, '2.0 Hardtop'),
(2979, '2.0 Hatch'),
(2980, '2.0 Hatchback'),
(2981, '2.0 HDi'),
(2982, '2.0 HDi 109 SX Plus'),
(2983, '2.0 HDi 109 SX Plus Automatic'),
(2984, '2.0 HDi 110 Grand Filou Cool'),
(2985, '2.0 HDi 135 Tendance'),
(2986, '2.0 HDi 90 Grand Filou'),
(2987, '2.0 HDi 90 SX Plus'),
(2988, '2.0 HDi 90 Tendance'),
(2989, '2.0 HDi Automatic'),
(2990, '2.0 HDi Break'),
(2991, '2.0 HDi Break 135 Tendance'),
(2992, '2.0 HDi Esplanade'),
(2993, '2.0 HDi FAP Break Tendance'),
(2994, '2.0 HDi FAP Esplanade'),
(2995, '2.0 HDi FAP VTR Coupe Plus'),
(2996, '2.0 HDi FAP VTR Plus'),
(2997, '2.0 HDi Multispace Plus'),
(2998, '2.0 HDI Sedan'),
(2999, '2.0 HDi Spacelight'),
(3000, '2.0 HDi ST'),
(3001, '2.0 HDi ST Comfort'),
(3002, '2.0 HDi ST Comfort SW'),
(3003, '2.0 HDi ST Exec'),
(3004, '2.0 HDi ST Executive'),
(3005, '2.0 HDI Station Wagon'),
(3006, '2.0 HDi Style'),
(3007, '2.0 HDi Style Automatic'),
(3008, '2.0 HDi SW 135 Premium'),
(3009, '2.0 HDi SX Plus'),
(3010, '2.0 HDi Tendance'),
(3011, '2.0 HDi VTR Plus'),
(3012, '2.0 HDi X'),
(3013, '2.0 HDi X Automatic'),
(3014, '2.0 HDi XT'),
(3015, '2.0 High'),
(3016, '2.0 High Hard Top'),
(3017, '2.0 High Soft Top'),
(3018, '2.0 Highline'),
(3019, '2.0 Highline Automatic'),
(3020, '2.0 HPE'),
(3021, '2.0 HPE Automatic'),
(3022, '2.0 HPi'),
(3023, '2.0 HSE TD4 Automatic'),
(3024, '2.0 i Grand Touring Hatchback'),
(3025, '2.0 i Grand Touring Sedan'),
(3026, '2.0 i Sport'),
(3027, '2.0 i Sport Sedan'),
(3028, '2.0 i Sport Sedan Automatic'),
(3029, '2.0 i SV'),
(3030, '2.0 i SV Sedan'),
(3031, '2.0 i Touring'),
(3032, '2.0 i Touring Hatchback'),
(3033, '2.0 i Touring Hatchback Automatic'),
(3034, '2.0 i Touring Sedan'),
(3035, '2.0 i Touring Sedan Automatic'),
(3036, '2.0 i-VTEC'),
(3037, '2.0 i-VTEC Automatic'),
(3038, '2.0 i-Vtex'),
(3039, '2.0 i-Vtex Automatic'),
(3040, '2.0 IE'),
(3041, '2.0 IE Turbo'),
(3042, '2.0 Individual'),
(3043, '2.0 Invite'),
(3044, '2.0 JTD'),
(3045, '2.0 JTS'),
(3046, '2.0 JTS 16V'),
(3047, '2.0 JTS 16V Exclusive'),
(3048, '2.0 JTS Exclusive'),
(3049, '2.0 JTS Progression'),
(3050, '2.0 JTS Progression Automatic'),
(3051, '2.0 K V6'),
(3052, '2.0 K V6 Automatic'),
(3053, '2.0 Komfort'),
(3054, '2.0 L 2WD'),
(3055, '2.0 L 4WD'),
(3056, '2.0 L CRD SXT'),
(3057, '2.0 l MZR'),
(3058, '2.0 Laser'),
(3059, '2.0 LE'),
(3060, '2.0 LE Anniversary Edition'),
(3061, '2.0 LE Popular'),
(3062, '2.0 Liftback'),
(3063, '2.0 Liftback Automatic'),
(3064, '2.0 Limited'),
(3065, '2.0 Limited Diesel'),
(3066, '2.0 Linear'),
(3067, '2.0 Linear Automatic'),
(3068, '2.0 Linear LPT'),
(3069, '2.0 Linear LPT Automatic'),
(3070, '2.0 LS'),
(3071, '2.0 LSE Wagon'),
(3072, '2.0 LT'),
(3073, '2.0 LT Automatic'),
(3074, '2.0 Lux'),
(3075, '2.0 Luxury'),
(3076, '2.0 Luxury Limited'),
(3077, '2.0 Luxury Limited PZEV'),
(3078, '2.0 Luxury Plus'),
(3079, '2.0 Luxury Plus PZEV'),
(3080, '2.0 Luxury PZEV'),
(3081, '2.0 LX'),
(3082, '2.0 LX 4WD'),
(3083, '2.0 LX Automatic'),
(3084, '2.0 LX Station Wagon'),
(3085, '2.0 LX0'),
(3086, '2.0 MK I'),
(3087, '2.0 MK II'),
(3088, '2.0 MK III'),
(3089, '2.0 MK III Automatic'),
(3090, '2.0 MK III Station Wagon'),
(3091, '2.0 MK III Station Wagon Automatic'),
(3092, '2.0 Multijet'),
(3093, '2.0 Multitronic'),
(3094, '2.0 Multitronic Exec'),
(3095, '2.0 MZR'),
(3096, '2.0 MZR Automatic'),
(3097, '2.0 MZR Expression'),
(3098, '2.0 MZR Roadster Coupe'),
(3099, '2.0 MZR Roadster Coupe Automatic'),
(3100, '2.0 MZR Roadster Coupe Expression'),
(3101, '2.0 MZR-CD'),
(3102, '2.0 MZR-CD Comfort'),
(3103, '2.0 Navigator'),
(3104, '2.0 Nevada'),
(3105, '2.0 OPC'),
(3106, '2.0 Original'),
(3107, '2.0 Oxygo'),
(3108, '2.0 P1'),
(3109, '2.0 Petrol XE'),
(3110, '2.0 Picasso'),
(3111, '2.0 Pininfarina'),
(3112, '2.0 Pininfarina Automatic'),
(3113, '2.0 Premium'),
(3114, '2.0 Privilege'),
(3115, '2.0 Privilege Automatic'),
(3116, '2.0 PZEV Sedan'),
(3117, '2.0 PZEV Wagon'),
(3118, '2.0 Quadrifoglio'),
(3119, '2.0 R'),
(3120, '2.0 R Automatic'),
(3121, '2.0 R Combi'),
(3122, '2.0 R Limousine'),
(3123, '2.0 R Sedan'),
(3124, '2.0 R Sedan Automatic'),
(3125, '2.0 R Sportshift'),
(3126, '2.0 R StationWagon'),
(3127, '2.0 R StationWagon SportShift'),
(3128, '2.0 R Touring Wagon'),
(3129, '2.0 R Touring Wagon Automatic'),
(3130, '2.0 R Wagon'),
(3131, '2.0 R Wagon Sportshift'),
(3132, '2.0 R-Line'),
(3133, '2.0 R-Line Automatic'),
(3134, '2.0 R-Line PZEV'),
(3135, '2.0 RC 180'),
(3136, '2.0 Roadster Coupe'),
(3137, '2.0 RS'),
(3138, '2.0 RT'),
(3139, '2.0 RT 100'),
(3140, '2.0 RT 100 Automatic'),
(3141, '2.0 RT Automatic'),
(3142, '2.0 RT Si'),
(3143, '2.0 Ruff & Tuff'),
(3144, '2.0 RVi'),
(3145, '2.0 RVi Automatic'),
(3146, '2.0 RVSi'),
(3147, '2.0 RVSi Automatic'),
(3148, '2.0 RX4 Expression'),
(3149, '2.0 RX4 Privilege'),
(3150, '2.0 RX4 Sportway'),
(3151, '2.0 RXE'),
(3152, '2.0 S'),
(3153, '2.0 S 4Motion'),
(3154, '2.0 S Automatic'),
(3155, '2.0 S Coupe'),
(3156, '2.0 S RTi'),
(3157, '2.0 S Type A Automatic'),
(3158, '2.0 S10'),
(3159, '2.0 S10 Automatic'),
(3160, '2.0 S110'),
(3161, '2.0 S110 Automatic'),
(3162, '2.0 Saloon'),
(3163, '2.0 Scenic'),
(3164, '2.0 Scenic Automatic'),
(3165, '2.0 SDI'),
(3166, '2.0 SDi Comfortline'),
(3167, '2.0 SDi Life'),
(3168, '2.0 SDi Sportline'),
(3169, '2.0 SDi Trendline'),
(3170, '2.0 SE'),
(3171, '2.0 SE 4Motion'),
(3172, '2.0 SE Automatic'),
(3173, '2.0 SE Coupe'),
(3174, '2.0 SE Estate'),
(3175, '2.0 SE Sport'),
(3176, '2.0 SE Sport Automatic'),
(3177, '2.0 Sedan'),
(3178, '2.0 Sedan Automatic'),
(3179, '2.0 Sedan B10'),
(3180, '2.0 Sedan Extra'),
(3181, '2.0 SEL'),
(3182, '2.0 SEL 4Motion'),
(3183, '2.0 Selespeed'),
(3184, '2.0 SES'),
(3185, '2.0 SES Coupe'),
(3186, '2.0 Si'),
(3187, '2.0 Si Automatic'),
(3188, '2.0 Si Coupe'),
(3189, '2.0 Si Hatch'),
(3190, '2.0 Si Sedan'),
(3191, '2.0 SL'),
(3192, '2.0 Sol'),
(3193, '2.0 Special Edition'),
(3194, '2.0 Sport'),
(3195, '2.0 Sport Automatic'),
(3196, '2.0 Sport Convenience'),
(3197, '2.0 Sport Dynamic'),
(3198, '2.0 Sport Exclusive'),
(3199, '2.0 Sport Exclusive Automatic'),
(3200, '2.0 Sport GTS'),
(3201, '2.0 Sport Individual'),
(3202, '2.0 Sport PZEV'),
(3203, '2.0 Sport S'),
(3204, '2.0 Sport SE'),
(3205, '2.0 Sport Sedan'),
(3206, '2.0 Sport Top'),
(3207, '2.0 Sport Touring'),
(3208, '2.0 SportBack'),
(3209, '2.0 SportBack CVT'),
(3210, '2.0 SportBack GTS'),
(3211, '2.0 SportBack Technology'),
(3212, '2.0 SportCombi 2.8 V6'),
(3213, '2.0 SportCombi 2.8 V6 Automatic'),
(3214, '2.0 Sporthatch'),
(3215, '2.0 Sportive'),
(3216, '2.0 Sportive Automatic'),
(3217, '2.0 Sports'),
(3218, '2.0 SportWagen TDi'),
(3219, '2.0 Spyder'),
(3220, '2.0 SR'),
(3221, '2.0 SR D4-D'),
(3222, '2.0 ST'),
(3223, '2.0 ST 170'),
(3224, '2.0 ST 170 Turnier'),
(3225, '2.0 ST Break'),
(3226, '2.0 ST Break Automatic'),
(3227, '2.0 ST Comfort'),
(3228, '2.0 ST Comfort Automatic'),
(3229, '2.0 Station Wagon'),
(3230, '2.0 Stella'),
(3231, '2.0 Style'),
(3232, '2.0 Style Automatic'),
(3233, '2.0 Suite'),
(3234, '2.0 SULEV Sedan'),
(3235, '2.0 SULEV Wagon'),
(3236, '2.0 Super Lucent'),
(3237, '2.0 Super Lucent Four'),
(3238, '2.0 Supra'),
(3239, '2.0 SV'),
(3240, '2.0 SW'),
(3241, '2.0 SW 135'),
(3242, '2.0 SW 140 Premium'),
(3243, '2.0 SW HDi 135'),
(3244, '2.0 SW Sport'),
(3245, '2.0 SX'),
(3246, '2.0 SX Automatic'),
(3247, '2.0 SX Gas'),
(3248, '2.0 Sylphy'),
(3249, '2.0 T'),
(3250, '2.0 T Aero'),
(3251, '2.0 T Aero Automatic'),
(3252, '2.0 T Aero Cabriolet'),
(3253, '2.0 T Aero Cabriolet Automatic'),
(3254, '2.0 T Arc Sport'),
(3255, '2.0 T Arc Sport Automatic'),
(3256, '2.0 T Automatic'),
(3257, '2.0 T Avant Quattro'),
(3258, '2.0 T Avant Quattro Tiptronic'),
(3259, '2.0 T AWD DSG'),
(3260, '2.0 T Cabriolet Multitronic'),
(3261, '2.0 T Cabriolet Quattro Tiptronic'),
(3262, '2.0 T Cabriolet QuattroTiptronic'),
(3263, '2.0 T DSG'),
(3264, '2.0 T Ecopower'),
(3265, '2.0 T Ecopower Automatic'),
(3266, '2.0 T Edition'),
(3267, '2.0 T Edition Automatic'),
(3268, '2.0 T FSI'),
(3269, '2.0 T FSI Ambition'),
(3270, '2.0 T FSI Ambition DSG'),
(3271, '2.0 T FSi Cabriolet'),
(3272, '2.0 T FSI Cabriolet Multitronic'),
(3273, '2.0 T FSI DTM'),
(3274, '2.0 T FSI DTM Edition'),
(3275, '2.0 T FSI Multitronic'),
(3276, '2.0 T FSi Quattro'),
(3277, '2.0 T FSI Quattro Automatic'),
(3278, '2.0 T FSI Quattro DTM Edition'),
(3279, '2.0 T FSI Quattro DTM Edition Automatic'),
(3280, '2.0 T FSI Quattro Sportback Ambition'),
(3281, '2.0 T FSI Quattro Tiptronic'),
(3282, '2.0 T FSi Sportback Ambition'),
(3283, '2.0 T FSI Sportback Ambitionual'),
(3284, '2.0 T FSI Sportback DSG'),
(3285, '2.0 T Kinetic'),
(3286, '2.0 T Kinetic Automatic'),
(3287, '2.0 T Linear'),
(3288, '2.0 T Linear Automatic'),
(3289, '2.0 T Linear Cabriolet'),
(3290, '2.0 T Linear Cabriolet Automatic'),
(3291, '2.0 T Linear Sport Combi'),
(3292, '2.0 T Linear Sport Combi Automatic'),
(3293, '2.0 T Multitronic'),
(3294, '2.0 T Quattro'),
(3295, '2.0 T Quattro Tiptronic'),
(3296, '2.0 T Sedan FrontTrak Multitronic'),
(3297, '2.0 T Sedan Quattro'),
(3298, '2.0 T Sedan Quattro Tiptronic'),
(3299, '2.0 T Spark Selespeed'),
(3300, '2.0 T Vector Sport'),
(3301, '2.0 T Vector Sport Automatic'),
(3302, '2.0 T Wagon'),
(3303, '2.0 T Wagon Automatic'),
(3304, '2.0 T.Spark'),
(3305, '2.0 T.Spark Distinctive'),
(3306, '2.0 T.Spark Distinctive Automatic'),
(3307, '2.0 T.Spark L'),
(3308, '2.0 T.Spark Progression'),
(3309, '2.0 T.Spark Selespeed'),
(3310, '2.0 T.Spark Sportwagon Veloce'),
(3311, '2.0 T.Spark Veloce'),
(3312, '2.0 TD'),
(3313, '2.0 TD Classic'),
(3314, '2.0 TD Club'),
(3315, '2.0 TD Comfort'),
(3316, '2.0 TD Exclusive'),
(3317, '2.0 TD R1'),
(3318, '2.0 TD R2'),
(3319, '2.0 TD XL-7'),
(3320, '2.0 TD XL-7 Comfort'),
(3321, '2.0 TD4 Automatic'),
(3322, '2.0 TDCi'),
(3323, '2.0 TDCi Ambiente'),
(3324, '2.0 TDCi Ambiente Automatic'),
(3325, '2.0 TDCi Coupe Cabriolet'),
(3326, '2.0 TDCi Ghia'),
(3327, '2.0 TDCi Hatch'),
(3328, '2.0 TDCi Si'),
(3329, '2.0 TDCi Trend'),
(3330, '2.0 TDCi Trend Automatic'),
(3331, '2.0 TDCi Turnier'),
(3332, '2.0 TDCi Turnier Ambiente'),
(3333, '2.0 TDCi Turnier Ambiente Automatic'),
(3334, '2.0 TDCi Turnier Automatic'),
(3335, '2.0 TDDi Ambiente'),
(3336, '2.0 TDDi Turnier Ambiente'),
(3337, '2.0 TDi'),
(3338, '2.0 TDI 2WD'),
(3339, '2.0 TDI 3 Door'),
(3340, '2.0 TDI 3 Door Automatic'),
(3341, '2.0 TDI 4Motion'),
(3342, '2.0 TDi 4Motion Sportline'),
(3343, '2.0 TDI 5 Door'),
(3344, '2.0 TDI 5 Door Automatic'),
(3345, '2.0 TDI AllRoad'),
(3346, '2.0 TDI AllRoad Automatic'),
(3347, '2.0 TDI Ambition'),
(3348, '2.0 TDI Ambition DSG'),
(3349, '2.0 TDi Ambition Sportback S-Tronic'),
(3350, '2.0 TDi Ambition Sportbackual'),
(3351, '2.0 TDI Ambitionual'),
(3352, '2.0 TDI Attraction'),
(3353, '2.0 TDI Attraction Automatic'),
(3354, '2.0 TDi Attraction Multitronic'),
(3355, '2.0 TDI Automatic'),
(3356, '2.0 TDI Avant'),
(3357, '2.0 TDI Avant Automatic'),
(3358, '2.0 TDI BlueMotion'),
(3359, '2.0 TDI BlueMotion 170PS'),
(3360, '2.0 TDI BlueMotion Estate'),
(3361, '2.0 TDI BlueMotion Sedan'),
(3362, '2.0 TDI Cabriolet'),
(3363, '2.0 TDI Comfortline'),
(3364, '2.0 TDI Convertible'),
(3365, '2.0 TDI Convertible Automatic'),
(3366, '2.0 TDI Convertible Quattro'),
(3367, '2.0 TDI Coupe'),
(3368, '2.0 TDI Coupe Quattro'),
(3369, '2.0 TDI CR'),
(3370, '2.0 TDi DSG'),
(3371, '2.0 TDi Elegance'),
(3372, '2.0 TDI Estate'),
(3373, '2.0 TDi GT'),
(3374, '2.0 TDi GT Automatic'),
(3375, '2.0 TDI Highline'),
(3376, '2.0 TDI Highline DSG'),
(3377, '2.0 TDI Multitronic'),
(3378, '2.0 TDI PD'),
(3379, '2.0 TDI PD Automatic'),
(3380, '2.0 TDi PD Classic'),
(3381, '2.0 TDi PD Combi'),
(3382, '2.0 TDi PD Combi Automatic'),
(3383, '2.0 TDI Premium'),
(3384, '2.0 TDi Quattro'),
(3385, '2.0 TDI Quattro Ambition'),
(3386, '2.0 TDI Quattro Sportback Ambition'),
(3387, '2.0 TDi RS'),
(3388, '2.0 TDI Saloon'),
(3389, '2.0 TDI SE'),
(3390, '2.0 TDI SEL Premium'),
(3391, '2.0 TDI Sport'),
(3392, '2.0 TDI Sport Automatic'),
(3393, '2.0 TDi Sport DSG'),
(3394, '2.0 TDI Sportback'),
(3395, '2.0 TDI Sportback Ambition'),
(3396, '2.0 TDI Sportback Ambition DSG'),
(3397, '2.0 TDI Sportback Ambitionual'),
(3398, '2.0 TDI Sportback Attraction'),
(3399, '2.0 TDI Sportback Attraction Automatic'),
(3400, '2.0 TDI Sportback Automatic'),
(3401, '2.0 TDi Sportline'),
(3402, '2.0 TDI SportWagen'),
(3403, '2.0 TDI SportWagen Automatic'),
(3404, '2.0 TDI Stylance'),
(3405, '2.0 TDI Stylance Automatic'),
(3406, '2.0 TDi Trendline'),
(3407, '2.0 TDI Variant'),
(3408, '2.0 TDi-PD Classic'),
(3409, '2.0 Tendance'),
(3410, '2.0 Tendance Combi'),
(3411, '2.0 TFSi'),
(3412, '2.0 TFSi Automatic'),
(3413, '2.0 TFSI Comfortline'),
(3414, '2.0 TFSI Comfortline Automatic'),
(3415, '2.0 TFSi Convertible'),
(3416, '2.0 TFSi Convertible Automatic'),
(3417, '2.0 TFSi Cupra R'),
(3418, '2.0 TFSi FR'),
(3419, '2.0 TFSi Quattro S-Tronic'),
(3420, '2.0 TFSi Sportback'),
(3421, '2.0 TFSi Sportback Automatic'),
(3422, '2.0 ti'),
(3423, '2.0 Tino'),
(3424, '2.0 Tip'),
(3425, '2.0 Top'),
(3426, '2.0 Touring'),
(3427, '2.0 Touring Automatic'),
(3428, '2.0 Trend'),
(3429, '2.0 Trend Automatic'),
(3430, '2.0 Trendline'),
(3431, '2.0 TS'),
(3432, '2.0 TS Aero'),
(3433, '2.0 TS Aero Automatic'),
(3434, '2.0 TS Convertible Aero'),
(3435, '2.0 TS Distinctive'),
(3436, '2.0 TS Distinctive Automatic'),
(3437, '2.0 TS Lusso'),
(3438, '2.0 TS Sportwagon Veloce'),
(3439, '2.0 TS Veloce TI'),
(3440, '2.0 TSFI AllRoad'),
(3441, '2.0 TSFI AllRoad Automatic'),
(3442, '2.0 TSi'),
(3443, '2.0 TSI Automatic'),
(3444, '2.0 Turbo'),
(3445, '2.0 Turbo 4WD'),
(3446, '2.0 Turbo Authentique'),
(3447, '2.0 Turbo Authentique Automatic'),
(3448, '2.0 Turbo Automatic'),
(3449, '2.0 Turbo Caravan'),
(3450, '2.0 Turbo Cosmo'),
(3451, '2.0 Turbo Cosmo Twintop'),
(3452, '2.0 Turbo Coupe'),
(3453, '2.0 Turbo Coupe Cabrioet Dynamique'),
(3454, '2.0 Turbo Coupe Cabriolet Dynamique'),
(3455, '2.0 Turbo Diesel'),
(3456, '2.0 Turbo DSL'),
(3457, '2.0 Turbo Dynamique'),
(3458, '2.0 Turbo Dynamique Grandtour'),
(3459, '2.0 Turbo Estate'),
(3460, '2.0 Turbo Exception'),
(3461, '2.0 Turbo Expression'),
(3462, '2.0 Turbo OPC'),
(3463, '2.0 Turbo Soft'),
(3464, '2.0 Turbo Soft Executive'),
(3465, '2.0 Turbo Sport'),
(3466, '2.0 Turbodelta'),
(3467, '2.0 Turbodiesel'),
(3468, '2.0 Turbodiesel Estate'),
(3469, '2.0 Turnier'),
(3470, '2.0 Turnier Ambiente'),
(3471, '2.0 Turnier Ambiente Automatic'),
(3472, '2.0 Turnier Automatic'),
(3473, '2.0 Turnier Viva'),
(3474, '2.0 Turnier Viva Automatic'),
(3475, '2.0 Twin Spark'),
(3476, '2.0 Twin Spark 16V Progression'),
(3477, '2.0 Twin Spark Distinctive'),
(3478, '2.0 Twin Spark Distinctive Automatic'),
(3479, '2.0 Twin Spark Lusso'),
(3480, '2.0 Twin Spark Selespeed'),
(3481, '2.0 Twin Spark Sportwagon Veloce'),
(3482, '2.0 Twin Spark Veloce'),
(3483, '2.0 Type-.R'),
(3484, '2.0 V4'),
(3485, '2.0 V6'),
(3486, '2.0 V6 Automatic'),
(3487, '2.0 V6 Celeste'),
(3488, '2.0 V6 SE'),
(3489, '2.0 V6 SE Automatic'),
(3490, '2.0 V6 SE Estate'),
(3491, '2.0 V6 Turbo'),
(3492, '2.0 Value Edition'),
(3493, '2.0 Vanette'),
(3494, '2.0 Variant'),
(3495, '2.0 Variant Automatic'),
(3496, '2.0 VC Estate'),
(3497, '2.0 VC Estate Automatic'),
(3498, '2.0 VCDi'),
(3499, '2.0 VCDi Hatchback'),
(3500, '2.0 VCDi Sedan'),
(3501, '2.0 VCDi Sedan Automatic'),
(3502, '2.0 VDCi'),
(3503, '2.0 VDCi Hatchback'),
(3504, '2.0 Vector'),
(3505, '2.0 Vector Sport'),
(3506, '2.0 Vector Sport Automatic'),
(3507, '2.0 Vigo'),
(3508, '2.0 Visia'),
(3509, '2.0 Visia Plus'),
(3510, '2.0 Visia Plus Traveller'),
(3511, '2.0 Vista'),
(3512, '2.0 Viva'),
(3513, '2.0 Viva Automatic'),
(3514, '2.0 VSX'),
(3515, '2.0 Vtec'),
(3516, '2.0 VTR Plus'),
(3517, '2.0 VTS'),
(3518, '2.0 VTS Coupe'),
(3519, '2.0 VVT-i'),
(3520, '2.0 VVT-i Sol'),
(3521, '2.0 VVT-i SRX'),
(3522, '2.0 VVTi Sol'),
(3523, '2.0 VVTi SRX'),
(3524, '2.0 Wagon'),
(3525, '2.0 Wagon Automatic'),
(3526, '2.0 WR1'),
(3527, '2.0 WRX'),
(3528, '2.0 WRX Sedan'),
(3529, '2.0 WRX Sport Wagon'),
(3530, '2.0 WRX Sport Wagon Automatic'),
(3531, '2.0 WRX Sports Wagon'),
(3532, '2.0 WRX STi'),
(3533, '2.0 WRX STi Sedan 4WD'),
(3534, '2.0 WRX STi Type RA'),
(3535, '2.0 X'),
(3536, '2.0 X Active'),
(3537, '2.0 X Automatic'),
(3538, '2.0 X Comfort'),
(3539, '2.0 X Festival'),
(3540, '2.0 X Trend'),
(3541, '2.0 XS'),
(3542, '2.0 XS Automatic'),
(3543, '2.0 XT'),
(3544, '2.0 XT Coupe'),
(3545, '2.0 XT HDi'),
(3546, '2.0 XT Turbo'),
(3547, '2.0 Zetec E'),
(3548, '2.0+ OPC'),
(3549, '2.0d'),
(3550, '2.0D 4WD'),
(3551, '2.0D 4x4'),
(3552, '2.0D Activity'),
(3553, '2.0D Automatic'),
(3554, '2.0D Automatic 4WD'),
(3555, '2.0D Automatic 4x4'),
(3556, '2.0D Estate'),
(3557, '2.0D Exclusive'),
(3558, '2.0D LTZ 4x4'),
(3559, '2.0D Sedan'),
(3560, '2.0D Sport'),
(3561, '2.0D X'),
(3562, '2.0D XC'),
(3563, '2.0D XS'),
(3564, '2.0F'),
(3565, '2.0i'),
(3566, '2.0i 16V'),
(3567, '2.0i 16V Automatic'),
(3568, '2.0i 16V Highclass'),
(3569, '2.0i 4-dr'),
(3570, '2.0i 4WD'),
(3571, '2.0i 4x4 CRDi'),
(3572, '2.0i 5-dr'),
(3573, '2.0i Aerodeck'),
(3574, '2.0i Automatic'),
(3575, '2.0i Break Turbo'),
(3576, '2.0i Cabriolet'),
(3577, '2.0i CD'),
(3578, '2.0i CD Estate'),
(3579, '2.0i Coupe'),
(3580, '2.0i CRDi 4x4 Automatic'),
(3581, '2.0i ES'),
(3582, '2.0i ES Aerodeck'),
(3583, '2.0i ES Automatic'),
(3584, '2.0i ES Sport'),
(3585, '2.0i ES Sport Automatic'),
(3586, '2.0i Estate'),
(3587, '2.0i Exclusive Roadster'),
(3588, '2.0i Executive'),
(3589, '2.0i Executive Automatic'),
(3590, '2.0i GLE'),
(3591, '2.0i GT 4WS'),
(3592, '2.0i Hatchback'),
(3593, '2.0i Hatchback CVT'),
(3594, '2.0i HDi'),
(3595, '2.0i Hdi Exclusive'),
(3596, '2.0i Highclass'),
(3597, '2.0i LE 16v Automatic'),
(3598, '2.0i Limited'),
(3599, '2.0i Limited 4-dr'),
(3600, '2.0i Limited 5-dr'),
(3601, '2.0i Limited Hatchback'),
(3602, '2.0i Limited PZEV 4dr Hatchback AWD (2.0L 4cyl CVT)'),
(3603, '2.0i Limited PZEV 4dr Sedan AWD (2.0L 4cyl CVT)'),
(3604, '2.0i Limited PZEV Hatchback'),
(3605, '2.0i Limited PZEV Sedan'),
(3606, '2.0i Limited Sedan'),
(3607, '2.0i LS'),
(3608, '2.0i LS Automatic'),
(3609, '2.0i MZR'),
(3610, '2.0i MZR Automatic'),
(3611, '2.0i MZR-CD'),
(3612, '2.0i Picasso'),
(3613, '2.0i Premium'),
(3614, '2.0i Premium 4-dr'),
(3615, '2.0i Premium 5-dr'),
(3616, '2.0i Premium Hatchback'),
(3617, '2.0i Premium Hatchback CVT'),
(3618, '2.0i Premium PZEV 4dr Hatchback AWD (2.0L 4cyl 5M)'),
(3619, '2.0i Premium PZEV 4dr Hatchback AWD (2.0L 4cyl CVT)'),
(3620, '2.0i Premium PZEV 4dr Sedan AWD (2.0L 4cyl 5M)'),
(3621, '2.0i Premium PZEV 4dr Sedan AWD (2.0L 4cyl CVT)'),
(3622, '2.0i Premium PZEV Hatchback'),
(3623, '2.0i Premium PZEV Hatchback CVT'),
(3624, '2.0i Premium PZEV Sedan'),
(3625, '2.0i Premium PZEV Sedan CVT'),
(3626, '2.0i Premium Sedan'),
(3627, '2.0i Premium Sedan CVT'),
(3628, '2.0i PZEV 4dr Hatchback AWD (2.0L 4cyl 5M)'),
(3629, '2.0i PZEV 4dr Hatchback AWD (2.0L 4cyl CVT)'),
(3630, '2.0i PZEV 4dr Sedan AWD (2.0L 4cyl 5M)'),
(3631, '2.0i PZEV 4dr Sedan AWD (2.0L 4cyl CVT)'),
(3632, '2.0i PZEV Hatchback'),
(3633, '2.0i PZEV Hatchback CVT'),
(3634, '2.0i PZEV Sedan'),
(3635, '2.0i PZEV Sedan CVT'),
(3636, '2.0i Roadster'),
(3637, '2.0i RT'),
(3638, '2.0i RXE Estate'),
(3639, '2.0i S'),
(3640, '2.0i S Automatic'),
(3641, '2.0i Sedan'),
(3642, '2.0i Sedan CVT'),
(3643, '2.0i Sport'),
(3644, '2.0i Sport Limited'),
(3645, '2.0i Sport Limited Hatchback'),
(3646, '2.0i Sport Limited PZEV 4dr Hatchback AWD (2.0L 4cyl CVT)'),
(3647, '2.0i Sport Limited PZEV Hatchback'),
(3648, '2.0i Sport Premium'),
(3649, '2.0i Sport Premium Hatchback'),
(3650, '2.0i Sport Premium PZEV 4dr Hatchback AWD (2.0L 4cyl 5M)'),
(3651, '2.0i Sport Premium PZEV 4dr Hatchback AWD (2.0L 4cyl CVT)'),
(3652, '2.0i Sport Premium PZEV Hatchback'),
(3653, '2.0i ST'),
(3654, '2.0i SX'),
(3655, '2.0i SX Automatic'),
(3656, '2.0i SX Break'),
(3657, '2.0i SX Break Automatic'),
(3658, '2.0i SX Estate'),
(3659, '2.0i Touring'),
(3660, '2.0i Turbo 4x4'),
(3661, '2.0i Twin Cam Station Wagon'),
(3662, '2.0i Twin Cam Station Wagon Ghia'),
(3663, '2.0i Type-R'),
(3664, '2.0i Volcane'),
(3665, '2.0i VTEC'),
(3666, '2.0i VTS'),
(3667, '2.0i-VTEC Executive'),
(3668, '2.0i-VTEC R'),
(3669, '2.0i-VTEC Type R'),
(3670, '2.0ie Automatic'),
(3671, '2.0ie Estate'),
(3672, '2.0ie Turbo'),
(3673, '2.0L'),
(3674, '2.0L Active'),
(3675, '2.0L Automatic'),
(3676, '2.0L Automatic 4x4'),
(3677, '2.0L CRDi 4x4'),
(3678, '2.0L EX'),
(3679, '2.0L Individual'),
(3680, '2.0L LX'),
(3681, '2.0L MultiJet'),
(3682, '2.0L MultiJet TCT'),
(3683, '2.0L TDI 2dr Hatchback (2.0L 4cyl Turbodiesel 6AM)'),
(3684, '2.0L TDI 2dr Hatchback (2.0L 4cyl Turbodiesel 6M)'),
(3685, '2.0L TDI 2dr Hatchback w/Sunroof'),
(3686, ''),
(3687, ''),
(3688, '2.0LX'),
(3689, '2.0R'),
(3690, '2.0R Limousine'),
(3691, '2.0R Sportshift'),
(3692, '2.0R Station Wagon'),
(3693, '2.0R Station Wagon Sportshift'),
(3694, '2.0SportWagen SEL'),
(3695, '2.0T'),
(3696, '2.0T 4dr SUV (2.0L 4cyl Turbo 6A)'),
(3697, '2.0T 4dr SUV AWD (2.0L 4cyl Turbo 6A)'),
(3698, '2.0T 4dr SUV AWD w/Saddle Interior (2.0L 4cyl Turbo 6A)'),
(3699, '2.0T 4dr SUV w/Saddle Interior (2.0L 4cyl Turbo 6A)'),
(3700, '2.0T Aero'),
(3701, '2.0T Aero Automatic'),
(3702, '2.0T Aero Cabriolet'),
(3703, '2.0T Aero Cabriolet Automatic'),
(3704, '2.0T Arc'),
(3705, '2.0T Automatic'),
(3706, '2.0T Automatic Dynamique'),
(3707, '2.0T Avant Premium Quattro'),
(3708, '2.0T AWD Sedan'),
(3709, '2.0T Cabriolet Aero'),
(3710, '2.0T Cabriolet Aero Automatic'),
(3711, '2.0T Cabriolet FrontTrak Multitronic'),
(3712, '2.0T Cabriolet Linear'),
(3713, '2.0T Cabriolet Linear Automatic'),
(3714, '2.0T Cabriolet Quattro Tiptronic'),
(3715, '2.0T Convertible'),
(3716, '2.0T Convertible Linear'),
(3717, '2.0T Convertible Linear Automatic'),
(3718, '2.0T Convertible Quattro'),
(3719, '2.0T Coupe'),
(3720, '2.0T Dynamic'),
(3721, '2.0T Dynamique'),
(3722, '2.0T FSi'),
(3723, '2.0T FSi Ambition'),
(3724, '2.0T FSi Ambition S-Tronic'),
(3725, '2.0T FSi Ambition Sportback S-Tronic'),
(3726, '2.0T FSi Ambition Sportbackual'),
(3727, '2.0T FSi Automatic'),
(3728, '2.0T FSi Cabriolet'),
(3729, '2.0T FSi Cabriolet Multi'),
(3730, '2.0T FSi DSG'),
(3731, '2.0T FSI DTM'),
(3732, '2.0T FSI Multitronic'),
(3733, '2.0T FSi Quattro'),
(3734, '2.0T FSi Quattro Sportback Ambition'),
(3735, '2.0T FSi Roadster'),
(3736, '2.0T FSi Roadster S-Tronic'),
(3737, '2.0T FSI Sportback Ambition'),
(3738, '2.0T FSI Sportback DSG'),
(3739, '2.0T FSi Sportline'),
(3740, '2.0T FSi Sportline DSG'),
(3741, '2.0T FSi Sportline Tiptronic'),
(3742, '2.0T Kinetic'),
(3743, '2.0T Kinetic Automatic'),
(3744, '2.0T Launch Edition'),
(3745, '2.0T Launch Edition PZEV'),
(3746, '2.0T Linear'),
(3747, '2.0T Linear Automatic'),
(3748, '2.0T OPC'),
(3749, '2.0T Premium'),
(3750, '2.0T Premium 2dr Convertible (2.0L 4cyl Turbo CVT)'),
(3751, '2.0T Premium 4dr Sedan (2.0L 4cyl Turbo CVT)'),
(3752, '2.0T Premium Automatic'),
(3753, '2.0T Premium Manual'),
(3754, '2.0T Premium Multitronic'),
(3755, '2.0T Premium Plus quattro 2dr Convertible AWD (2.0L 4cyl Turbo 6'),
(3756, '2.0T Premium Plus quattro 2dr Coupe AWD (2.0L 4cyl Turbo 6AM)'),
(3757, '2.0T Premium Quatro'),
(3758, '2.0T Premium Quattro'),
(3759, '2.0T Premium quattro 2dr Convertible AWD (2.0L 4cyl Turbo 8A)'),
(3760, '2.0T Premium quattro 2dr Coupe AWD (2.0L 4cyl Turbo 6M)'),
(3761, '2.0T Premium quattro 2dr Coupe AWD (2.0L 4cyl Turbo 8A)'),
(3762, '2.0T Premium quattro 4dr Sedan AWD (2.0L 4cyl Turbo 6M)'),
(3763, '2.0T Premium quattro 4dr Sedan AWD (2.0L 4cyl Turbo 8A)'),
(3764, '2.0T Premium quattro 4dr SUV AWD (2.0L 4cyl Turbo 8A)'),
(3765, '2.0T Premium Quattro Automatic'),
(3766, '2.0T Premium S tronic'),
(3767, '2.0T Prestige quattro 4dr SUV AWD (2.0L 4cyl Turbo gas/electric'),
(3768, '2.0T PZEV'),
(3769, '2.0T PZEV Premium'),
(3770, '2.0T PZEV Premium Automatic'),
(3771, '2.0T Quattro'),
(3772, '2.0T Quattro Convertible'),
(3773, '2.0T Quattro Coupe'),
(3774, '2.0T Quattro Coupe Automatic'),
(3775, '2.0T Quattro S-Tronic'),
(3776, '2.0T quattro Sedan AWD (2.0L 4cyl Turbo 6A)'),
(3777, '2.0T R-Spec'),
(3778, '2.0T Roadster Quattro S-Tronic'),
(3779, '2.0T Roadster S-Tronic'),
(3780, '2.0T S-Tronic'),
(3781, '2.0T Sedan'),
(3782, '2.0T Sedan PZEV'),
(3783, '2.0T Sport'),
(3784, '2.0T Sport F1'),
(3785, '2.0T Sport Saloon'),
(3786, '2.0T Sportback'),
(3787, '2.0T SportCombi'),
(3788, '2.0T SportCombi Aero'),
(3789, '2.0T SportCombi Automatic'),
(3790, '2.0T Tiptronic'),
(3791, '2.0T Turbo4'),
(3792, '2.0T Turbo4 Premium'),
(3793, '2.0T Vector Automatic'),
(3794, '2.0T Wagon'),
(3795, '2.0T Wolfsburg'),
(3796, '2.0TD Exclusive'),
(3797, '2.0TTiD'),
(3798, '2.0TTiD XWD'),
(3799, '2.0XT Premium 4dr SUV AWD (2.0L 4cyl Turbo CVT)'),
(3800, '2.0XT Touring 4dr SUV AWD (2.0L 4cyl Turbo CVT)'),
(3801, '2.1'),
(3802, '2.1 D'),
(3803, '2.1 D Automatic'),
(3804, '2.1 D Break'),
(3805, '2.1 D Caravan'),
(3806, '2.1 D D'),
(3807, '2.1 Diesel'),
(3808, '2.1 HK'),
(3809, '2.1 RT Turbodiesel'),
(3810, '2.2'),
(3811, '2.2 160 Premium'),
(3812, '2.2 160 Tendance'),
(3813, '2.2 16V'),
(3814, '2.2 16V Automatic'),
(3815, '2.2 16V Comfort'),
(3816, '2.2 16V Confort'),
(3817, '2.2 16V JTD'),
(3818, '2.2 Acenta'),
(3819, '2.2 Acenta Traveller'),
(3820, '2.2 Aerodeck'),
(3821, '2.2 Ambiente'),
(3822, '2.2 Ambiente Automatic'),
(3823, '2.2 Automatic'),
(3824, '2.2 Biturbo Premium'),
(3825, '2.2 Break'),
(3826, '2.2 Break Automatic'),
(3827, '2.2 Cabriolet'),
(3828, '2.2 Caravan'),
(3829, '2.2 Caravan Automatic'),
(3830, '2.2 Caravan Enjoy'),
(3831, '2.2 CDI 5 Door'),
(3832, '2.2 CDI 5 Door Automatic'),
(3833, '2.2 CDi Ambiente'),
(3834, '2.2 CDI Trend'),
(3835, '2.2 CDI Trend Compact'),
(3836, '2.2 CDi Trend Extra Long'),
(3837, '2.2 CDi Trend Kompakt'),
(3838, '2.2 CDI Trend Long'),
(3839, '2.2 Class'),
(3840, '2.2 Classic Executive'),
(3841, '2.2 Comfort Automatic'),
(3842, '2.2 Confort'),
(3843, '2.2 Coupe'),
(3844, '2.2 Coupe Automatic'),
(3845, '2.2 Coupe V6'),
(3846, '2.2 Coupe V6 Automatic'),
(3847, '2.2 Coupe V6 HDi'),
(3848, '2.2 CRD Classic'),
(3849, '2.2 CRD Limited'),
(3850, '2.2 CRD LTD'),
(3851, '2.2 CRD Touring'),
(3852, '2.2 CRDi'),
(3853, '2.2 CRDi 4WD'),
(3854, '2.2 CRDi 4WD Automatic'),
(3855, '2.2 CRDi Automatic'),
(3856, '2.2 CTDi'),
(3857, '2.2 D'),
(3858, '2.2 D 230'),
(3859, '2.2 D 330'),
(3860, '2.2 D 4x4 Comfort'),
(3861, '2.2 D 4x4 SE'),
(3862, '2.2 D Automatic'),
(3863, '2.2 D Break'),
(3864, '2.2 D Break Automatic'),
(3865, '2.2 D Classic'),
(3866, '2.2 D Classic Estate'),
(3867, '2.2 D Clipper'),
(3868, '2.2 D Estate'),
(3869, '2.2 D GTS'),
(3870, '2.2 D Limited 4x4'),
(3871, '2.2 D SE'),
(3872, '2.2 D SE 4x4'),
(3873, '2.2 D SE Estate'),
(3874, '2.2 D Sedan'),
(3875, '2.2 D Sedan Automatic'),
(3876, '2.2 D Tino'),
(3877, '2.2 D Wagon'),
(3878, '2.2 D-4D'),
(3879, '2.2 D-4D Exclusive'),
(3880, '2.2 D-4D GX'),
(3881, '2.2 D-4D VX'),
(3882, '2.2 D-CAT'),
(3883, '2.2 D-Cat Combi'),
(3884, '2.2 dCi'),
(3885, '2.2 dCi 4x4 Comfort'),
(3886, '2.2 DCi Accenta'),
(3887, '2.2 dCi Acenta'),
(3888, '2.2 dCi Authentique'),
(3889, '2.2 dCi Authentique Automatic'),
(3890, '2.2 DCi Comfort'),
(3891, '2.2 DCi Dynamique'),
(3892, '2.2 dCi Dynamique Automatic'),
(3893, '2.2 DCi Expression'),
(3894, '2.2 DCi Expression Automatic'),
(3895, '2.2 dCi Expression Grandtour'),
(3896, '2.2 dCi Expression Grandtour Automatic'),
(3897, '2.2 DCi FAP'),
(3898, '2.2 DCi FAP Dynamique'),
(3899, '2.2 DCi FAP Dynamique Automatic'),
(3900, '2.2 dCi FAP Expression'),
(3901, '2.2 dCi Visia'),
(3902, '2.2 Diesel'),
(3903, '2.2 Diesel Automatic'),
(3904, '2.2 Direct'),
(3905, '2.2 Direct Automatic'),
(3906, '2.2 Direct Caravan'),
(3907, '2.2 Direct Caravan Automatic'),
(3908, '2.2 dT'),
(3909, '2.2 DTEC'),
(3910, '2.2 DTEC Estate'),
(3911, '2.2 DTEC Estate Automatic'),
(3912, '2.2 DTEC Sedan'),
(3913, '2.2 DTEC Sedan Automatic'),
(3914, '2.2 DTI'),
(3915, '2.2 DTI Automatic'),
(3916, '2.2 DTI Caravan'),
(3917, '2.2 DTI Caravan Automatic'),
(3918, '2.2 eD4'),
(3919, '2.2 Elegance'),
(3920, '2.2 Enjoy Automatic Panoramic'),
(3921, '2.2 EXi'),
(3922, '2.2 GL'),
(3923, '2.2 GLX AWD'),
(3924, '2.2 GSI'),
(3925, '2.2 GT'),
(3926, '2.2 GTS'),
(3927, '2.2 GX Estate'),
(3928, '2.2 GX Sedan'),
(3929, '2.2 GX Wagon'),
(3930, '2.2 Hatch'),
(3931, '2.2 Hatch Automatic'),
(3932, '2.2 HDi'),
(3933, '2.2 HDi 135 Grand Filou Cool'),
(3934, '2.2 HDi 135 Premium'),
(3935, '2.2 HDi 170'),
(3936, '2.2 HDI 170 Biturbo'),
(3937, '2.2 HDi Automatic'),
(3938, '2.2 HDi Break'),
(3939, '2.2 HDi Comfort'),
(3940, '2.2 HDi Confort'),
(3941, '2.2 HDi FAP'),
(3942, '2.2 HDi FAP Esplanade'),
(3943, '2.2 HDi Grand Filou Cool'),
(3944, '2.2 HDI Sedan'),
(3945, '2.2 HDI Station Wagon'),
(3946, '2.2 HDi SV'),
(3947, '2.2 HDi SX'),
(3948, '2.2 HDi SX Automatic'),
(3949, '2.2 HDi X'),
(3950, '2.2 i-CTDi'),
(3951, '2.2 JTD'),
(3952, '2.2 JTD Dynamic'),
(3953, '2.2 JTS'),
(3954, '2.2 JTS 16V'),
(3955, '2.2 JTS 16V Automatic'),
(3956, '2.2 JTS Coupe'),
(3957, '2.2 JTS Sportwagon'),
(3958, '2.2 l MZ-CD'),
(3959, '2.2 Liftback'),
(3960, '2.2 Liftback Automatic'),
(3961, '2.2 LS'),
(3962, '2.2 LT'),
(3963, '2.2 MZR-CD'),
(3964, '2.2 Panel LS'),
(3965, '2.2 Panel LT'),
(3966, '2.2 Quattro'),
(3967, '2.2 RT 100'),
(3968, '2.2 RT 100 Automatic'),
(3969, '2.2 Saloon Automatic'),
(3970, '2.2 SD4'),
(3971, '2.2 SE'),
(3972, '2.2 Sedan'),
(3973, '2.2 SEL'),
(3974, '2.2 Sport'),
(3975, '2.2 ST'),
(3976, '2.2 ST Sport'),
(3977, '2.2 ST Sport SW'),
(3978, '2.2 Station Wagon'),
(3979, '2.2 SV Pullman'),
(3980, '2.2 SW 160 Premium'),
(3981, '2.2 SW Biturbo Premium'),
(3982, '2.2 SW Premium'),
(3983, '2.2 SX'),
(3984, '2.2 TD E'),
(3985, '2.2 TD HSE'),
(3986, '2.2 TD S'),
(3987, '2.2 TD SE'),
(3988, '2.2 TD4 HSE'),
(3989, '2.2 TD4 S'),
(3990, '2.2 TD4 S Automatic'),
(3991, '2.2 TD4 SE'),
(3992, '2.2 TD4 SE Automatic'),
(3993, '2.2 TDCi Ambiente'),
(3994, '2.2 Tendance'),
(3995, '2.2 TiD'),
(3996, '2.2 TiD Linear'),
(3997, '2.2 TiD Linear Automatic'),
(3998, '2.2 TiD Linear Sport Combi'),
(3999, '2.2 TiD Linear Sport Combi Automatic'),
(4000, '2.2 Turbo Sport'),
(4001, '2.2 VCDi 2x4'),
(4002, '2.2 VCDi 4x4'),
(4003, '2.2 VCDi 4x4 Automatic'),
(4004, '2.2 XL'),
(4005, '2.2D 4x4 SE'),
(4006, '2.2D Estate Classic'),
(4007, '2.2D SE'),
(4008, '2.2i'),
(4009, '2.2i Automatic'),
(4010, '2.2i CTDi'),
(4011, '2.2i CTDi Comfort'),
(4012, '2.2i CTDi LS'),
(4013, '2.2i CTDi Sport'),
(4014, '2.2i CTDi Sport Automatic'),
(4015, '2.2i Dynamic'),
(4016, '2.2i Dynamic Automatic'),
(4017, '2.2i ES'),
(4018, '2.2i ES Aerodeck'),
(4019, '2.2i GLX 4x4'),
(4020, '2.2i Quadra'),
(4021, '2.2i Roadster'),
(4022, '2.2i Roadster Automatic'),
(4023, '2.2i VTEC'),
(4024, '2.2i-CTDi'),
(4025, '2.2i-CTDi Comfort'),
(4026, '2.2i-CTDi Exec'),
(4027, '2.2i-CTDi Executive'),
(4028, '2.2i-CTDi Sport'),
(4029, '2.2i-CTDi Sport Automatic'),
(4030, '2.2i-CTDi Type S'),
(4031, '2.2i-CTDi Type-S'),
(4032, '2.2i-DTEC'),
(4033, '2.2i-DTEC Automatic'),
(4034, '2.3'),
(4035, '2.3 16V Ambiente'),
(4036, '2.3 16V Ambiente Automatic'),
(4037, '2.3 4x4'),
(4038, '2.3 4x4 Automatic'),
(4039, '2.3 Aero'),
(4040, '2.3 Aero SportCombi'),
(4041, '2.3 Aero SportCombi Automatic'),
(4042, '2.3 Ambiente'),
(4043, '2.3 Ambiente Automatic'),
(4044, '2.3 Arc'),
(4045, '2.3 Automatic'),
(4046, '2.3 AWD'),
(4047, '2.3 Cabriolet'),
(4048, '2.3 Clipper'),
(4049, '2.3 Comfort'),
(4050, '2.3 D'),
(4051, '2.3 D Break'),
(4052, '2.3 D Caravan'),
(4053, '2.3 D Estate'),
(4054, '2.3 D Estate Automatic'),
(4055, '2.3 D Vanette'),
(4056, '2.3 D Wagon'),
(4057, '2.3 Diesel'),
(4058, '2.3 Diesel Station Wagon'),
(4059, '2.3 Duratec'),
(4060, '2.3 Dynamic'),
(4061, '2.3 E'),
(4062, '2.3 Estate'),
(4063, '2.3 GL Automatic'),
(4064, '2.3 Grand Touring'),
(4065, '2.3 Hatchback'),
(4066, '2.3 Highclass'),
(4067, '2.3 Hybrid'),
(4068, '2.3 I4 S'),
(4069, '2.3 I4 SE'),
(4070, '2.3 I4 SEL'),
(4071, '2.3 Individual'),
(4072, '2.3 JTD'),
(4073, '2.3 JTD Minibus'),
(4074, '2.3 JTD Panel Van'),
(4075, '2.3 LWB'),
(4076, '2.3 MK II'),
(4077, '2.3 MK III'),
(4078, '2.3 MK III Automatic');
INSERT INTO `model_variant` (`model_variant_id`, `name`) VALUES
(4079, '2.3 MK III Station Wagon'),
(4080, '2.3 MK III Station Wagon Automatic'),
(4081, '2.3 MPS'),
(4082, '2.3 MZR Comfort'),
(4083, '2.3 S'),
(4084, '2.3 Sedan'),
(4085, '2.3 Sport'),
(4086, '2.3 Sport Kombi Top 4WD'),
(4087, '2.3 Sport Top'),
(4088, '2.3 SportCombi Aero'),
(4089, '2.3 SportCombi Aero Automatic'),
(4090, '2.3 Sports Sedan Grand Touring'),
(4091, '2.3 Sporty'),
(4092, '2.3 Sporty Lux'),
(4093, '2.3 Sporty Lux Activematic'),
(4094, '2.3 Station Wagon'),
(4095, '2.3 Supreme'),
(4096, '2.3 Supreme Automatic'),
(4097, '2.3 T Aero'),
(4098, '2.3 T Aero Automatic'),
(4099, '2.3 T Aero Sport Combi'),
(4100, '2.3 T Aero Sport Combi Automatic'),
(4101, '2.3 T Ecopower Automatic'),
(4102, '2.3 T Linear'),
(4103, '2.3 T Linear Automatic'),
(4104, '2.3 T Linear Combi'),
(4105, '2.3 T Linear Combi Automatic'),
(4106, '2.3 T Linear Sport Combi'),
(4107, '2.3 T Linear Sport Combi Automatic'),
(4108, '2.3 T Sedan Arc'),
(4109, '2.3 T SportWagon Arc'),
(4110, '2.3 T SportWagon Linear'),
(4111, '2.3 T T5 Cabriolet Comfort'),
(4112, '2.3 T T5 Cabriolet Comfort Automatic'),
(4113, '2.3 T5 Automatic'),
(4114, '2.3 T5 Comfort'),
(4115, '2.3 T5 Comfort Automatic'),
(4116, '2.3 T5 Premium'),
(4117, '2.3 T5 Premium Automatic'),
(4118, '2.3 Top'),
(4119, '2.3 Touring'),
(4120, '2.3 Turnier'),
(4121, '2.3 Turnier Automatic'),
(4122, '2.3 V5'),
(4123, '2.3 Variant'),
(4124, '2.3 Vector'),
(4125, '2.3 Vector Automatic'),
(4126, '2.3 Viva'),
(4127, '2.3 Viva Automatic'),
(4128, '2.3 Wagon'),
(4129, '2.3i'),
(4130, '2.3i 4WD'),
(4131, '2.3i 4WD Automatic'),
(4132, '2.3i Automatic'),
(4133, '2.3i Grand Touring'),
(4134, '2.3i Sports Sedan Sport'),
(4135, '2.3i Sports Sedan Touring'),
(4136, '2.3i Sports Sedan Value Edition'),
(4137, '2.3i Touring'),
(4138, '2.3l Duratec'),
(4139, '2.3L Individual'),
(4140, '2.3T'),
(4141, '2.3T Automatic'),
(4142, '2.3T Linear'),
(4143, '2.3T Linear Automatic'),
(4144, '2.4'),
(4145, '2.4 20V Emblema'),
(4146, '2.4 240 K'),
(4147, '2.4 2x4'),
(4148, '2.4 2x4 Automatic'),
(4149, '2.4 3 Door'),
(4150, '2.4 4WD'),
(4151, '2.4 4WD Intense'),
(4152, '2.4 4x4'),
(4153, '2.4 4x4 Automatic'),
(4154, '2.4 910'),
(4155, '2.4 910 Automatic'),
(4156, '2.4 Abarth'),
(4157, '2.4 Allroad Quattro'),
(4158, '2.4 Automatic'),
(4159, '2.4 AV'),
(4160, '2.4 Bi-Fuel'),
(4161, '2.4 Bi-Fuel Automatic'),
(4162, '2.4 Bi-Fuel CNG'),
(4163, '2.4 Bi-Fuel CNG Automatic'),
(4164, '2.4 Bi-Fuel Kinetic'),
(4165, '2.4 Bi-Fuel Kinetic Automatic'),
(4166, '2.4 Bi-Fuel LPG'),
(4167, '2.4 Bi-Fuel LPG Automatic'),
(4168, '2.4 BiFuel'),
(4169, '2.4 Bifuel Automatic'),
(4170, '2.4 Bifuel Kinetic'),
(4171, '2.4 Bifuel Kinetic Automatic'),
(4172, '2.4 Break'),
(4173, '2.4 C230'),
(4174, '2.4 C31'),
(4175, '2.4 C31 Automatic'),
(4176, '2.4 C32'),
(4177, '2.4 Cabriolet'),
(4178, '2.4 Cabriolet Automatic'),
(4179, '2.4 Cabriolet LTD'),
(4180, '2.4 Cabriolet LTD Automatic'),
(4181, '2.4 CDX'),
(4182, '2.4 CDX Automatic'),
(4183, '2.4 CE'),
(4184, '2.4 CE Automatic'),
(4185, '2.4 Classic'),
(4186, '2.4 Comfort'),
(4187, '2.4 Convertible'),
(4188, '2.4 Convertible GT'),
(4189, '2.4 Convertible LX'),
(4190, '2.4 Convertible Touring'),
(4191, '2.4 Coupe'),
(4192, '2.4 Coupe Automatic'),
(4193, '2.4 Cross Country'),
(4194, '2.4 D'),
(4195, '2.4 D Automatic'),
(4196, '2.4 D Break'),
(4197, '2.4 D Kinetic'),
(4198, '2.4 D Kinetic Automatic'),
(4199, '2.4 D Station Wagon'),
(4200, '2.4 D5'),
(4201, '2.4 D5 4WD'),
(4202, '2.4 D5 4WD Automatic'),
(4203, '2.4 D5 Automatic'),
(4204, '2.4 D5 AWD'),
(4205, '2.4 D5 AWD Comfort'),
(4206, '2.4 D5 AWD Kinetic'),
(4207, '2.4 D5 AWD Kinetic Automatic'),
(4208, '2.4 D5 Exec Geartronic'),
(4209, '2.4 D5 Geartronic'),
(4210, '2.4 D5 Kinetic'),
(4211, '2.4 D5 Kinetic Automatic'),
(4212, '2.4 D5 Kinetic AWD'),
(4213, '2.4 D5 Kinetic AWD Automatic'),
(4214, '2.4 ES'),
(4215, '2.4 ES 4x4'),
(4216, '2.4 EX'),
(4217, '2.4 EX 4x4 Automatic'),
(4218, '2.4 EX Automatic'),
(4219, '2.4 EX-L'),
(4220, '2.4 EX-L 4x4 Automatic'),
(4221, '2.4 EX-L Automatic'),
(4222, '2.4 Exclusive Automatic'),
(4223, '2.4 Exec'),
(4224, '2.4 Exec Automatic'),
(4225, '2.4 Executive'),
(4226, '2.4 Family'),
(4227, '2.4 Family Automatic'),
(4228, '2.4 G'),
(4229, '2.4 GL'),
(4230, '2.4 GLE'),
(4231, '2.4 GLi Automatic'),
(4232, '2.4 GLS'),
(4233, '2.4 GLS Automatic'),
(4234, '2.4 GLS XM'),
(4235, '2.4 GT'),
(4236, '2.4 GT Coupe'),
(4237, '2.4 i-VTEC Exec Automatic'),
(4238, '2.4 i-VTEC Executive'),
(4239, '2.4 Intense'),
(4240, '2.4 Invite'),
(4241, '2.4 JTD'),
(4242, '2.4 JTD 10V Progression'),
(4243, '2.4 JTD 20V Multijet'),
(4244, '2.4 JTD 20V Progression'),
(4245, '2.4 JTD CAE'),
(4246, '2.4 JTD Comfortronic'),
(4247, '2.4 JTD Executive'),
(4248, '2.4 JTD LX'),
(4249, '2.4 JTD LX Station Wagon'),
(4250, '2.4 JTD M-Jet Lusso DSL'),
(4251, '2.4 JTD Multi-Jet'),
(4252, '2.4 JTD Multijet Lusso DSL'),
(4253, '2.4 JTD Progression'),
(4254, '2.4 JTD Sportwagon'),
(4255, '2.4 JTDM'),
(4256, '2.4 Kinetic'),
(4257, '2.4 Kinetic 4WD'),
(4258, '2.4 Kinetic Automatic'),
(4259, '2.4 LE'),
(4260, '2.4 Liftback'),
(4261, '2.4 Liftback Automatic'),
(4262, '2.4 Limited'),
(4263, '2.4 Limited 4WD'),
(4264, '2.4 Limited 4x4'),
(4265, '2.4 Limited Automatic'),
(4266, '2.4 Limited CVT'),
(4267, '2.4 Limited Edition'),
(4268, '2.4 LS'),
(4269, '2.4 LS 4WD'),
(4270, '2.4 LS Automatic'),
(4271, '2.4 LT'),
(4272, '2.4 LT 4x4'),
(4273, '2.4 LTD'),
(4274, '2.4 LTD Automatic'),
(4275, '2.4 Luna'),
(4276, '2.4 LWB'),
(4277, '2.4 LX'),
(4278, '2.4 LX 4x4 Automatic'),
(4279, '2.4 LX Automatic'),
(4280, '2.4 LX-P Automatic'),
(4281, '2.4 Michael Schumacher'),
(4282, '2.4 Momentum'),
(4283, '2.4 Momentum Automatic'),
(4284, '2.4 Monza'),
(4285, '2.4 Multijet'),
(4286, '2.4 Multijet Emblema'),
(4287, '2.4 Multijet Emplema'),
(4288, '2.4 Multitronic'),
(4289, '2.4 Premium'),
(4290, '2.4 Premium Special Edition'),
(4291, '2.4 Quattro'),
(4292, '2.4 R/T'),
(4293, '2.4 Saloon'),
(4294, '2.4 SE'),
(4295, '2.4 SE Automatic'),
(4296, '2.4 SE SWB'),
(4297, '2.4 Sedan'),
(4298, '2.4 Sedan Limited'),
(4299, '2.4 Sedan Touring'),
(4300, '2.4 SLX-P'),
(4301, '2.4 Sol'),
(4302, '2.4 Sport'),
(4303, '2.4 Sport 4x4'),
(4304, '2.4 SRT4'),
(4305, '2.4 Station Wagon'),
(4306, '2.4 SW'),
(4307, '2.4 SXT'),
(4308, '2.4 T'),
(4309, '2.4 T Automatic'),
(4310, '2.4 T Cabriolet Comfort'),
(4311, '2.4 T Cabriolet Comfort Automatic'),
(4312, '2.4 T Convertible'),
(4313, '2.4 T Convertible Automatic'),
(4314, '2.4 T XC'),
(4315, '2.4 T XC Automatic'),
(4316, '2.4 T5'),
(4317, '2.4 T5 Automatic'),
(4318, '2.4 T5 Geartronic'),
(4319, '2.4 T5 Momentum'),
(4320, '2.4 T5 Momentum Automatic'),
(4321, '2.4 TD'),
(4322, '2.4 Tourer Exec'),
(4323, '2.4 Tourer Executive Auto'),
(4324, '2.4 Touring'),
(4325, '2.4 Touring Automatic'),
(4326, '2.4 Touring Edition'),
(4327, '2.4 Turbo Diesel'),
(4328, '2.4 Turbodiesel'),
(4329, '2.4 Type S'),
(4330, '2.4 Type S Automatic'),
(4331, '2.4 Type-S'),
(4332, '2.4 Vista'),
(4333, '2.4 VVT-i Executive'),
(4334, '2.4 VVTi Executive'),
(4335, '2.4 WT-i'),
(4336, '2.4 WT-i Executive'),
(4337, '2.4 WT-i Sol'),
(4338, '2.4 XLE'),
(4339, '2.4 XLi'),
(4340, '2.4 XLi Automatic'),
(4341, '2.4 XSport'),
(4342, '2.4D Kinetic'),
(4343, '2.4D Kinetic Automatic'),
(4344, '2.4D5 Kinetic'),
(4345, '2.4D5 Kinetic Automatic'),
(4346, '2.4i'),
(4347, '2.4i Automatic'),
(4348, '2.4i Geartronic'),
(4349, '2.4i Ghia'),
(4350, '2.4i GLS Automatic'),
(4351, '2.4i GLS Automatic 4x4'),
(4352, '2.4i Kinetic'),
(4353, '2.4i Kinetic Automatic'),
(4354, '2.4i VTec Executive'),
(4355, '2.4L'),
(4356, '2.4L SX'),
(4357, '2.5'),
(4358, '2.5 3 Door'),
(4359, '2.5 3 Door Automatic'),
(4360, '2.5 4dr Sedan (2.5L 4cyl CVT)'),
(4361, '2.5 4Motion'),
(4362, '2.5 4Motion Automatic'),
(4363, '2.5 4WD Kinetic'),
(4364, '2.5 4WD Kinetic Automatic'),
(4365, '2.5 4x4'),
(4366, '2.5 4x4 SE'),
(4367, '2.5 4x4 SE Automatic'),
(4368, '2.5 4x4 Sport'),
(4369, '2.5 5 Door'),
(4370, '2.5 5 Door Automatic'),
(4371, '2.5 Automatic'),
(4372, '2.5 AWD'),
(4373, '2.5 AWD Kinetic'),
(4374, '2.5 AWD Kinetic Automatic'),
(4375, '2.5 Break'),
(4376, '2.5 Bus'),
(4377, '2.5 c34'),
(4378, '2.5 Cab'),
(4379, '2.5 CDRI Automatic'),
(4380, '2.5 CDTi'),
(4381, '2.5 Charme L'),
(4382, '2.5 Charme L Automatic'),
(4383, '2.5 Clipper'),
(4384, '2.5 Club SE'),
(4385, '2.5 Club SE Automatic'),
(4386, '2.5 Combi'),
(4387, '2.5 Comfort'),
(4388, '2.5 Convertible'),
(4389, '2.5 Convertible S'),
(4390, '2.5 County'),
(4391, '2.5 Coupe'),
(4392, '2.5 CRD'),
(4393, '2.5 CRD Family'),
(4394, '2.5 CRD LTD'),
(4395, '2.5 CRDi'),
(4396, '2.5 CRDi 4x4'),
(4397, '2.5 CRDi 4x4 Automatic'),
(4398, '2.5 CRDi Automatic'),
(4399, '2.5 CRDi EX'),
(4400, '2.5 CRDi EX Automatic'),
(4401, '2.5 CRDi LX'),
(4402, '2.5 CRDi LX Automatic'),
(4403, '2.5 Cross Country'),
(4404, '2.5 D'),
(4405, '2.5 D All Road'),
(4406, '2.5 D Automatic'),
(4407, '2.5 D Break'),
(4408, '2.5 D Camper'),
(4409, '2.5 D Clipper'),
(4410, '2.5 D LWB'),
(4411, '2.5 D MK III'),
(4412, '2.5 D MK III Station Wagon'),
(4413, '2.5 D Sport'),
(4414, '2.5 D Station Wagon'),
(4415, '2.5 D SWB'),
(4416, '2.5 D XL'),
(4417, '2.5 D-4D'),
(4418, '2.5 D-4D 4X4 SRX'),
(4419, '2.5 D-4D Double Cab'),
(4420, '2.5 D-4D Double Cab 4x4 SRX'),
(4421, '2.5 D-4D Extra Cab'),
(4422, '2.5 D-4D SRX'),
(4423, '2.5 D-4D SRX 4WD'),
(4424, '2.5 D-4D SRX 4x4'),
(4425, '2.5 D4-D Bus'),
(4426, '2.5 D4-D Panel Van'),
(4427, '2.5 dCi'),
(4428, '2.5 dCi 4x4'),
(4429, '2.5 DCi 4x4 LE'),
(4430, '2.5 DCi 4X4 LE Automatic'),
(4431, '2.5 dCi Automatic'),
(4432, '2.5 DCi Comfort'),
(4433, '2.5 DCi Comfort Automatic'),
(4434, '2.5 DI-D'),
(4435, '2.5 DI-D Club Cab'),
(4436, '2.5 DI-D Double Cab'),
(4437, '2.5 DI-D Single Cab'),
(4438, '2.5 Duratec'),
(4439, '2.5 Dynamic Activematic'),
(4440, '2.5 E Automatic'),
(4441, '2.5 Estate'),
(4442, '2.5 Estate Automatic'),
(4443, '2.5 EX'),
(4444, '2.5 EX 4WD'),
(4445, '2.5 Exceed G'),
(4446, '2.5 GL Turbo Diesel Saloon'),
(4447, '2.5 GLS V6'),
(4448, '2.5 Grand Touring'),
(4449, '2.5 GT'),
(4450, '2.5 GT B Wagon'),
(4451, '2.5 GT Limited'),
(4452, '2.5 GT Limited Sedan'),
(4453, '2.5 GT Limited Wagon'),
(4454, '2.5 GT Sedan'),
(4455, '2.5 GT Wagon'),
(4456, '2.5 GT-B'),
(4457, '2.5 GTS'),
(4458, '2.5 GX 4WD'),
(4459, '2.5 GX AWD Automatic'),
(4460, '2.5 Hybrid'),
(4461, '2.5 i'),
(4462, '2.5 i Limited'),
(4463, '2.5 i Special Edition'),
(4464, '2.5 Individual'),
(4465, '2.5 JLX'),
(4466, '2.5 JX'),
(4467, '2.5 K V6'),
(4468, '2.5 Kinetic AWD'),
(4469, '2.5 Kinetic AWD Automatic'),
(4470, '2.5 Limited'),
(4471, '2.5 Limited 4x4'),
(4472, '2.5 Limited Sedan'),
(4473, '2.5 Limited Wagon'),
(4474, '2.5 LPT'),
(4475, '2.5 LX'),
(4476, '2.5 LX 4WD'),
(4477, '2.5 LX Automatic'),
(4478, '2.5 MK I'),
(4479, '2.5 MZR'),
(4480, '2.5 Petrol 4x4 SE'),
(4481, '2.5 Prestige'),
(4482, '2.5 PZEV'),
(4483, '2.5 PZEV 3 Door'),
(4484, '2.5 PZEV 5 Door'),
(4485, '2.5 R'),
(4486, '2.5 R Automatic'),
(4487, '2.5 R Geartronic'),
(4488, '2.5 R5 TDi'),
(4489, '2.5 R5 TDi Tiptronic'),
(4490, '2.5 R5 TDi Triptronic'),
(4491, '2.5 RS'),
(4492, '2.5 RS Sedan'),
(4493, '2.5 RS Sport Package Sedan'),
(4494, '2.5 RS Sport Wagon'),
(4495, '2.5 RS Wagon'),
(4496, '2.5 S'),
(4497, '2.5 S 4dr Sedan (2.5L 4cyl CVT)'),
(4498, '2.5 S Automatic'),
(4499, '2.5 S Coupe'),
(4500, '2.5 S Coupe CVT'),
(4501, '2.5 s Grand Touring Hatchback'),
(4502, '2.5 s Grand Touring Sedan'),
(4503, '2.5 S PZEV'),
(4504, '2.5 S Sedan'),
(4505, '2.5 s Sport Hatchback'),
(4506, '2.5 s Sport Sedan'),
(4507, '2.5 S10'),
(4508, '2.5 Saloon'),
(4509, '2.5 SE'),
(4510, '2.5 SE 4x4'),
(4511, '2.5 SE 4x4 Automatic'),
(4512, '2.5 SE Automatic'),
(4513, '2.5 SE PZEV'),
(4514, '2.5 SE-R'),
(4515, '2.5 Sedan'),
(4516, '2.5 SEL'),
(4517, '2.5 SEL Automatic'),
(4518, '2.5 SEL Premium'),
(4519, '2.5 SEL Premium PZEV'),
(4520, '2.5 SEL PZEV'),
(4521, '2.5 SL'),
(4522, '2.5 SL 4dr Sedan (2.5L 4cyl CVT)'),
(4523, '2.5 Sport'),
(4524, '2.5 Sport 4x4'),
(4525, '2.5 Sport Automatic'),
(4526, '2.5 SportWagen S'),
(4527, '2.5 SportWagen S Automatic'),
(4528, '2.5 SportWagen S PZEV'),
(4529, '2.5 SportWagen SE'),
(4530, '2.5 SportWagen SE PZEV'),
(4531, '2.5 ST'),
(4532, '2.5 Station Wagon'),
(4533, '2.5 STi WRX'),
(4534, '2.5 STi WRX Limited'),
(4535, '2.5 Super Lucent Four'),
(4536, '2.5 Super Lucent G'),
(4537, '2.5 SV 4dr Sedan (2.5L 4cyl CVT)'),
(4538, '2.5 SW'),
(4539, '2.5 T'),
(4540, '2.5 T 4WD'),
(4541, '2.5 T 4WD Kinetic'),
(4542, '2.5 T 4WD Kinetic Automatic'),
(4543, '2.5 T Automatic'),
(4544, '2.5 T AWD'),
(4545, '2.5 T AWD Automatic'),
(4546, '2.5 T AWD Comfort'),
(4547, '2.5 T AWD Comfort Automatic'),
(4548, '2.5 T AWD Kinetic'),
(4549, '2.5 T AWD Kinetic Automatic'),
(4550, '2.5 T Geartronic'),
(4551, '2.5 T Kinetic'),
(4552, '2.5 T Kinetic 4WD'),
(4553, '2.5 T Kinetic 4WD Automatic'),
(4554, '2.5 T Kinetic Automatic'),
(4555, '2.5 T Long'),
(4556, '2.5 T Summum'),
(4557, '2.5 T Summum Automatic'),
(4558, '2.5 T5'),
(4559, '2.5 T5 4WD'),
(4560, '2.5 T5 4WD Automatic'),
(4561, '2.5 T5 AWD Kinetic'),
(4562, '2.5 T5 AWD Kinetic Automatic'),
(4563, '2.5 T5 Geartronic'),
(4564, '2.5 T5 Kinetic'),
(4565, '2.5 T5 Kinetic Automatic'),
(4566, '2.5 TD'),
(4567, '2.5 TD Automatic'),
(4568, '2.5 TD Classic'),
(4569, '2.5 TD Classic Long'),
(4570, '2.5 TD Classic Short'),
(4571, '2.5 TD Double Cab'),
(4572, '2.5 TD Double Cab XLT'),
(4573, '2.5 TD Double Cab XLT 4x4'),
(4574, '2.5 TD ES'),
(4575, '2.5 TD ES Automatic'),
(4576, '2.5 TD GS Automatic'),
(4577, '2.5 TD Single Cab'),
(4578, '2.5 TD Single Cab Montana'),
(4579, '2.5 TD Sport'),
(4580, '2.5 TD Super Cab XL 4x4'),
(4581, '2.5 TD Super Cab XLT'),
(4582, '2.5 TD XL'),
(4583, '2.5 TD XS Automatic'),
(4584, '2.5 TD5'),
(4585, '2.5 TD5 CSW'),
(4586, '2.5 TD5 GS'),
(4587, '2.5 TDCi'),
(4588, '2.5 TDi'),
(4589, '2.5 TDi 4-Motion'),
(4590, '2.5 TDi 4Motion'),
(4591, '2.5 TDI 4Motion Comfortline'),
(4592, '2.5 TDi 4Motion Comfortline Automatic'),
(4593, '2.5 TDI Allroad'),
(4594, '2.5 TDI Allroad Tiptronic'),
(4595, '2.5 TDI Avant Multitronic'),
(4596, '2.5 TDI Cabriolet'),
(4597, '2.5 TDi Classic'),
(4598, '2.5 TDi Classic Automatic'),
(4599, '2.5 TDI Comfortline'),
(4600, '2.5 TDi Comfortline Automatic'),
(4601, '2.5 TDi Crew Bus'),
(4602, '2.5 TDi Crew Bus Tiptronic'),
(4603, '2.5 TDi CVT'),
(4604, '2.5 TDI Multitronic'),
(4605, '2.5 TDi Quattro'),
(4606, '2.5 TDI Quattro Automatic'),
(4607, '2.5 TDi Quattro Tiptronic'),
(4608, '2.5 TDi Single Cab'),
(4609, '2.5 TDi SLX'),
(4610, '2.5 TDi Tiptronic'),
(4611, '2.5 TDI V6 Classic'),
(4612, '2.5 TDI Variant Automatic'),
(4613, '2.5 Tourer'),
(4614, '2.5 Tourer Automatic'),
(4615, '2.5 Tourer Charme'),
(4616, '2.5 Tourer Charme Automatic'),
(4617, '2.5 Touring'),
(4618, '2.5 Trend'),
(4619, '2.5 Turbodiesel'),
(4620, '2.5 Turbodiesel SE'),
(4621, '2.5 Turnier Trend'),
(4622, '2.5 V6'),
(4623, '2.5 V6 24V'),
(4624, '2.5 V6 24V Sportwagon'),
(4625, '2.5 V6 24V TI'),
(4626, '2.5 V6 Automatic'),
(4627, '2.5 V6 Charme'),
(4628, '2.5 V6 Charme Automatic'),
(4629, '2.5 V6 Charme L'),
(4630, '2.5 V6 Charme L Automatic'),
(4631, '2.5 V6 Comfort'),
(4632, '2.5 V6 Distinctive'),
(4633, '2.5 V6 Estate'),
(4634, '2.5 V6 Estate Automatic'),
(4635, '2.5 V6 EX'),
(4636, '2.5 V6 EX Automatic'),
(4637, '2.5 V6 Executive'),
(4638, '2.5 V6 Executive Automatic'),
(4639, '2.5 V6 Hatchback'),
(4640, '2.5 V6 LX'),
(4641, '2.5 V6 LX Automatic'),
(4642, '2.5 V6 Q-System'),
(4643, '2.5 V6 SE'),
(4644, '2.5 V6 Sport'),
(4645, '2.5 V6 Sporttronic'),
(4646, '2.5 V6 Sportwagon'),
(4647, '2.5 V6 TDI 4Motion Comfortline'),
(4648, '2.5 V6 TDI 4Motion Comfortline Automatic'),
(4649, '2.5 V6 TDI Comfortline'),
(4650, '2.5 V6 TDI Comfortline Automatic'),
(4651, '2.5 V6 TDI Comfortline Variant'),
(4652, '2.5 V6 TDI Comfortline Variant Automatic'),
(4653, '2.5 V6 Tourer Charme'),
(4654, '2.5 V6 Tourer Charme Automatic'),
(4655, '2.5 V6 Trend'),
(4656, '2.5 V6 Turnier Trend'),
(4657, '2.5 Value Edition'),
(4658, '2.5 Wagon'),
(4659, '2.5 Wagon Automatic'),
(4660, '2.5 Wolfsburg Edition'),
(4661, '2.5 WRX'),
(4662, '2.5 WRX Combi'),
(4663, '2.5 WRX Kombi'),
(4664, '2.5 WRX Limited Sport Wagon'),
(4665, '2.5 WRX Limited Wagon'),
(4666, '2.5 WRX Limousine'),
(4667, '2.5 WRX Premium'),
(4668, '2.5 WRX Sedan'),
(4669, '2.5 WRX Sport Wagon'),
(4670, '2.5 WRX STi'),
(4671, '2.5 WRX TR'),
(4672, '2.5 WRX Wagon'),
(4673, '2.5 X'),
(4674, '2.5 X Automatic'),
(4675, '2.5 X L.L.Bean Edition'),
(4676, '2.5 X Premium'),
(4677, '2.5 X Sports'),
(4678, '2.5 XS'),
(4679, '2.5 XS Automatic'),
(4680, '2.5 XS L.L.Bean'),
(4681, '2.5 XS Premium'),
(4682, '2.5 XS Premium Automatic'),
(4683, '2.5 XT'),
(4684, '2.5 XT Automatic'),
(4685, '2.5 XT Limited'),
(4686, '2.5 XT Limited Wagon'),
(4687, '2.5 XT Premium'),
(4688, '2.5 XT Premium Automatic'),
(4689, '2.5 XT Sports'),
(4690, '2.5 XT Sportshift'),
(4691, '2.5 XT Wagon'),
(4692, '2.5D'),
(4693, '2.5GT'),
(4694, '2.5GT Limited'),
(4695, '2.5GT Limited Sedan'),
(4696, '2.5GT Premium'),
(4697, '2.5i'),
(4698, '2.5i 4dr Sedan AWD (2.5L 4cyl 6M)'),
(4699, '2.5i 4dr Sedan AWD (2.5L 4cyl CVT)'),
(4700, '2.5i 4dr Wagon AWD (2.5L 4cyl 6M)'),
(4701, '2.5i 4dr Wagon AWD (2.5L 4cyl CVT)'),
(4702, '2.5i 4WD'),
(4703, '2.5i Automatic'),
(4704, '2.5i AWD'),
(4705, '2.5i CVT'),
(4706, '2.5i Grand Touring'),
(4707, '2.5i Hatchback'),
(4708, '2.5i Hatchback Premium'),
(4709, '2.5i L.L.Bean Edition Wagon'),
(4710, '2.5i Limited'),
(4711, '2.5i Limited 4dr Sedan AWD (2.5L 4cyl CVT)'),
(4712, '2.5i Limited 4dr Wagon AWD (2.5L 4cyl CVT)'),
(4713, '2.5i Limited 4x4'),
(4714, '2.5i Limited 4x4 Automatic'),
(4715, '2.5i Limited L.L.Bean Edition'),
(4716, '2.5i Limited PZEV'),
(4717, '2.5i Limited PZEV 4dr Sedan AWD (2.5L 4cyl CVT)'),
(4718, '2.5i Limited PZEV 4dr SUV AWD (2.5L 4cyl CVT)'),
(4719, '2.5i Limited PZEV 4dr Wagon AWD (2.5L 4cyl CVT)'),
(4720, '2.5i Limited PZEV Sedan'),
(4721, '2.5i Limited Sedan'),
(4722, '2.5i Limited Wagon'),
(4723, '2.5i Premium'),
(4724, '2.5i Premium 4dr Sedan AWD (2.5L 4cyl CVT)'),
(4725, '2.5i Premium 4dr Wagon AWD (2.5L 4cyl 6M)'),
(4726, '2.5i Premium 4dr Wagon AWD (2.5L 4cyl CVT)'),
(4727, '2.5i Premium CVT'),
(4728, '2.5i Premium PZEV'),
(4729, '2.5i Premium PZEV 4dr Sedan AWD (2.5L 4cyl CVT)'),
(4730, '2.5i Premium PZEV 4dr SUV AWD (2.5L 4cyl 6M)'),
(4731, '2.5i Premium PZEV 4dr SUV AWD (2.5L 4cyl CVT)'),
(4732, '2.5i Premium PZEV 4dr Wagon AWD (2.5L 4cyl 6M)'),
(4733, '2.5i Premium PZEV 4dr Wagon AWD (2.5L 4cyl CVT)'),
(4734, '2.5i Premium PZEV Sedan'),
(4735, '2.5i Premium Sedan'),
(4736, '2.5i Premium Sedan CVT'),
(4737, '2.5i Premium Wagon'),
(4738, '2.5i PZEV'),
(4739, '2.5i PZEV 4dr Sedan AWD (2.5L 4cyl CVT)'),
(4740, '2.5i PZEV 4dr SUV AWD (2.5L 4cyl 6M)'),
(4741, '2.5i PZEV 4dr SUV AWD (2.5L 4cyl CVT)'),
(4742, '2.5i PZEV 4dr Wagon AWD (2.5L 4cyl 6M)'),
(4743, '2.5i PZEV 4dr Wagon AWD (2.5L 4cyl CVT)'),
(4744, '2.5i PZEV Sedan'),
(4745, '2.5i Roadster'),
(4746, '2.5i Roadster Automatic'),
(4747, '2.5i Sedan'),
(4748, '2.5i Sedan CVT'),
(4749, '2.5i Sedan Premium'),
(4750, '2.5i Sedan Special Edition'),
(4751, '2.5i Special Edition'),
(4752, '2.5i Special Edition Sedan'),
(4753, '2.5i Special Edition Wagon'),
(4754, '2.5i Sport'),
(4755, '2.5i Sport 4dr Sedan AWD (2.5L 4cyl CVT)'),
(4756, '2.5i Sport Automatic'),
(4757, '2.5i Sport PZEV 4dr Sedan AWD (2.5L 4cyl CVT)'),
(4758, '2.5i Sport Wagon'),
(4759, '2.5i Sports Activity'),
(4760, '2.5i Sports Sedan Grand Touring'),
(4761, '2.5i Sports Sedan Sport'),
(4762, '2.5i Sports Sedan SV'),
(4763, '2.5i Sports Sedan Touring'),
(4764, '2.5i SportShift'),
(4765, '2.5i SportShift AWD'),
(4766, '2.5i StationWagon'),
(4767, '2.5i Steptronic'),
(4768, '2.5i SV'),
(4769, '2.5i Touring'),
(4770, '2.5i Touring AWD'),
(4771, '2.5i Touring Plus'),
(4772, '2.5i Touring PZEV 4dr SUV AWD (2.5L 4cyl CVT)'),
(4773, '2.5i Touring SportShift'),
(4774, '2.5i Touring SportShift AWD'),
(4775, '2.5i Wagon'),
(4776, '2.5l'),
(4777, '2.5L 2-Door'),
(4778, '2.5L 2-Door w/ Conv. & Sun'),
(4779, '2.5L 2-Door w/ Convenience'),
(4780, '2.5L 2dr Convertible (2.5L 5cyl 6A)'),
(4781, '2.5L 2dr Convertible w/Sound'),
(4782, ''),
(4783, '2.5L 2dr Convertible w/Technology (2.5L 5cyl 6A)'),
(4784, '2.5L 2dr Hatchback (2.5L 5cyl 5M)'),
(4785, '2.5L 2dr Hatchback (2.5L 5cyl 6A)'),
(4786, '2.5L 2dr Hatchback w/Sunroof (2.5L 5cyl 5M)'),
(4787, '2.5L 2dr Hatchback w/Sunroof (2.5L 5cyl 6A)'),
(4788, '2.5L 2dr Hatchback w/Sunroof'),
(4789, ''),
(4790, ''),
(4791, '2.5L 2dr Hatchback w/Sunroof'),
(4792, ''),
(4793, ''),
(4794, '2.5L 4-Door'),
(4795, '2.5L 4-Door w/ Conv & Sun'),
(4796, '2.5L 4-Door w/ Convenience'),
(4797, '2.5l Automatic'),
(4798, '2.5L Convertible'),
(4799, '2.5L Convertible 50''s Edition'),
(4800, '2.5L Convertible 70''s Edition'),
(4801, '2.5L Convertible with Sound & Nav.'),
(4802, '2.5L Convertible with Technology'),
(4803, '2.5L Fender Edition'),
(4804, '2.5L PZEV 2dr Convertible (2.5L 5cyl 6A)'),
(4805, '2.5L PZEV 2dr Convertible w/Sound'),
(4806, ''),
(4807, '2.5L PZEV 2dr Convertible w/Technology (2.5L 5cyl 6A)'),
(4808, '2.5L PZEV 2dr Hatchback (2.5L 5cyl 5M)'),
(4809, '2.5L PZEV 2dr Hatchback (2.5L 5cyl 6A)'),
(4810, '2.5L PZEV 2dr Hatchback w/Sunroof (2.5L 5cyl 5M)'),
(4811, '2.5L PZEV 2dr Hatchback w/Sunroof (2.5L 5cyl 6A)'),
(4812, '2.5L PZEV 2dr Hatchback w/Sunroof'),
(4813, ''),
(4814, ''),
(4815, '2.5L PZEV 4dr Hatchback (2.5L 5cyl 6A)'),
(4816, '2.5L PZEV 4dr Hatchback w/Convenience'),
(4817, ''),
(4818, '2.5L w/ Sun. Sound & Nav.'),
(4819, '2.5L w/ Sunroof'),
(4820, '2.5s Grand Touring'),
(4821, '2.5s Grand Touring Hatchback'),
(4822, '2.5s Grand Touring Hatchback Automatic'),
(4823, '2.5s Grand Touring Sedan'),
(4824, '2.5s Grand Touring Sedan Automatic'),
(4825, '2.5s Touring Hatchback'),
(4826, '2.5s Touring Hatchback Automatic'),
(4827, '2.5s Touring Plus'),
(4828, '2.5s Touring Sedan'),
(4829, '2.5s Touring Sedan Automatic'),
(4830, '2.5si Exclusive'),
(4831, '2.5si Exclusive Automatic'),
(4832, '2.5si Roadster'),
(4833, '2.5si Roadster Automatic'),
(4834, '2.5Si Roadster E85'),
(4835, '2.5si Sport'),
(4836, '2.5si Sport Automatic'),
(4837, '2.5T'),
(4838, '2.5T Geartronic'),
(4839, '2.5T Kinetic'),
(4840, '2.5T Kinetic Automatic'),
(4841, '2.5T Kinetic AWD'),
(4842, '2.5T Kinetic AWD Automatic'),
(4843, '2.5T5 Kinetic'),
(4844, '2.5T5 Kinetic Automatic'),
(4845, '2.5TDi'),
(4846, '2.5X'),
(4847, '2.5X Automatic'),
(4848, '2.5X Limited'),
(4849, '2.5X Premium'),
(4850, '2.5X Premium Automatic'),
(4851, '2.5X Touring'),
(4852, '2.5XT'),
(4853, '2.5XT Limited'),
(4854, '2.5XT Premium'),
(4855, '2.5XT Touring'),
(4856, '2.6'),
(4857, '2.6 330'),
(4858, '2.6 Active'),
(4859, '2.6 Automatic'),
(4860, '2.6 Break'),
(4861, '2.6 C130'),
(4862, '2.6 C230'),
(4863, '2.6 C230 Automatic'),
(4864, '2.6 Cabriolet'),
(4865, '2.6 CD'),
(4866, '2.6 Ciera'),
(4867, '2.6 Class'),
(4868, '2.6 D'),
(4869, '2.6 GLX Turbo'),
(4870, '2.6 GLX Turbo 4x4'),
(4871, '2.6 Sedan'),
(4872, '2.6 Sedan Automatic'),
(4873, '2.6 SLE Double Cab'),
(4874, '2.6 V6'),
(4875, '2.6 V6 Automatic'),
(4876, '2.6 Wagon'),
(4877, '2.6 Wagon Automatic'),
(4878, '2.6 XX'),
(4879, '2.6 Zephyr'),
(4880, '2.6i'),
(4881, '2.6i 4x4'),
(4882, '2.6iD'),
(4883, '2.6iD Panel Van'),
(4884, '2.6TD GLX'),
(4885, '2.6TD GLX 4x4'),
(4886, '2.7'),
(4887, '2.7 4WD'),
(4888, '2.7 4x4 Automatic'),
(4889, '2.7 Automatic'),
(4890, '2.7 Bus'),
(4891, '2.7 Cabriolet'),
(4892, '2.7 Cabriolet Touring'),
(4893, '2.7 Convertible'),
(4894, '2.7 Convertible GTC'),
(4895, '2.7 Convertible Touring'),
(4896, '2.7 Coupe'),
(4897, '2.7 D'),
(4898, '2.7 D Cargo'),
(4899, '2.7 D Cargo Van'),
(4900, '2.7 D Classic'),
(4901, '2.7 D Classic Automatic'),
(4902, '2.7 D Executive'),
(4903, '2.7 D II Wagon'),
(4904, '2.7 D LWB'),
(4905, '2.7 D Panel Van'),
(4906, '2.7 D V6'),
(4907, '2.7 Diesel'),
(4908, '2.7 Diesel Automatic'),
(4909, '2.7 EX'),
(4910, '2.7 EX V6'),
(4911, '2.7 EX V6 4WD'),
(4912, '2.7 GLS'),
(4913, '2.7 GLS 4WD'),
(4914, '2.7 GLS 4x4 H-Matic'),
(4915, '2.7 GLS AWD'),
(4916, '2.7 GLS Comfort'),
(4917, '2.7 GLS H-Matic 4WD'),
(4918, '2.7 GS'),
(4919, '2.7 GT'),
(4920, '2.7 GT LTD'),
(4921, '2.7 HDi'),
(4922, '2.7 Limited'),
(4923, '2.7 Limited 4WD'),
(4924, '2.7 Luxury'),
(4925, '2.7 Luxury 4WD'),
(4926, '2.7 LX'),
(4927, '2.7 LX 4WD'),
(4928, '2.7 LX V6'),
(4929, '2.7 LX V6 4WD'),
(4930, '2.7 PA'),
(4931, '2.7 Panel Van'),
(4932, '2.7 SE'),
(4933, '2.7 SE 4WD'),
(4934, '2.7 Sedan Limited'),
(4935, '2.7 Sedan Touring'),
(4936, '2.7 Sedan TSi'),
(4937, '2.7 T Quattro'),
(4938, '2.7 T Quattro Automatic'),
(4939, '2.7 T Quattro Tiptronic'),
(4940, '2.7 T S-Line'),
(4941, '2.7 T Tiptronic'),
(4942, '2.7 TD Comfort'),
(4943, '2.7 TD Comfort Long'),
(4944, '2.7 TD GLX 4x4'),
(4945, '2.7 TDI'),
(4946, '2.7 TDI AllRoad Quattro'),
(4947, '2.7 TDi Multitronic'),
(4948, '2.7 TDi Quattro'),
(4949, '2.7 Tiptronic'),
(4950, '2.7 V6'),
(4951, '2.7 V6 4WD'),
(4952, '2.7 V6 Diesel'),
(4953, '2.7 V6 EX'),
(4954, '2.7 V6 GLS'),
(4955, '2.7 V6 GLS 4WD'),
(4956, '2.7 V6 GLS 6 Spd'),
(4957, '2.7 V6 GLS Comfort'),
(4958, '2.7 V6 GLS H-Matic'),
(4959, '2.7 V6 HDi'),
(4960, '2.7 V6 HDi 205 Premium'),
(4961, '2.7 V6 HDi FAP'),
(4962, '2.7 V6 Twin Turbo Diesel'),
(4963, '2.7 V6 Twin Turbo Diesel Automatic'),
(4964, '2.7 V6 XL-7 Comfort'),
(4965, '2.7 V6 XL7'),
(4966, '2.7 VVT-i 4X4 SRX'),
(4967, '2.7 VVT-i SRX 4x4'),
(4968, '2.7 VVTi 4x4 SRX'),
(4969, '2.7 X-Sport'),
(4970, '2.7 XL-7'),
(4971, '2.7 XL-7 Club'),
(4972, '2.7 XL-7 Comfort'),
(4973, '2.7 XL-7 LTD'),
(4974, '2.7 XSport'),
(4975, '2.7D V6'),
(4976, '2.7i 4x4 Automatic'),
(4977, '2.7L 2WD'),
(4978, '2.7L Automatic 4x4'),
(4979, '2.8'),
(4980, '2.8 4Motion Comfortline'),
(4981, '2.8 4Motion Comfortline Automatic'),
(4982, '2.8 4Motion Comfortline Variant'),
(4983, '2.8 4Motion Comfortline Variant Automatic'),
(4984, '2.8 Allrad Sport'),
(4985, '2.8 Automatic'),
(4986, '2.8 C230'),
(4987, '2.8 C230 Automatic'),
(4988, '2.8 C31'),
(4989, '2.8 C31 Automatic'),
(4990, '2.8 Cabriolet Turbo V6 Performance'),
(4991, '2.8 Cabriolet Turbo V6 Performance Automatic'),
(4992, '2.8 CD V6 Viva'),
(4993, '2.8 Classic'),
(4994, '2.8 Classic Automatic'),
(4995, '2.8 Comfortline'),
(4996, '2.8 Comfortline Automatic'),
(4997, '2.8 Convertible Aero'),
(4998, '2.8 Coupe'),
(4999, '2.8 CRD'),
(5000, '2.8 CRD Automatic'),
(5001, '2.8 CRD Comfort'),
(5002, '2.8 CRD Family'),
(5003, '2.8 CRD Limited Automatic'),
(5004, '2.8 CRD Long LX Automatic'),
(5005, '2.8 CRD Long SE Automatic'),
(5006, '2.8 CRD LWB LX Automatic'),
(5007, '2.8 CRD LWB SE Automatic'),
(5008, '2.8 CRD LX Automatic'),
(5009, '2.8 CRD SE Automatic'),
(5010, '2.8 CRD Unlimited'),
(5011, '2.8 CRD Unlimited Automatic'),
(5012, '2.8 D'),
(5013, '2.8 D Automatic'),
(5014, '2.8 D C31'),
(5015, '2.8 D C31 Automatic'),
(5016, '2.8 D C32'),
(5017, '2.8 D c33'),
(5018, '2.8 D c34'),
(5019, '2.8 D c35'),
(5020, '2.8 D GR'),
(5021, '2.8 D Wagon'),
(5022, '2.8 E'),
(5023, '2.8 E Automatic'),
(5024, '2.8 E Quattro'),
(5025, '2.8 FSi'),
(5026, '2.8 FSi multitronic'),
(5027, '2.8 Gran Turismo'),
(5028, '2.8 GT'),
(5029, '2.8 Injection'),
(5030, '2.8 JTD'),
(5031, '2.8 JTD Minibus'),
(5032, '2.8 L Sedan'),
(5033, '2.8 MK II'),
(5034, '2.8 MK III'),
(5035, '2.8 MK III Automatic'),
(5036, '2.8 MK III Station Wagon'),
(5037, '2.8 MK III Station Wagon Automatic'),
(5038, '2.8 OPC'),
(5039, '2.8 OPC Caravan'),
(5040, '2.8 Quattro'),
(5041, '2.8 Quattro Tiptronic'),
(5042, '2.8 RSi'),
(5043, '2.8 S10'),
(5044, '2.8 S10 Automatic'),
(5045, '2.8 Sedan'),
(5046, '2.8 Sport'),
(5047, '2.8 Sport Automatic'),
(5048, '2.8 Sport Sedan Aero'),
(5049, '2.8 SportAero'),
(5050, '2.8 Station Wagon'),
(5051, '2.8 Supra'),
(5052, '2.8 Supra Automatic'),
(5053, '2.8 Trend'),
(5054, '2.8 Turbo Diesel'),
(5055, '2.8 V6'),
(5056, '2.8 V6 4Motion Comfortline'),
(5057, '2.8 V6 4Motion Comfortline Automatic'),
(5058, '2.8 V6 4Motion Comfortline Variant'),
(5059, '2.8 V6 4Motion Comfortline Variant Automatic'),
(5060, '2.8 V6 Allroad Sport'),
(5061, '2.8 V6 Automatic'),
(5062, '2.8 V6 Avant'),
(5063, '2.8 V6 Classic'),
(5064, '2.8 V6 Classic Automatic'),
(5065, '2.8 V6 Comfort'),
(5066, '2.8 V6 Comfort Automatic'),
(5067, '2.8 V6 Comfortline'),
(5068, '2.8 V6 Comfortline Automatic'),
(5069, '2.8 V6 Quattro'),
(5070, '2.8 V6 Sport'),
(5071, '2.8 V6 Sport 4WD'),
(5072, '2.8 V6 Sport Automatic'),
(5073, '2.8 V6 Sport AWD'),
(5074, '2.8 V6 Sport Combi'),
(5075, '2.8 V6 Sport Combi Automatic'),
(5076, '2.8 V6 Sport Limousine Turbo'),
(5077, '2.8 V6 Sport Limousine Turbo Automatic'),
(5078, '2.8 V6 SportCombi'),
(5079, '2.8 V6 SportCombi Automatic'),
(5080, '2.8 V6 SportCombi Turbo'),
(5081, '2.8 V6 SportCombi Turbo Automatic'),
(5082, '2.8 V6 SportWagon'),
(5083, '2.8 V6 Tiptronic'),
(5084, '2.8 V6 Top Sport AWD'),
(5085, '2.8 V6 Trend'),
(5086, '2.8 Variant'),
(5087, '2.8i'),
(5088, '2.8i Automatic'),
(5089, '2.8I CRD SXT'),
(5090, '2.8I CRD SXT Automatic'),
(5091, '2.8i Special'),
(5092, '2.8i V6 RXE'),
(5093, '2.8JTD Minibus'),
(5094, '2.8L V6T'),
(5095, '2.8L V6T Automatic'),
(5096, '2.8T Aero'),
(5097, '2.8T Turbo6'),
(5098, '2.9'),
(5099, '2.9 Automatic'),
(5100, '2.9 Break'),
(5101, '2.9 Break Automatic'),
(5102, '2.9 Clipper'),
(5103, '2.9 CRDi'),
(5104, '2.9 CRDi Automatic'),
(5105, '2.9 CRDi EX'),
(5106, '2.9 CRDi EX Automatic'),
(5107, '2.9 CRDi Executive'),
(5108, '2.9 CRDi Executive Automatic'),
(5109, '2.9 CRDi GL'),
(5110, '2.9 CRDi GLS'),
(5111, '2.9 CRDi LX'),
(5112, '2.9 CRDi LX Automatic'),
(5113, '2.9 D'),
(5114, '2.9 D Automatic'),
(5115, '2.9 D Soft'),
(5116, '2.9 Estate'),
(5117, '2.9 Executive'),
(5118, '2.9 Kinetic'),
(5119, '2.9 T Aero Cabriolet'),
(5120, '2.9 T Aero Cabriolet Automatic'),
(5121, '2.9 TD'),
(5122, '2.9 TD Softtop'),
(5123, '2.9 TDi'),
(5124, '2.9 TDi Softtop'),
(5125, '2.9i Ghia'),
(5126, '2.Grand Touring'),
(5127, '2.Individual'),
(5128, '2.MPS'),
(5129, '2.MPS DISi Turbo'),
(5130, '2.MPS Extreme'),
(5131, '2.OT Premium Plus'),
(5132, '2.s Grand Touring'),
(5133, '2.s Touring'),
(5134, '2.Sport'),
(5135, '2.Sport Individual'),
(5136, '20 Berline'),
(5137, '20 Break'),
(5138, '20 Familiale'),
(5139, '20 M'),
(5140, '200'),
(5141, '200 4x4'),
(5142, '200 4X4 Automatic'),
(5143, '200 Automatic'),
(5144, '200 Avantgarde'),
(5145, '200 Avantgarde Automatic'),
(5146, '200 BlueEFFICIENCY'),
(5147, '200 CDi'),
(5148, '200 CDi Automatic'),
(5149, '200 CDi Avantgarde'),
(5150, '200 CDi Classic'),
(5151, '200 CDi Estate'),
(5152, '200 CDI Sedan'),
(5153, '200 CDi Sportcoupe'),
(5154, '200 CDi Sports Coupe'),
(5155, '200 CDi T Classic'),
(5156, '200 CGI'),
(5157, '200 CGI Automatic'),
(5158, '200 CGI Avantgarde'),
(5159, '200 CGI Classic'),
(5160, '200 CGI Estate'),
(5161, '200 CGI Sportcoupe'),
(5162, '200 CGI SportsCoupe'),
(5163, '200 CGI T Classic'),
(5164, '200 Classic'),
(5165, '200 D'),
(5166, '200 Elegance'),
(5167, '200 Elegance Automatic'),
(5168, '200 Elegance Autotronic'),
(5169, '200 Estate'),
(5170, '200 K'),
(5171, '200 K Automatic'),
(5172, '200 K Avantgarde'),
(5173, '200 K Avantgarde AMG Sports'),
(5174, '200 K Avantgarde AMG Sports Automatic'),
(5175, '200 K Avantgarde Automatic'),
(5176, '200 K Cabrio Avantgarde'),
(5177, '200 K Cabriolet Avantgarde'),
(5178, '200 K Classic'),
(5179, '200 K Classic Automatic'),
(5180, '200 K Elegance'),
(5181, '200 K Elegance AMG Sports'),
(5182, '200 K Elegance AMG Sports Automatic'),
(5183, '200 K Elegance Automatic'),
(5184, '200 K Estate'),
(5185, '200 K Estate Avantgarde'),
(5186, '200 K Estate Classic'),
(5187, '200 K Estate Sport'),
(5188, '200 K Roadster Automatic'),
(5189, '200 K Sport'),
(5190, '200 K Sport Automatic'),
(5191, '200 K Sportcoupe'),
(5192, '200 Kompressor'),
(5193, '200 Kompressor Automatic'),
(5194, '200 Kompressor Avantgarde'),
(5195, '200 Kompressor Cabriolet Avantgarde'),
(5196, '200 Kompressor Classic'),
(5197, '200 Kompressor Estate'),
(5198, '200 Kompressor Estate Automatic'),
(5199, '200 Kompressor NGT Classic'),
(5200, '200 Kompressor Sportcoupe'),
(5201, '200 Kompressor Sports Coupe'),
(5202, '200 Kompressor T Classic'),
(5203, '200 L Coupe'),
(5204, '200 Limited'),
(5205, '200 Si'),
(5206, '200 Sport Cross'),
(5207, '200 SportCross'),
(5208, '200 T CDi Classic'),
(5209, '200 T Kompressor Classic'),
(5210, '200 Turbo'),
(5211, '200 Turbo Automatic'),
(5212, '200 XDi'),
(5213, '200 XDi 4WD'),
(5214, '200 Xdi 4WD Automatic'),
(5215, '200 XDi 4x4'),
(5216, '200 XDi 4x4 Automatic'),
(5217, '200 Xdi Automatic'),
(5218, '2000'),
(5219, '2000 Berlina'),
(5220, '2000 Berlinetta'),
(5221, '2000 Bus'),
(5222, '2000 Coupe America'),
(5223, '2000 Estate'),
(5224, '2000 GL'),
(5225, '2000 GLS'),
(5226, '2000 GLS Automatic'),
(5227, '2000 GT'),
(5228, '2000 GT GC10'),
(5229, '2000 GT Liftback'),
(5230, '2000 GT-R'),
(5231, '2000 GTi'),
(5232, '2000 GTX'),
(5233, '2000 Injection'),
(5234, '2000 Libre'),
(5235, '2000 S'),
(5236, '2000 Supra'),
(5237, '2000 Supra Automatic'),
(5238, '2000 Turbo'),
(5239, '2000 XT Liftback Automatic'),
(5240, '2000D'),
(5241, '2000i'),
(5242, '2000i Estate'),
(5243, '2000i Estate TE'),
(5244, '2000i Hi-Line'),
(5245, '2000i IO'),
(5246, '2000i P-Van'),
(5247, '2000i Single Cab PS'),
(5248, '200D'),
(5249, '200h'),
(5250, '200h Premium'),
(5251, '200i'),
(5252, '200i Heelside'),
(5253, '200i i-VTEC 4x4'),
(5254, '200is'),
(5255, '200K'),
(5256, '200K Automatic'),
(5257, '200K Avantgarde'),
(5258, '200K Avantgarde Automatic'),
(5259, '200K Classic'),
(5260, '200K Classic Automatic'),
(5261, '200K Elegance'),
(5262, '200K Elegance Automatic'),
(5263, '200K Estate Avantgarde'),
(5264, '200K Estate Avantgarde Automatic'),
(5265, '200K Estate Classic'),
(5266, '200K Estate Classic Automatic'),
(5267, '200K Estate Elegance'),
(5268, '200K Estate Elegance Automatic'),
(5269, '200K Estate Sport'),
(5270, '200K Estate Sport Automatic'),
(5271, '200K Sport'),
(5272, '200K Sport Automatic'),
(5273, '200S Convertible'),
(5274, '200T CDi Classic'),
(5275, '200T Kompressor Classic'),
(5276, '206'),
(5277, '206 GT'),
(5278, '21'),
(5279, '21 3.0'),
(5280, '21 Automatic'),
(5281, '21 Convertible'),
(5282, '210 Evolution'),
(5283, '210 Evolution Automatic'),
(5284, '210 L Evolution'),
(5285, '210 L Evolution Automatic'),
(5286, '2100'),
(5287, '2110 Rally'),
(5288, '212'),
(5289, '215A Coupe'),
(5290, '22'),
(5291, '22 Safari'),
(5292, '220'),
(5293, '220 Automatic'),
(5294, '220 CDi'),
(5295, '220 CDi Automatic'),
(5296, '220 CDi Avantgarde'),
(5297, '220 CDi Avantgarde AMG Sports'),
(5298, '220 CDi Avantgarde AMG Sports Automatic'),
(5299, '220 CDi Avantgarde Automatic'),
(5300, '220 CDi Classic'),
(5301, '220 CDi Classic Automatic'),
(5302, '220 CDI Convertible'),
(5303, '220 CDI Coupe'),
(5304, '220 CDi Elegance'),
(5305, '220 CDi Elegance AMG Sports'),
(5306, '220 CDi Elegance AMG Sports Automatic'),
(5307, '220 CDi Elegance Automatic'),
(5308, '220 CDi Estate'),
(5309, '220 CDi Estate Automatic'),
(5310, '220 CDi Estate Avantgarde'),
(5311, '220 CDi Estate Avantgarde Automatic'),
(5312, '220 CDi Estate Avantgarde Sport'),
(5313, '220 CDi Estate Classic'),
(5314, '220 CDi Estate Classic Automatic'),
(5315, '220 CDi Estate Classic Sport Automatic'),
(5316, '220 CDi Estate Elegance'),
(5317, '220 CDi Estate Elegance Automatic'),
(5318, '220 CDi Estate Sport'),
(5319, '220 CDi Estate Sport Automatic'),
(5320, '220 CDI Sedan'),
(5321, '220 CDi Sport'),
(5322, '220 CDi Sportcoupe'),
(5323, '220 CDi Sports Coupe'),
(5324, '220 CDi T'),
(5325, '220 CDi T Automatic'),
(5326, '220 CDi T Classic'),
(5327, '220 Diesel'),
(5328, '220 LE'),
(5329, '220 LE Long'),
(5330, '220 T CDi Classic'),
(5331, '2200'),
(5332, '2200 4x4'),
(5333, '2200 XL'),
(5334, '220D'),
(5335, '225'),
(5336, '225 Coupe Quattro'),
(5337, '225 Roadster Quattro'),
(5338, '230'),
(5339, '230 Automatic'),
(5340, '230 Classic'),
(5341, '230 Classic Automatic'),
(5342, '230 K Sports Coupe'),
(5343, '230 K Sportscoupe Automatic'),
(5344, '230 Kompressor'),
(5345, '230 Kompressor Automatic'),
(5346, '230 Kompressor Classic'),
(5347, '230 Kompressor Estate'),
(5348, '230 Kompressor Sport Sedan'),
(5349, '230 Kompressor Sportcoupe'),
(5350, '230 Kompressor Sports Coupe'),
(5351, '230 Kompressor Sports Coupe Automatic'),
(5352, '230 Kompressor Sports Sedan'),
(5353, '230 Kompressor T Classic'),
(5354, '230 Roadster'),
(5355, '230 Sport Sedan'),
(5356, '230 Sportcoupe'),
(5357, '230 T Classic'),
(5358, '230 V6'),
(5359, '230 V6 Automatic'),
(5360, '2300'),
(5361, '2300 Automatic'),
(5362, '2300 GL'),
(5363, '2300 GL Diesel'),
(5364, '2300 GL Diesel Estate'),
(5365, '2300 GT'),
(5366, '230K Sports Coup Automatic'),
(5367, '230K Sports Coupe'),
(5368, '230K Sports Coupe Automatic'),
(5369, '231 Coupe'),
(5370, '231 Sedan'),
(5371, '231 Station Wagon'),
(5372, '234'),
(5373, '236'),
(5374, '24'),
(5375, '240'),
(5376, '240 4Matic'),
(5377, '240 4Matic Classic'),
(5378, '240 Automatic'),
(5379, '240 Avantgarde'),
(5380, '240 Cabriolet Avantgarde'),
(5381, '240 Classic'),
(5382, '240 Elegance'),
(5383, '240 Elegance Automatic'),
(5384, '240 Estate'),
(5385, '240 Estate Automatic'),
(5386, '240 K'),
(5387, '240 K Automatic'),
(5388, '240 Luxury Sedan'),
(5389, '240 Luxury Wagon'),
(5390, '240 R'),
(5391, '240 Sedan'),
(5392, '240 T 4Matic'),
(5393, '240 T Classic'),
(5394, '240 T Classic 4Matic'),
(5395, '240 T Estate Automatic'),
(5396, '240 Wagon'),
(5397, '2400'),
(5398, '2400 Pallas Injection C-Matic'),
(5399, '2400 Super'),
(5400, '2400 Super C-Matic'),
(5401, '2400 Super Safari'),
(5402, '2400i'),
(5403, '2400i 4x4'),
(5404, '2400i 4x4 Double Cab'),
(5405, '2400i 4x4 TX'),
(5406, '2400i Double Cab 4x4'),
(5407, '2400i Estate TE'),
(5408, '2400i Estate TX'),
(5409, '2400i Extras'),
(5410, '2400i Hi-Rider D-Cab'),
(5411, '2400i Hi-Rider Double Cab'),
(5412, '2400i Hi-Rider Long Single Cab'),
(5413, '2400i TX 4x4'),
(5414, '240i Double Cab 4x4 LE'),
(5415, '240i LE'),
(5416, '240i LE Double Cab'),
(5417, '240i LE Single Cab'),
(5418, '240i Limited 4WD'),
(5419, '240i Single Cab'),
(5420, '246 GT'),
(5421, '246 GTS'),
(5422, '25'),
(5423, '25 Diesel'),
(5424, '25 GTi'),
(5425, '25 GTi Turbo'),
(5426, '25 Pallas'),
(5427, '25 Pallas Automatic'),
(5428, '25 Prestige Automatic'),
(5429, '25 Quattro Special Edition'),
(5430, '25 Turbo Diesel'),
(5431, '250'),
(5432, '250 4WD'),
(5433, '250 Automatic'),
(5434, '250 AWD'),
(5435, '250 AWD Automatic'),
(5436, '250 C'),
(5437, '250 C Automatic'),
(5438, '250 CDI'),
(5439, '250 CDI Convertible'),
(5440, '250 CDI Coupe'),
(5441, '250 CDI Estate'),
(5442, '250 CDI Sedan'),
(5443, '250 Coupe'),
(5444, '250 Coupe Quattro'),
(5445, '250 Estate'),
(5446, '250 Luxury Sedan'),
(5447, '250 Roadster'),
(5448, '250 Roadster Quattro'),
(5449, '250 SE'),
(5450, '250 SE AWD'),
(5451, '250 Sport Sedan'),
(5452, '2500'),
(5453, '2500 144 Cargo'),
(5454, '2500 144 Crew'),
(5455, '2500 144 Passenger'),
(5456, '2500 170 Cargo'),
(5457, '2500 170 Crew'),
(5458, '2500 170 Passenger'),
(5459, '2500 4WD'),
(5460, '2500 4WD Extended Cab'),
(5461, '2500 4WD Extended Cab SLT'),
(5462, '2500 4x4'),
(5463, '2500 D XL'),
(5464, '2500 EXT Van'),
(5465, '2500 Freccia d`Oro'),
(5466, '2500 HD'),
(5467, '2500 HD Crew Cab'),
(5468, '2500 HD Crew Cab 4WD'),
(5469, '2500 HD Crew Cab 4WD Long'),
(5470, '2500 HD Crew Cab 4WD Work Truck'),
(5471, '2500 HD Crew Cab LT'),
(5472, '2500 HD Crew Cab LT 4WD'),
(5473, '2500 HD Crew Cab LTZ'),
(5474, '2500 HD Crew Cab LTZ 4WD'),
(5475, '2500 HD Crew Cab Work Truck 4WD'),
(5476, '2500 HD Extended Cab'),
(5477, '2500 HD Extended Cab 4WD'),
(5478, '2500 HD Extended Cab LT'),
(5479, '2500 HD Extended Cab LT 4WD'),
(5480, '2500 HD Extended Cab LTZ'),
(5481, '2500 HD Extended Cab LTZ 4WD'),
(5482, '2500 HD Extended Cab SLE'),
(5483, '2500 HD Extended Cab Work Truck'),
(5484, '2500 HD Regular Cab'),
(5485, '2500 HD Regular Cab LT'),
(5486, '2500 HD Regular Cab LT 4WD'),
(5487, '2500 HD Regular Cab SLE Long'),
(5488, '2500 HD Regular Cab Work Truck'),
(5489, '2500 HD Regular Cab Work Truck 4WD'),
(5490, '2500 HD Regular Cab Work Truck Long'),
(5491, '2500 High Roof 3dr Van (3.6L 6cyl 6A)'),
(5492, '2500 High Roof 3dr Van w/136 Wheelbase - 3.6L 6cyl 6A'),
(5493, '2500 High Roof 3dr Van w/159 Wheelbase -3.6L 6cyl 6A'),
(5494, '2500 Libre'),
(5495, '2500 LS'),
(5496, '2500 LT'),
(5497, '2500 Mega Cab'),
(5498, '2500 Mega Cab 4x4'),
(5499, '2500 Mega Cab Laramie'),
(5500, '2500 Quad Cab'),
(5501, '2500 Quad Cab 4x4 Laramie'),
(5502, '2500 Quad Cab 4x4 Power wagon'),
(5503, '2500 Quad Cab 4x4 ST'),
(5504, '2500 Quad Cab Laramie'),
(5505, '2500 Quad Cab Power Wagon 4x4'),
(5506, '2500 Quad Cab ST'),
(5507, '2500 Regular Cab'),
(5508, '2500 Regular Cab 4x4'),
(5509, '2500 Regular Cab SLE'),
(5510, '2500 Regular Cab SLT'),
(5511, '2500 S'),
(5512, '2500 Sport'),
(5513, '2500 Super Sport Corsa'),
(5514, '2500 SV'),
(5515, '2500 TD'),
(5516, '2500 TD D-Cab XLT 4x4'),
(5517, '2500 TD Double Cab'),
(5518, '2500 TD Double Cab XLT'),
(5519, '2500 TD Double Cab XLT 4x4'),
(5520, '2500 TD Single Cab'),
(5521, '2500 TD SL 4x4'),
(5522, '2500 TD SLX'),
(5523, '2500 TD SLX 4x4'),
(5524, '2500 TD Super Cab XL 4x4'),
(5525, '2500 Van'),
(5526, '2500HD LT'),
(5527, '2500HD Crew Cab'),
(5528, '2500HD Denali'),
(5529, '2500HD Extended Cab'),
(5530, '2500HD Regular Cab'),
(5531, '2500HD SLE'),
(5532, '2500HD SLT'),
(5533, '2500HD Work Truck'),
(5534, '2500HD WT'),
(5535, '250c D Double Cab LE'),
(5536, '250h'),
(5537, '250h Premium'),
(5538, '25V'),
(5539, '260'),
(5540, '260 Automatic'),
(5541, '2600'),
(5542, '2600 GT'),
(5543, '2600 RS'),
(5544, '2600 XX'),
(5545, '2600i D'),
(5546, '2600i SL 4x4'),
(5547, '2600i SLE Double Cab'),
(5548, '2600i SLX'),
(5549, '2600i SLX 4x4'),
(5550, '265 Coupe'),
(5551, '265 Sedan'),
(5552, '265 Station Wagon'),
(5553, '270'),
(5554, '270 Automatic'),
(5555, '270 Cdi'),
(5556, '270 CDI Automatic'),
(5557, '270 CDI Avantgarde'),
(5558, '270 CDI Classic'),
(5559, '270 CDI Estate'),
(5560, '270 CDI Estate Automatic'),
(5561, '270 CDI Station Wagon'),
(5562, '270 CDi Station Wagon Long'),
(5563, '270 CDI T Classic'),
(5564, '270 CDi Wagon'),
(5565, '270 CDI Wagon Long'),
(5566, '270 LS'),
(5567, '270 XDi'),
(5568, '270 XDi 4WD'),
(5569, '270 XDi 4WD Automatic'),
(5570, '270 XDi Automatic'),
(5571, '270 XVT'),
(5572, '270 XVT Automatic'),
(5573, '2700'),
(5574, '2700 Hi-Rider D-Cab'),
(5575, '2700i Raider'),
(5576, '280'),
(5577, '280 4Matic'),
(5578, '280 Automatic'),
(5579, '280 Avantgarde'),
(5580, '280 Avantgarde Automatic'),
(5581, '280 Cabriolet Avantgarde'),
(5582, '280 CDi'),
(5583, '280 CDi 4Matic'),
(5584, '280 CDI Automatic'),
(5585, '280 CDI Classic'),
(5586, '280 Classic'),
(5587, '280 Classic Automatic'),
(5588, '280 Elegance Automatic'),
(5589, '280 Estate'),
(5590, '280 Estate Avantgarde'),
(5591, '280 Estate Avantgarde Automatic'),
(5592, '280 Estate Elegance Automatic'),
(5593, '280 Estate Sport Automatic'),
(5594, '280 Luxury Sedan'),
(5595, '280 Roadster'),
(5596, '280 Sport Automatic'),
(5597, '280 T 4Matic Classic'),
(5598, '280 T CDI Classic'),
(5599, '280 T CDI Classic Automatic'),
(5600, '280 T Classic'),
(5601, '2800'),
(5602, '2800 Ghia S'),
(5603, '2800 Raider D-Cab'),
(5604, '2800 TDi ClubCab'),
(5605, '2800 TDi ClubCab 4x4'),
(5606, '2800 TDi Rodeo'),
(5607, '2800D'),
(5608, '2800D Hi-Line'),
(5609, '2800i Ghia'),
(5610, '2800i GLS Estate'),
(5611, '280T 4Matic Classic'),
(5612, '280T CDi Classic'),
(5613, '280T CDi Classic Automatic'),
(5614, '280T Classic'),
(5615, '283'),
(5616, '289'),
(5617, '290 S Sports 4WD'),
(5618, '290 S Sports 4X4 Automatic'),
(5619, '2900'),
(5620, '290S Sports'),
(5621, '290S Sports 4x4'),
(5622, '290S Sports 4X4 Automatic'),
(5623, '2dr Convertible (1.6L 4cyl 6M)'),
(5624, '2dr Convertible (2.0L 4cyl 6M)'),
(5625, '2dr Convertible (2.5L 6cyl 6A)'),
(5626, '2dr Convertible (2.7L 6cyl 6M)');

-- --------------------------------------------------------

--
-- Table structure for table `nationality`
--

CREATE TABLE IF NOT EXISTS `nationality` (
  `nation_id` int(11) NOT NULL,
  `name` varchar(255) DEFAULT NULL,
  `created_at` timestamp NULL DEFAULT CURRENT_TIMESTAMP,
  `created_by` int(11) DEFAULT NULL,
  `modified_at` datetime DEFAULT NULL,
  `modified_by` int(11) DEFAULT NULL
) ENGINE=InnoDB AUTO_INCREMENT=203 DEFAULT CHARSET=latin1;

--
-- Dumping data for table `nationality`
--

INSERT INTO `nationality` (`nation_id`, `name`, `created_at`, `created_by`, `modified_at`, `modified_by`) VALUES
(1, 'Afghan', '2016-05-18 10:06:19', NULL, NULL, NULL),
(2, 'Albanian', '2016-05-18 10:06:19', NULL, NULL, NULL),
(3, 'Algerian', '2016-05-18 10:06:19', NULL, NULL, NULL),
(4, 'American', '2016-05-18 10:06:19', NULL, NULL, NULL),
(5, 'Andorran', '2016-05-18 10:06:19', NULL, NULL, NULL),
(6, 'Angolan', '2016-05-18 10:06:19', NULL, NULL, NULL),
(7, 'Antiguans', '2016-05-18 10:06:19', NULL, NULL, NULL),
(8, 'Argentinean', '2016-05-18 10:06:19', NULL, NULL, NULL),
(9, 'Armenian', '2016-05-18 10:06:19', NULL, NULL, NULL),
(10, 'Australian', '2016-05-18 10:06:19', NULL, NULL, NULL),
(11, 'Austrian', '2016-05-18 10:06:19', NULL, NULL, NULL),
(12, 'Azerbaijani', '2016-05-18 10:06:19', NULL, NULL, NULL),
(13, 'Bahamian', '2016-05-18 10:06:19', NULL, NULL, NULL),
(14, 'Bahraini', '2016-05-18 10:06:19', NULL, NULL, NULL),
(15, 'Bangladeshi', '2016-05-18 10:06:19', NULL, NULL, NULL),
(16, 'Barbadian', '2016-05-18 10:06:19', NULL, NULL, NULL),
(17, 'Barbudans', '2016-05-18 10:06:19', NULL, NULL, NULL),
(18, 'Batswana', '2016-05-18 10:06:19', NULL, NULL, NULL),
(19, 'Belarusian', '2016-05-18 10:06:19', NULL, NULL, NULL),
(20, 'Belgian', '2016-05-18 10:06:19', NULL, NULL, NULL),
(21, 'Belizean', '2016-05-18 10:06:19', NULL, NULL, NULL),
(22, 'Beninese', '2016-05-18 10:06:19', NULL, NULL, NULL),
(23, 'Bhutanese', '2016-05-18 10:06:19', NULL, NULL, NULL),
(24, 'Bolivian', '2016-05-18 10:06:19', NULL, NULL, NULL),
(25, 'Bosnian', '2016-05-18 10:06:19', NULL, NULL, NULL),
(26, 'Brazilian', '2016-05-18 10:06:19', NULL, NULL, NULL),
(27, 'British', '2016-05-18 10:06:19', NULL, NULL, NULL),
(28, 'Bruneian', '2016-05-18 10:06:19', NULL, NULL, NULL),
(29, 'Bulgarian', '2016-05-18 10:06:19', NULL, NULL, NULL),
(30, 'Burkinabe', '2016-05-18 10:06:19', NULL, NULL, NULL),
(31, 'Burmese', '2016-05-18 10:06:19', NULL, NULL, NULL),
(32, 'Burundian', '2016-05-18 10:06:19', NULL, NULL, NULL),
(33, 'Cambodian', '2016-05-18 10:06:19', NULL, NULL, NULL),
(34, 'Cameroonian', '2016-05-18 10:06:19', NULL, NULL, NULL),
(35, 'Canadian', '2016-05-18 10:06:19', NULL, NULL, NULL),
(36, 'Cape Verdean', '2016-05-18 10:06:19', NULL, NULL, NULL),
(37, 'Central African', '2016-05-18 10:06:19', NULL, NULL, NULL),
(38, 'Chadian', '2016-05-18 10:06:19', NULL, NULL, NULL),
(39, 'Chilean', '2016-05-18 10:06:19', NULL, NULL, NULL),
(40, 'Chinese', '2016-05-18 10:06:19', NULL, NULL, NULL),
(41, 'Colombian', '2016-05-18 10:06:19', NULL, NULL, NULL),
(42, 'Comoran', '2016-05-18 10:06:19', NULL, NULL, NULL),
(43, 'Congolese', '2016-05-18 10:06:19', NULL, NULL, NULL),
(44, 'Congolese', '2016-05-18 10:06:19', NULL, NULL, NULL),
(45, 'Costa Rican', '2016-05-18 10:06:19', NULL, NULL, NULL),
(46, 'Croatian', '2016-05-18 10:06:19', NULL, NULL, NULL),
(47, 'Cuban', '2016-05-18 10:06:19', NULL, NULL, NULL),
(48, 'Cypriot', '2016-05-18 10:06:19', NULL, NULL, NULL),
(49, 'Czech', '2016-05-18 10:06:19', NULL, NULL, NULL),
(50, 'Danish', '2016-05-18 10:06:19', NULL, NULL, NULL),
(51, 'Djibouti', '2016-05-18 10:06:19', NULL, NULL, NULL),
(52, 'Dominican', '2016-05-18 10:06:19', NULL, NULL, NULL),
(54, 'Dutch', '2016-05-18 10:06:19', NULL, NULL, NULL),
(55, 'Dutchman', '2016-05-18 10:06:19', NULL, NULL, NULL),
(56, 'Dutchwoman', '2016-05-18 10:06:19', NULL, NULL, NULL),
(57, 'East Timorese', '2016-05-18 10:06:19', NULL, NULL, NULL),
(58, 'Ecuadorean', '2016-05-18 10:06:19', NULL, NULL, NULL),
(59, 'Egyptian', '2016-05-18 10:06:19', NULL, NULL, NULL),
(60, 'Emirian', '2016-05-18 10:06:19', NULL, NULL, NULL),
(61, 'Equatorial Guinean', '2016-05-18 10:06:19', NULL, NULL, NULL),
(62, 'Eritrean', '2016-05-18 10:06:19', NULL, NULL, NULL),
(63, 'Estonian', '2016-05-18 10:06:19', NULL, NULL, NULL),
(64, 'Ethiopian', '2016-05-18 10:06:19', NULL, NULL, NULL),
(65, 'Fijian', '2016-05-18 10:06:19', NULL, NULL, NULL),
(66, 'Filipino', '2016-05-18 10:06:19', NULL, NULL, NULL),
(67, 'Finnish', '2016-05-18 10:06:19', NULL, NULL, NULL),
(68, 'French', '2016-05-18 10:06:19', NULL, NULL, NULL),
(69, 'Gabonese', '2016-05-18 10:06:19', NULL, NULL, NULL),
(70, 'Gambian', '2016-05-18 10:06:19', NULL, NULL, NULL),
(71, 'Georgian', '2016-05-18 10:06:19', NULL, NULL, NULL),
(72, 'German', '2016-05-18 10:06:19', NULL, NULL, NULL),
(73, 'Ghanaian', '2016-05-18 10:06:19', NULL, NULL, NULL),
(74, 'Greek', '2016-05-18 10:06:19', NULL, NULL, NULL),
(75, 'Grenadian', '2016-05-18 10:06:19', NULL, NULL, NULL),
(76, 'Guatemalan', '2016-05-18 10:06:19', NULL, NULL, NULL),
(77, 'Guinea-Bissauan', '2016-05-18 10:06:19', NULL, NULL, NULL),
(78, 'Guinean', '2016-05-18 10:06:19', NULL, NULL, NULL),
(79, 'Guyanese', '2016-05-18 10:06:19', NULL, NULL, NULL),
(80, 'Haitian', '2016-05-18 10:06:19', NULL, NULL, NULL),
(81, 'Herzegovinian', '2016-05-18 10:06:19', NULL, NULL, NULL),
(82, 'Honduran', '2016-05-18 10:06:19', NULL, NULL, NULL),
(83, 'Hungarian', '2016-05-18 10:06:19', NULL, NULL, NULL),
(84, 'I-Kiribati', '2016-05-18 10:06:19', NULL, NULL, NULL),
(85, 'Icelander', '2016-05-18 10:06:19', NULL, NULL, NULL),
(86, 'Indian', '2016-05-18 10:06:19', NULL, NULL, NULL),
(87, 'Indonesian', '2016-05-18 10:06:19', NULL, NULL, NULL),
(88, 'Iranian', '2016-05-18 10:06:19', NULL, NULL, NULL),
(89, 'Iraqi', '2016-05-18 10:06:19', NULL, NULL, NULL),
(90, 'Irish', '2016-05-18 10:06:19', NULL, NULL, NULL),
(93, 'Italian', '2016-05-18 10:06:19', NULL, NULL, NULL),
(94, 'Ivorian', '2016-05-18 10:06:19', NULL, NULL, NULL),
(95, 'Jamaican', '2016-05-18 10:06:19', NULL, NULL, NULL),
(96, 'Japanese', '2016-05-18 10:06:19', NULL, NULL, NULL),
(97, 'Jordanian', '2016-05-18 10:06:19', NULL, NULL, NULL),
(98, 'Kazakhstani', '2016-05-18 10:06:19', NULL, NULL, NULL),
(99, 'Kenyan', '2016-05-18 10:06:19', NULL, NULL, NULL),
(100, 'Kittian and Nevisian', '2016-05-18 10:06:19', NULL, NULL, NULL),
(101, 'Kuwaiti', '2016-05-18 10:06:19', NULL, NULL, NULL),
(102, 'Kyrgyz', '2016-05-18 10:06:19', NULL, NULL, NULL),
(103, 'Laotian', '2016-05-18 10:06:19', NULL, NULL, NULL),
(104, 'Latvian', '2016-05-18 10:06:19', NULL, NULL, NULL),
(105, 'Lebanese', '2016-05-18 10:06:19', NULL, NULL, NULL),
(106, 'Liberian', '2016-05-18 10:06:19', NULL, NULL, NULL),
(107, 'Libyan', '2016-05-18 10:06:19', NULL, NULL, NULL),
(108, 'Liechtensteiner', '2016-05-18 10:06:19', NULL, NULL, NULL),
(109, 'Lithuanian', '2016-05-18 10:06:19', NULL, NULL, NULL),
(110, 'Luxembourger', '2016-05-18 10:06:19', NULL, NULL, NULL),
(111, 'Macedonian', '2016-05-18 10:06:19', NULL, NULL, NULL),
(112, 'Malagasy', '2016-05-18 10:06:19', NULL, NULL, NULL),
(113, 'Malawian', '2016-05-18 10:06:19', NULL, NULL, NULL),
(114, 'Malaysian', '2016-05-18 10:06:19', NULL, NULL, NULL),
(115, 'Maldivan', '2016-05-18 10:06:19', NULL, NULL, NULL),
(116, 'Malian', '2016-05-18 10:06:19', NULL, NULL, NULL),
(117, 'Maltese', '2016-05-18 10:06:19', NULL, NULL, NULL),
(118, 'Marshallese', '2016-05-18 10:06:19', NULL, NULL, NULL),
(119, 'Mauritanian', '2016-05-18 10:06:19', NULL, NULL, NULL),
(120, 'Mauritian', '2016-05-18 10:06:19', NULL, NULL, NULL),
(121, 'Mexican', '2016-05-18 10:06:19', NULL, NULL, NULL),
(122, 'Micronesian', '2016-05-18 10:06:19', NULL, NULL, NULL),
(123, 'Moldovan', '2016-05-18 10:06:19', NULL, NULL, NULL),
(124, 'Monacan', '2016-05-18 10:06:19', NULL, NULL, NULL),
(125, 'Mongolian', '2016-05-18 10:06:19', NULL, NULL, NULL),
(126, 'Moroccan', '2016-05-18 10:06:19', NULL, NULL, NULL),
(127, 'Mosotho', '2016-05-18 10:06:19', NULL, NULL, NULL),
(128, 'Motswana', '2016-05-18 10:06:19', NULL, NULL, NULL),
(129, 'Mozambican', '2016-05-18 10:06:19', NULL, NULL, NULL),
(130, 'Namibian', '2016-05-18 10:06:19', NULL, NULL, NULL),
(131, 'Nauruan', '2016-05-18 10:06:19', NULL, NULL, NULL),
(132, 'Nepalese', '2016-05-18 10:06:19', NULL, NULL, NULL),
(133, 'Netherlander', '2016-05-18 10:06:19', NULL, NULL, NULL),
(134, 'New Zealander', '2016-05-18 10:06:19', NULL, NULL, NULL),
(135, 'Ni-Vanuatu', '2016-05-18 10:06:19', NULL, NULL, NULL),
(136, 'Nicaraguan', '2016-05-18 10:06:19', NULL, NULL, NULL),
(137, 'Nigerian', '2016-05-18 10:06:19', NULL, NULL, NULL),
(139, 'North Korean', '2016-05-18 10:06:19', NULL, NULL, NULL),
(140, 'Northern Irish', '2016-05-18 10:06:19', NULL, NULL, NULL),
(141, 'Norwegian', '2016-05-18 10:06:19', NULL, NULL, NULL),
(142, 'Omani', '2016-05-18 10:06:19', NULL, NULL, NULL),
(143, 'Pakistani', '2016-05-18 10:06:19', NULL, NULL, NULL),
(144, 'Palauan', '2016-05-18 10:06:19', NULL, NULL, NULL),
(145, 'Panamanian', '2016-05-18 10:06:19', NULL, NULL, NULL),
(146, 'Papua New Guinean', '2016-05-18 10:06:19', NULL, NULL, NULL),
(147, 'Paraguayan', '2016-05-18 10:06:19', NULL, NULL, NULL),
(148, 'Peruvian', '2016-05-18 10:06:19', NULL, NULL, NULL),
(149, 'Polish', '2016-05-18 10:06:19', NULL, NULL, NULL),
(150, 'Portuguese', '2016-05-18 10:06:19', NULL, NULL, NULL),
(151, 'Qatari', '2016-05-18 10:06:19', NULL, NULL, NULL),
(152, 'Romanian', '2016-05-18 10:06:19', NULL, NULL, NULL),
(153, 'Russian', '2016-05-18 10:06:19', NULL, NULL, NULL),
(154, 'Rwandan', '2016-05-18 10:06:19', NULL, NULL, NULL),
(155, 'Saint Lucian', '2016-05-18 10:06:19', NULL, NULL, NULL),
(156, 'Salvadoran', '2016-05-18 10:06:19', NULL, NULL, NULL),
(157, 'Samoan', '2016-05-18 10:06:19', NULL, NULL, NULL),
(158, 'San Marinese', '2016-05-18 10:06:19', NULL, NULL, NULL),
(159, 'Sao Tomean', '2016-05-18 10:06:19', NULL, NULL, NULL),
(160, 'Saudi', '2016-05-18 10:06:19', NULL, NULL, NULL),
(161, 'Scottish', '2016-05-18 10:06:19', NULL, NULL, NULL),
(162, 'Senegalese', '2016-05-18 10:06:19', NULL, NULL, NULL),
(163, 'Serbian', '2016-05-18 10:06:19', NULL, NULL, NULL),
(164, 'Seychellois', '2016-05-18 10:06:19', NULL, NULL, NULL),
(165, 'Sierra Leonean', '2016-05-18 10:06:19', NULL, NULL, NULL),
(166, 'Singaporean', '2016-05-18 10:06:19', NULL, NULL, NULL),
(167, 'Slovakian', '2016-05-18 10:06:19', NULL, NULL, NULL),
(168, 'Slovenian', '2016-05-18 10:06:19', NULL, NULL, NULL),
(169, 'Solomon Islander', '2016-05-18 10:06:19', NULL, NULL, NULL),
(170, 'Somali', '2016-05-18 10:06:19', NULL, NULL, NULL),
(171, 'South African', '2016-05-18 10:06:19', NULL, NULL, NULL),
(172, 'South Korean', '2016-05-18 10:06:19', NULL, NULL, NULL),
(173, 'Spanish', '2016-05-18 10:06:19', NULL, NULL, NULL),
(174, 'Sri Lankan', '2016-05-18 10:06:19', NULL, NULL, NULL),
(175, 'Sudanese', '2016-05-18 10:06:19', NULL, NULL, NULL),
(176, 'Surinamer', '2016-05-18 10:06:19', NULL, NULL, NULL),
(177, 'Swazi', '2016-05-18 10:06:19', NULL, NULL, NULL),
(178, 'Swedish', '2016-05-18 10:06:19', NULL, NULL, NULL),
(179, 'Swiss', '2016-05-18 10:06:19', NULL, NULL, NULL),
(180, 'Syrian', '2016-05-18 10:06:19', NULL, NULL, NULL),
(181, 'Taiwanese', '2016-05-18 10:06:19', NULL, NULL, NULL),
(182, 'Tajik', '2016-05-18 10:06:19', NULL, NULL, NULL),
(183, 'Tanzanian', '2016-05-18 10:06:19', NULL, NULL, NULL),
(184, 'Thai', '2016-05-18 10:06:19', NULL, NULL, NULL),
(185, 'Togolese', '2016-05-18 10:06:19', NULL, NULL, NULL),
(186, 'Tongan', '2016-05-18 10:06:19', NULL, NULL, NULL),
(187, 'Trinidadian or Tobagonian', '2016-05-18 10:06:19', NULL, NULL, NULL),
(188, 'Tunisian', '2016-05-18 10:06:19', NULL, NULL, NULL),
(189, 'Turkish', '2016-05-18 10:06:19', NULL, NULL, NULL),
(190, 'Tuvaluan', '2016-05-18 10:06:19', NULL, NULL, NULL),
(191, 'Ugandan', '2016-05-18 10:06:19', NULL, NULL, NULL),
(192, 'Ukrainian', '2016-05-18 10:06:19', NULL, NULL, NULL),
(193, 'Uruguayan', '2016-05-18 10:06:19', NULL, NULL, NULL),
(194, 'Uzbekistani', '2016-05-18 10:06:19', NULL, NULL, NULL),
(195, 'Venezuelan', '2016-05-18 10:06:19', NULL, NULL, NULL),
(196, 'Vietnamese', '2016-05-18 10:06:19', NULL, NULL, NULL),
(197, 'Welsh', '2016-05-18 10:06:19', NULL, NULL, NULL),
(199, 'Yemenite', '2016-05-18 10:06:19', NULL, NULL, NULL),
(200, 'Zambian', '2016-05-18 10:06:19', NULL, NULL, NULL),
(201, 'Zimbabwean', '2016-05-18 10:06:19', NULL, NULL, NULL);

-- --------------------------------------------------------

--
-- Table structure for table `notification`
--

CREATE TABLE IF NOT EXISTS `notification` (
  `notification_id` int(32) NOT NULL,
  `notification_to` int(32) NOT NULL,
  `notification_from` int(32) NOT NULL,
  `notification_text` text NOT NULL,
  `notification_type` int(11) NOT NULL,
  `notification_for_post` int(32) NOT NULL
) ENGINE=InnoDB DEFAULT CHARSET=latin1;

-- --------------------------------------------------------

--
-- Table structure for table `offers`
--

CREATE TABLE IF NOT EXISTS `offers` (
  `offer_id` int(32) NOT NULL,
  `offer_title` varchar(50) NOT NULL,
  `offer_image` varchar(50) NOT NULL,
  `offer_banner1` varchar(50) NOT NULL,
  `offer_banner2` varchar(50) NOT NULL,
  `offer_banner3` varchar(50) NOT NULL,
  `offer_category_id` int(11) NOT NULL,
  `offer_total_views` int(32) NOT NULL DEFAULT '0',
  `offer_posted_by` int(11) NOT NULL,
  `offer_posted_on` date DEFAULT NULL,
  `offer_validity` int(32) NOT NULL,
  `offer_url` varchar(32) NOT NULL,
  `store_id` int(32) NOT NULL DEFAULT '0',
  `offer_subcategory_id` int(11) NOT NULL DEFAULT '0',
  `offer_is_approve` enum('approve','unapprove','WaitingForApproval') NOT NULL DEFAULT 'WaitingForApproval',
  `offer_status` enum('active','inactive') NOT NULL DEFAULT 'inactive',
  `offer_start_date` date DEFAULT NULL,
  `offer_end_date` date DEFAULT NULL,
  `start_end_date` varchar(255) DEFAULT NULL
) ENGINE=InnoDB DEFAULT CHARSET=latin1;

-- --------------------------------------------------------

--
-- Table structure for table `orders`
--

CREATE TABLE IF NOT EXISTS `orders` (
  `id` int(11) NOT NULL,
  `transaction_id` int(11) DEFAULT NULL,
  `order_number` varchar(50) DEFAULT NULL,
  `address_id` int(11) DEFAULT NULL,
  `user_id` int(11) DEFAULT NULL,
  `sub_total` float(10,2) DEFAULT NULL,
  `shipping_cost` float(10,2) DEFAULT NULL,
  `final_total` float(10,2) DEFAULT NULL,
  `final_qunatity` int(11) DEFAULT NULL,
  `status` varchar(30) DEFAULT NULL COMMENT 'new,in_progress,completed,canceled',
  `is_delete` int(11) DEFAULT NULL,
  `delivery_type` varchar(10) DEFAULT NULL,
  `seller_id` int(11) DEFAULT NULL,
  `created_date` timestamp NULL DEFAULT NULL,
  `modified_date` datetime DEFAULT NULL,
  `modified_by` int(11) DEFAULT NULL
) ENGINE=InnoDB DEFAULT CHARSET=latin1;

-- --------------------------------------------------------

--
-- Table structure for table `order_status`
--

CREATE TABLE IF NOT EXISTS `order_status` (
  `id` int(11) NOT NULL,
  `order_id` int(11) DEFAULT NULL,
  `status` varchar(15) DEFAULT NULL,
  `created_date` datetime DEFAULT NULL,
  `created_by` int(11) DEFAULT NULL
) ENGINE=InnoDB DEFAULT CHARSET=latin1;

-- --------------------------------------------------------

--
-- Table structure for table `pages_cms`
--

CREATE TABLE IF NOT EXISTS `pages_cms` (
  `page_id` int(10) unsigned NOT NULL,
  `page_title` varchar(45) NOT NULL,
  `page_content` text NOT NULL,
  `page_state` tinyint(1) NOT NULL DEFAULT '0',
  `page_meta_title` varchar(45) NOT NULL,
  `page_meta_desc` varchar(500) NOT NULL,
  `page_meta_keyword` varchar(500) NOT NULL,
  `page_image` varchar(45) DEFAULT NULL,
  `slug_url` varchar(255) NOT NULL,
  `order` int(11) NOT NULL,
  `parent_page_id` int(11) DEFAULT NULL,
  `direct_url` text,
  `show_in_header` int(1) DEFAULT NULL,
  `show_in_footer` int(1) DEFAULT NULL,
  `icon` varchar(100) DEFAULT NULL,
  `color` varchar(100) DEFAULT NULL,
  `sub_title` varchar(45) DEFAULT NULL
) ENGINE=InnoDB AUTO_INCREMENT=33 DEFAULT CHARSET=latin1;

--
-- Dumping data for table `pages_cms`
--

INSERT INTO `pages_cms` (`page_id`, `page_title`, `page_content`, `page_state`, `page_meta_title`, `page_meta_desc`, `page_meta_keyword`, `page_image`, `slug_url`, `order`, `parent_page_id`, `direct_url`, `show_in_header`, `show_in_footer`, `icon`, `color`, `sub_title`) VALUES
(1, 'About us', '<p>Welcome to Doukani!</p>\r\n\r\n<p>We thought you might like to know a bit more of what we&#39;re all about.</p>\r\n\r\n<p><span style="color:rgb(0, 0, 0); font-family:verdana,sans-serif; font-size:12px"><strong><em>Doukani</em></strong></span> launched in United Arab Emirates as a local classified ads and community site 100% free to use. <span style="color:rgb(0, 0, 0); font-family:verdana,sans-serif; font-size:12px">Free to post an ad, free to browse listings, free to contact sellers,</span> designed to connect people who were either planning to move, or had just arrived in a new neighbourhood, and needed help getting started with accommodation, employment and classifieds including Stuff for sale, Cars, flat share, flat rentals, jobs or anything else.</p>\r\n\r\n<p>Our aim at <span style="color:rgb(0, 0, 0); font-family:verdana,sans-serif; font-size:12px"><strong><em>Doukani</em></strong></span> is to give you a simple and easy-to-use tool that lets you quickly find what you are looking for. You can find everything you need to live your life with the help of your local <span style="color:rgb(0, 0, 0); font-family:verdana,sans-serif; font-size:12px"><strong><em>Doukani</em></strong></span> community; from that unique item at a bargain price to your dream machine car, a job or a flat, a nanny for your kids or a language teacher to help you learn that new language!</p>\r\n\r\n<p>More to come very soon, stay tunned.</p>\r\n\r\n<hr />\r\n<p><strong>Here&#39;s some official stuff:</strong><br />\r\n&nbsp;&nbsp; &nbsp;&bull;&nbsp;&nbsp; &nbsp;For any questions or help on anything to do with Doukani please <strong><a href="https://doukani.com/home/faq">click here</a></strong> to visit our Help section.<br />\r\n&nbsp;&nbsp; &nbsp;&bull;&nbsp;&nbsp; &nbsp;Please see our <strong><a href="http://doukani.com/terms-and-conditions">Terms of Use</a></strong> for more information on our working guidelines and policies.</p>\r\n\r\n<hr />\r\n<p>&nbsp;</p>\r\n', 1, 'about us', 'about doukani', 'about us, doukani', '', 'about-us', 1, 8, '', 1, 0, 'fa-tag', '#ed1b33', 'About Doukani.com'),
(2, 'Help', '<h1><span style="font-size:13px">This is a demo text for help</span></h1>\r\n\r\n<p>Thanks</p>\r\n', 0, 'help', 'help', 'help, doukani', '', 'help', 2, 0, '', 0, NULL, NULL, '#0496ff', 'Help'),
(5, 'How To', '<p>This is to let you know how the following things go..</p>\r\n\r\n<p>1) Sell</p>\r\n\r\n<p>2) Buy</p>\r\n\r\n<p>3) Buyer Protection</p>\r\n\r\n<p>4) Offers</p>\r\n\r\n<p>5) Visual Stores</p>\r\n', 1, '', '', '', '', 'how-to', 3, 0, '', NULL, 1, NULL, '#0496ff', NULL),
(6, 'Customer Service', '', 1, '', '', '', '', 'customer-service', 4, 0, '', NULL, 1, NULL, '#0496ff', NULL),
(7, 'Connect With Us', '', 1, '', '', '', '', 'connect-with-us', 5, 0, '', NULL, 1, NULL, '#0496ff', NULL),
(8, 'Company', '', 1, '', '', '', '', 'company', 6, 0, '', NULL, 1, NULL, '#0496ff', NULL),
(9, 'Sell', '<p>Whether you&#39;re starting a business or just want to make some extra cash, selling on Doukani is fun and easy.</p>\r\n\r\n<ol>\r\n	<li>\r\n	<h3>Setup your account</h3>\r\n	</li>\r\n	<li>\r\n	<h3>Post your Items for free</h3>\r\n	</li>\r\n	<li>\r\n	<h3>Manage your listing</h3>\r\n	</li>\r\n</ol>\r\n\r\n<p>To start selling on Doukani you need to register and create your account first and provide all required information by going to this <a href="http://doukani.com/registration/index">link</a>.</p>\r\n\r\n<p>Once you are a registered user on Doukani you can start posting your items for free to sell them</p>\r\n\r\n<p>&nbsp;</p>\r\n', 1, 'Sell on Dokani', 'Learn how to sell unwanted items', 'Classifieds, sell, buy, sell for free, sell my items, uae classifieds', '', 'sell', 7, 5, '', NULL, NULL, 'fa-edit', '#ed1b33', 'How to sell on Doukani'),
(10, 'Buy', '', 1, '', '', '', '', 'buy', 8, 5, '', NULL, NULL, 'fa-list-alt', '#ed1b33', 'Buy'),
(11, 'Buyer Protection', '', 1, '', '', '', '', 'buyer-protection', 9, 5, '', NULL, NULL, 'fa-user-secret', '#ed1b33', 'Protection'),
(12, 'Offers', '', 0, '', '', '', '', 'offers', 10, 5, '', NULL, NULL, NULL, '#0496ff', 'Offers'),
(13, 'Stores', '', 0, '', '', '', '', 'stores', 11, 5, '', NULL, NULL, NULL, '#0496ff', 'Open your Store'),
(14, 'Profile', '<p>What is my profile?<br />\r\nYour profile is a place for other Doukani members to learn about you and your listed items.<br />\r\nYour profile is an easy place to:<br />\r\n&bull; &nbsp;Keep track of your contributions on Doukani<br />\r\n&bull; &nbsp;Manage your account settings<br />\r\n&bull; &nbsp;View your private messages<br />\r\n&bull; &nbsp;See and edit/manage your items.<br />\r\n&nbsp;<br />\r\nLearn more about how to <strong><a href="http://doukani.com/home/faq">update your profile</a></strong>.</p>\r\n\r\n<p>&nbsp;</p>\r\n', 1, '', '', '', '', 'profile', 14, 6, '', NULL, NULL, 'fa-user', '#ed1b33', 'Profile'),
(15, 'Ads', '', 1, '', '', '', '', 'ads', 15, 6, '', NULL, NULL, 'fa-tags', '#ed1b33', 'ads'),
(16, 'FAQs', '<p>FAQ</p>\r\n', 1, '', '', '', '', 'faqs', 16, 6, 'https://doukani.com/faq', NULL, NULL, 'fa-question-circle', '#ed1b33', 'FAQs'),
(17, 'Facebook', '', 1, '', '', '', '', 'facebook', 15, 7, 'https://facebook.com/doukaniapp', NULL, NULL, 'fa-facebook', '#3b5998', 'Like '),
(18, 'Twitter', '', 1, '', '', '', '', 'twitter', 16, 7, 'https://twitter.com/doukaniapp', NULL, NULL, 'fa-twitter', '#55acee', 'follow us'),
(19, 'Instragram', '', 1, '', '', '', '', 'instragram', 17, 7, 'https://instagram.com/doukaniapp', NULL, NULL, 'fa-instagram', '#3f729b', 'follow us'),
(20, 'About Doukani', '', 1, '', '', '', '', 'about-doukani', 18, 0, '', NULL, NULL, NULL, '#0496ff', 'Doukani'),
(21, 'Terms And Conditions', '<h3><strong>By using this service you agree to the following Terms of Use:</strong></h3>\r\n\r\n<ol>\r\n	<li><strong>Doukani</strong> Classified Ads are run as a service for the Web community and cannot take responsibility for the quality of the items presented herein.</li>\r\n	<li><strong>Doukani</strong> disclaims any warranties expressed or implied on goods or services listed on the service. <strong>DOUKANI</strong> DISCLAIMS ANY IMPLIED WARRANTY OF MERCHANT ABILITY OR FITNESS FOR A PARTICULAR PURPOSE.</li>\r\n	<li>Under no circumstances, including, but not limited to negligence, shall <strong>Doukani</strong> be liable for any special or consequential damages that result from the use of, or the inability to use, the materials in this site, even if <strong>Doukani</strong> or a <strong>Doukani</strong> authorized representative has been advised of the possibility of such damages. Applicable law may not allow the limitation or exclusion of liability or incidental or consequential damages, so the above limitation or exclusion may not apply to you. In no event shall <strong>Doukani&#39;s</strong> total liability to you for all damages, losses, and causes of action (whether in contract, tort including, but not limited to, negligence), or otherwise exceed the amount paid by you to <strong>Doukani</strong>, if any, that is related to the cause of action.</li>\r\n	<li>Sellers assume all risk and liability arising from their offer for sale of any item.</li>\r\n	<li><strong>Doukani</strong> reserves the right to refuse service to anyone at any time. Pornographic and other &quot;offensive&quot; or illegal postings will be removed immediately upon it&#39;s discovery.</li>\r\n	<li>Listing of illegal items, including all counterfeit goods, are expressly prohibited.</li>\r\n	<li>Users must be of legal age with the ability to enter into buying &amp; selling contracts.</li>\r\n	<li><strong>Doukani</strong> does not assume responsibility for the content or the context of the listings.</li>\r\n	<li><strong>Doukani</strong> will not remove or edit listings once they are entered into the service.</li>\r\n	<li><strong>Doukani</strong> cannot guarantee preservation of records, and may expire information without notice, at its sole discretion.</li>\r\n	<li><strong>Doukani</strong> cannot guarantee that we will notice or prevent any inappropriate use of the system.</li>\r\n	<li>Payment terms are to be agreed upon between seller and buyer. <strong>Doukani</strong> is not involved in the transaction.</li>\r\n	<li>The Rules and the Terms and Conditions of this Disclaimer may be amended from time to time, by <strong>Doukani</strong> in its sole discretion.</li>\r\n	<li><strong>Doukani</strong> and its subsidiaries are hereby released of any liability and held harmless in regard to the above services and customer agrees to indemnify <strong>Doukani</strong> for all cost and expenses, including reasonable attorney fees, incurred by <strong>Doukani</strong> in providing this service.. The customer agrees that all provisions, charges, collections, services, and negotiations shall be enforced in accordance with the law of the United Arab of Emirates.</li>\r\n</ol>\r\n\r\n<p>&nbsp;</p>\r\n', 1, '1', '2', '3', '', 'terms-and-conditions', 19, 8, '', NULL, 0, 'fa-file-o', '#ed1b33', 'Doukani Classified Ads Terms of Use'),
(22, 'Advertise with Us', '<h3>Overview</h3>\r\n\r\n<p>Looking to promote your brand &amp; reach new customers?</p>\r\n\r\n<p>Gain exposure for your business by advertising on <strong><em>Doukani</em></strong>. Your ads will show on related category lists and main category pages to the products you sell. Now your ads are targeted towards buyers that are already interested in your products.</p>\r\n\r\n<p>It&#39;s a great way for you to promote your products and business.</p>\r\n\r\n<p>For advertising queries <strong><a href="mailto:advertise@doukani.com?subject=Advertising%20Inquiry&amp;body=Please%20tell%20me%20more%20about%20advertising%20on%20Doukani.com">click here</a></strong></p>\r\n\r\n<p>&nbsp;</p>\r\n', 1, '', '', '', '', 'advertise-with-us', 20, 8, '', NULL, NULL, 'fa-bullhorn', '#ed1b33', 'Advertising on Doukani.com'),
(23, 'Contact Us', '<p>Hello, If you have a question about Doukani, don&rsquo;t forget to read our <a href="http://doukani.com/home/faq" title="F.A.Qs">Frequently Asked Questions.</a></p>\r\n\r\n<p>For support please click <a href="http://doukani.com/home/request">here</a></p>\r\n\r\n<h2>For general information</h2>\r\n\r\n<p>you can reach us by using the form below</p>\r\n', 1, 'hi', 'hi1', 'hi2', NULL, 'contact-us', 21, 0, '', 0, NULL, NULL, '#0496ff', 'Contact Us'),
(24, 'YouTube', '', 1, '', '', '', NULL, 'youtube', 22, 7, '', NULL, NULL, 'fa-youtube-play', '#cd201f', 'Learn More'),
(25, 'Privacy', '<h3>Privacy Policy for Doukani</h3>\r\n\r\n<h4><strong>Table of contents</strong></h4>\r\n\r\n<ol>\r\n	<li><strong>General </strong></li>\r\n	<li><strong>What personal information do we collect</strong></li>\r\n	<li><strong>How we use your personal information</strong></li>\r\n	<li><strong>Marketing Purposes</strong></li>\r\n	<li><strong>Cookies</strong></li>\r\n	<li><strong>Access to, review and rectification of your personal information</strong></li>\r\n	<li><strong>Protection and retention of your personal information</strong></li>\r\n	<li><strong>Other Information</strong></li>\r\n</ol>\r\n\r\n<h4>&nbsp;</h4>\r\n\r\n<h4><strong>1. &nbsp;General</strong></h4>\r\n\r\n<p>This privacy policy describes the policy of <strong>Doukani</strong> regarding the collection, use, storage, sharing and protection of your personal information (&quot;Privacy Policy&quot;). This Privacy Policy applies to the <em>www.doukani.com</em> website (&quot;<strong>Doukani</strong>&quot; or &quot;Website&quot;) and all related websites, applications, services and tools where reference is made to this policy (&quot;Services&quot;), regardless of how you access the Services, including access through mobile devices.</p>\r\n\r\n<p>Scope and consent: By using <strong>Doukani</strong> and related Services, you give explicit consent to <strong>Doukani</strong> for the collection, use, disclosure and retention of your personal information by us, as described in this Privacy Policy and our Terms of Use.<br />\r\n<strong>Doukani</strong> may change this Privacy Policy from time to time. We advise you to read it regularly. Substantial changes to our Privacy Policy will be announced on our Website. The amended Privacy Policy will be effective immediately after it is first posted on our Website.</p>\r\n\r\n<h4>&nbsp;</h4>\r\n\r\n<h4><strong>2. &nbsp;What personal information do we collect</strong></h4>\r\n\r\n<p>You can visit our Website without registering for an account. When you decide to provide us with your personal information, you agree that such information is sent to and stored on our servers. We collect the following types of personal information:<br />\r\nInformation we collect automatically: When you visit our Website, use our Services and or reply to ads or other content, we automatically collect the information sent to us by your computer, mobile device or other equipment that provides access. This information includes, but is not limited to:</p>\r\n\r\n<ul>\r\n	<li>&nbsp;Information from your interaction with our Website and Services, including, but not limited to, device ID, device type, geo-location information, computer and connection information, statistics on page views, traffic to and from <em>www.doukani.com</em>, referring URL, ad data, IP address and standard web log information; and information we collect through cookies, web beacons and similar technologies.</li>\r\n	<li>&nbsp;Information you provide to us: We collect and store any information you enter on our Website or that you provide to us when you use our Services. This information includes, but is not limited to:</li>\r\n	<li>&nbsp;Information that you provide to us when you register for an account or for the Services that you use;</li>\r\n	<li>&nbsp;Additional information that you may provide to us through social media sites or third party Services;</li>\r\n	<li>&nbsp;Information provided in the context of dispute resolution, correspondence through our Website or correspondence that is sent to us;</li>\r\n	<li>&nbsp;Information about your location and the location of your device, including your device&rsquo;s unique identifier information if you have enabled this service on your mobile device</li>\r\n	<li>&nbsp;Information from other sources: We may receive or collect additional information about you from third parties and add this to our account information.</li>\r\n	<li>&nbsp;This information includes, but is not limited to: demographic data, navigation data, additional contact data and additional data about you from other sources, such as public authorities, to the extent permitted by law.</li>\r\n</ul>\r\n\r\n<h4>&nbsp;</h4>\r\n\r\n<h4><strong>3. &nbsp;How we use your personal information</strong></h4>\r\n\r\n<div>&nbsp;You agree that we may use your personal information for the following purposes:</div>\r\n\r\n<ul>\r\n	<li>&nbsp;To provide you access to our Services and Customer Support by means of e-mail or telephone;</li>\r\n	<li>&nbsp;To prevent, detect and investigate potentially prohibited or illegal activities, fraud and security breaches and to enforce our Terms of Use;</li>\r\n	<li>&nbsp;To personalise, measure and improve our Services, content and ads;</li>\r\n	<li>&nbsp;To contact you, by e-mail, push notification, text message (SMS) or by telephone, to inquire about our Services for the purpose of targeted marketing activities, updates, and promotional offers based on your message preferences (where applicable), or for any other purposes as set forth in this Privacy Policy;</li>\r\n	<li>&nbsp;To provide you with other services that you have requested, as described when we collected the information.</li>\r\n</ul>\r\n\r\n<p>Sharing information with and registration on social media sites: We may offer sign-on Services that enable you to access the Website or related websites with your login credentials. We can also offer Services that enable you to share information with third party social media websites, such as Facebook, Google Plus and Twitter.</p>\r\n\r\n<p>&nbsp;<br />\r\nIf you provide us access to personal information stored on third party websites, the scope of access to this personal information shall vary per website and will be determined by both your own browser settings and your consent. If you wish to connect your third party account to your Doukani account and you consent to us accessing the information in these third party accounts, you agree that we can collect, use and store information from this third party website in accordance with this Privacy Policy.<br />\r\n&nbsp;<br />\r\nTransfer of your personal information to third parties: We may disclose your personal information to third parties in accordance with this Privacy Policy and applicable legislation and regulations. As further described under Section 4, we will not disclose your personal information to third parties for their marketing purposes without your explicit consent.<br />\r\n&nbsp;<br />\r\nInformation you share on <strong><em>www.doukani.com</em></strong>: Our Website allows users to share advertisements and other information with other users, thereby making this shared information accessible to other users. Since our Website also enables you to directly contact a buyer or seller, we recommend that you consider how you share your personal information with others. You are solely responsible for the personal information you share through our Website and therefore we cannot guarantee the privacy or security of the information shared by you with other users.<br />\r\n&nbsp;<br />\r\nIn case you visit our Website from a shared computer or a computer in an internet caf&eacute;, we strongly recommend that you log off after each session. If you do not want the shared computer to remember you and/or your credentials, you will need to remove cookies and/or the history of your website visits.</p>\r\n\r\n<h4>&nbsp;</h4>\r\n\r\n<h4><strong>4. &nbsp;Marketing Purposes</strong></h4>\r\n\r\n<p>You agree that we may use the information collected by us to send you offers, whether personalised or not, or to contact you by telephone regarding products or Services offered by <strong>Doukani</strong>.</p>\r\n\r\n<p>We will not sell or rent your personal information to third parties for their marketing purposes without your explicit consent. We may combine your information with information we collect from other companies and use it to improve and personalise our Services and functionalities.<br />\r\n&nbsp;<br />\r\nWhen you no longer wish to receive marketing communications from us, you can, where applicable, change your preferences in your account (<em>my Profile</em>).</p>\r\n\r\n<h4>&nbsp;</h4>\r\n\r\n<h4><strong>5. &nbsp;Cookies</strong></h4>\r\n\r\n<p>When you use our Services, we and our service providers may place cookies (data files on your phone or mobile device&rsquo;s drive) or web beacons (electronic images that are placed in a web page&rsquo;s code) or similar technologies. We use cookies to help us identify you as a user, to provide you a better experience on our Website, to measure promotional effectiveness and to ensure trust and safety on our Website.</p>\r\n\r\n<h4>&nbsp;<br />\r\n<strong>6. &nbsp;Accessing, Reviewing and Changing Your Personal Information</strong></h4>\r\n\r\n<p>We cannot modify your personal information or account information. You can modify your own information by logging into your <strong>Doukani</strong> account (<em>My Profile</em>). When you place a classified ad, you may not be able to change your listing or delete your message.</p>\r\n\r\n<h4><br />\r\n<strong>7. &nbsp;Protection and retention of your personal information</strong></h4>\r\n\r\n<p>We protect your information by using technical and administrative security measures (such as firewalls, data encryption, and physical and administrative access controls to the data and servers) that limit the risk of loss, abuse, unauthorised access, disclosure, and alteration. Nevertheless, if you believe your account has been abused, please contact us through the Contact Form.&nbsp;</p>\r\n\r\n<p>We retain personal information no longer than is legally permissible and delete personal information when it is no longer necessary for the purposes as described above.<br />\r\n&nbsp;</p>\r\n\r\n<h4><strong>8. &nbsp;Other information</strong></h4>\r\n\r\n<p>Abuse and unsolicited commercial communications (&quot;spam&quot;): We do not tolerate abuse of our Website. You do not have permission to add other <strong>Doukani</strong> users to your mailing list (e-mail or postal) for commercial purposes, even if a user has purchased something from you, unless the user has given his explicit consent. If you notice that someone is abusing our Website (spam or spoof emails), please notify us here.</p>\r\n\r\n<p>&nbsp;<br />\r\nIt is not allowed to use our member-to-member communication resources to send spam or content that violates our Terms of Use in any other way. For your security, we may scan messages automatically and check for spam, viruses, phishing and other malicious activity or illegal or prohibited content. We do not permanently store messages sent through these resources.<br />\r\n&nbsp;<br />\r\nThird Parties: Unless explicitly provided otherwise in this Privacy Policy, this Privacy Policy applies only to the use and transfer of information we collect from you. <strong>Doukani</strong> has no control over the privacy policies of third parties that may apply to you. When we work with third parties or use third party tools to provide certain services, we will explicitly indicate which privacy policy applies to you. We therefore encourage you to ask questions before you disclose your personal information to others.<br />\r\n&nbsp;<br />\r\nContact: If you have any questions about <strong>Doukani</strong> and our Website please <a href="http://doukani.com/contact-us">contact us</a>.</p>\r\n', 1, '', '', '', NULL, 'privacy', 17, 6, '', NULL, NULL, 'fa-user-secret', '#ed1b33', 'Privacy'),
(27, 'Support', '', 1, 'hello', 'hello', 'hello', NULL, 'support', 18, 6, 'https://doukani.com/request', NULL, NULL, 'fa-support', '#ed1b33', 'Support'),
(28, 'User Types', '<p>3 types of Users</p>\r\n\r\n<p>Classified Users</p>\r\n\r\n<p>Store Users</p>\r\n\r\n<p>Offer Users</p>\r\n\r\n<p>&nbsp;</p>\r\n\r\n<p>&nbsp;</p>\r\n', 1, '', '', '', NULL, 'user-types', 25, 0, '', NULL, NULL, 'fa-user', '#dbff00', 'User Types'),
(29, 'Sell', '', 1, '', '', '', NULL, 'sell', 26, 0, 'https://doukani.com/user/post_ads', 1, NULL, NULL, '#ed1b33', 'Sell on Doukani'),
(30, 'About Doukani ', '<p>Welcome to Doukani!</p>\r\n\r\n<p>We thought you might like to know a bit more of what we&#39;re all about.</p>\r\n\r\n<p><span style="color:rgb(0, 0, 0); font-family:verdana,sans-serif; font-size:12px"><strong><em>Doukani</em></strong></span> launched in United Arab Emirates as a local classified ads and community site 100% free to use. <span style="color:rgb(0, 0, 0); font-family:verdana,sans-serif; font-size:12px">Free to post an ad, free to browse listings, free to contact sellers,</span> designed to connect people who were either planning to move, or had just arrived in a new neighbourhood, and needed help getting started with accommodation, employment and classifieds including Stuff for sale, Cars, flat share, flat rentals, jobs or anything else.</p>\r\n\r\n<p>Our aim at <span style="color:rgb(0, 0, 0); font-family:verdana,sans-serif; font-size:12px"><strong><em>Doukani</em></strong></span> is to give you a simple and easy-to-use tool that lets you quickly find what you are looking for. You can find everything you need to live your life with the help of your local <span style="color:rgb(0, 0, 0); font-family:verdana,sans-serif; font-size:12px"><strong><em>Doukani</em></strong></span> community; from that unique item at a bargain price to your dream machine car, a job or a flat, a nanny for your kids or a language teacher to help you learn that new language!</p>\r\n\r\n<p>More to come very soon, stay tunned.</p>\r\n', 1, '', '', '', NULL, 'about-doukani-', 27, 0, '', 0, NULL, NULL, '#ff0000', 'About Us');

-- --------------------------------------------------------

--
-- Table structure for table `permission_master`
--

CREATE TABLE IF NOT EXISTS `permission_master` (
  `permission_id` int(32) NOT NULL,
  `permission_name` varchar(50) NOT NULL
) ENGINE=InnoDB DEFAULT CHARSET=latin1;

-- --------------------------------------------------------

--
-- Table structure for table `phpmysqlautobackup`
--

CREATE TABLE IF NOT EXISTS `phpmysqlautobackup` (
  `id` int(11) NOT NULL,
  `version` varchar(6) DEFAULT NULL,
  `time_last_run` int(11) NOT NULL
) ENGINE=InnoDB DEFAULT CHARSET=latin1;

--
-- Dumping data for table `phpmysqlautobackup`
--

INSERT INTO `phpmysqlautobackup` (`id`, `version`, `time_last_run`) VALUES
(1, '1.6.3', 1421665274);

-- --------------------------------------------------------

--
-- Table structure for table `phpmysqlautobackup_log`
--

CREATE TABLE IF NOT EXISTS `phpmysqlautobackup_log` (
  `date` int(11) NOT NULL,
  `bytes` int(11) NOT NULL,
  `lines` int(11) NOT NULL
) ENGINE=InnoDB DEFAULT CHARSET=latin1;

--
-- Dumping data for table `phpmysqlautobackup_log`
--

INSERT INTO `phpmysqlautobackup_log` (`date`, `bytes`, `lines`) VALUES
(1421664849, 60004, 128),
(1421665158, 60343, 129),
(1421665274, 60446, 130);

-- --------------------------------------------------------

--
-- Table structure for table `plate_digit`
--

CREATE TABLE IF NOT EXISTS `plate_digit` (
  `id` int(11) NOT NULL,
  `digit_text` varchar(50) DEFAULT NULL
) ENGINE=InnoDB AUTO_INCREMENT=6 DEFAULT CHARSET=latin1;

--
-- Dumping data for table `plate_digit`
--

INSERT INTO `plate_digit` (`id`, `digit_text`) VALUES
(1, '1 Digit plates'),
(2, '2 Digit plates'),
(3, '3 Digit plates'),
(4, '4 Digit plates'),
(5, '5 Digit plates');

-- --------------------------------------------------------

--
-- Table structure for table `plate_prefix`
--

CREATE TABLE IF NOT EXISTS `plate_prefix` (
  `id` int(11) NOT NULL,
  `prefix` varchar(50) DEFAULT NULL,
  `plate_source_id` int(11) DEFAULT NULL
) ENGINE=InnoDB AUTO_INCREMENT=93 DEFAULT CHARSET=latin1;

--
-- Dumping data for table `plate_prefix`
--

INSERT INTO `plate_prefix` (`id`, `prefix`, `plate_source_id`) VALUES
(1, '10', 1),
(2, '11', 1),
(3, '12', 1),
(4, '13', 1),
(5, '4', 1),
(6, '5', 1),
(7, '6', 1),
(8, '7', 1),
(9, '8', 1),
(10, '9', 1),
(11, 'Blue', 1),
(12, 'Green', 1),
(13, 'Grey', 1),
(14, 'Red', 1),
(15, 'A', 2),
(16, 'B', 2),
(17, 'C', 2),
(18, 'A', 4),
(19, 'B', 4),
(20, 'C', 4),
(21, 'D', 4),
(22, 'E', 4),
(23, 'F', 4),
(24, 'G', 4),
(25, 'H', 4),
(26, 'I', 4),
(27, 'J', 4),
(28, 'K', 4),
(29, 'L', 4),
(30, 'M', 4),
(31, 'N', 4),
(32, 'O', 4),
(33, 'P', 4),
(34, 'Q', 4),
(35, 'R', 4),
(36, 'S', 4),
(37, 'T', 4),
(38, 'U', 4),
(39, 'V', 4),
(40, 'W', 4),
(41, 'X', 4),
(42, 'Y', 4),
(43, 'Z', 4),
(50, 'A', 5),
(51, 'B', 5),
(52, 'C', 5),
(53, 'D', 5),
(54, 'E', 5),
(55, 'F', 5),
(56, 'G', 5),
(57, 'K', 5),
(58, 'M', 5),
(59, 'P', 5),
(60, 'R', 5),
(61, 'S', 5),
(62, 'T', 5),
(63, 'White', 5),
(64, 'x', 5),
(65, 'A', 6),
(66, 'B', 6),
(67, 'C', 6),
(68, 'D', 6),
(69, 'I', 6),
(70, 'K', 6),
(71, 'M', 6),
(72, 'N', 6),
(73, 'Qala', 6),
(74, 'S', 6),
(75, 'V', 6),
(76, 'White', 6),
(77, 'X', 6),
(78, 'Y', 6),
(79, '1', 7),
(80, '2', 7),
(81, 'Orange', 7),
(82, 'White', 7),
(83, 'A', 8),
(84, 'B', 8),
(85, 'C', 8),
(86, 'D', 8),
(87, 'G', 8),
(88, 'I', 8),
(89, 'M', 8),
(90, 'White', 8),
(91, 'X', 8),
(92, 'X', 9);

-- --------------------------------------------------------

--
-- Table structure for table `plate_source`
--

CREATE TABLE IF NOT EXISTS `plate_source` (
  `id` int(11) NOT NULL,
  `plate_source_name` varchar(50) DEFAULT NULL
) ENGINE=InnoDB AUTO_INCREMENT=9 DEFAULT CHARSET=latin1;

--
-- Dumping data for table `plate_source`
--

INSERT INTO `plate_source` (`id`, `plate_source_name`) VALUES
(1, 'Abu Dhabi'),
(2, 'Ajman'),
(3, 'Al Ain'),
(4, 'Dubai'),
(5, 'Fujairah'),
(6, 'Ras Al Khaimah'),
(7, 'Sharjah'),
(8, 'Umm Al Quwain');

-- --------------------------------------------------------

--
-- Table structure for table `product`
--

CREATE TABLE IF NOT EXISTS `product` (
  `product_id` int(11) NOT NULL,
  `product_name` text CHARACTER SET utf8 NOT NULL,
  `product_slug` text CHARACTER SET utf8 NOT NULL,
  `category_id` int(11) NOT NULL,
  `sub_category_id` int(11) DEFAULT NULL,
  `product_image` varchar(32) DEFAULT NULL,
  `product_description` text CHARACTER SET utf8,
  `product_price` double DEFAULT NULL,
  `product_posted_time` timestamp NULL DEFAULT CURRENT_TIMESTAMP,
  `product_total_likes` int(11) NOT NULL DEFAULT '0',
  `product_total_favorite` int(11) NOT NULL DEFAULT '0',
  `product_status` enum('available','sold','discontinued','out of stock') DEFAULT 'available',
  `product_is_sold` tinyint(1) DEFAULT NULL,
  `product_is_inappropriate` enum('NeedReview','Approve','Unapprove','Inappropriate') DEFAULT 'NeedReview',
  `product_for` varchar(30) DEFAULT 'classified',
  `product_specification` text,
  `product_brand` varchar(50) DEFAULT '',
  `product_price_range` varchar(50) DEFAULT '',
  `product_total_views` int(11) NOT NULL DEFAULT '0',
  `product_is_featured` varchar(32) DEFAULT '',
  `product_reposted_time` datetime NOT NULL DEFAULT '0000-00-00 00:00:00',
  `admin_modified_at` datetime DEFAULT '0000-00-00 00:00:00',
  `admin_modified_by` int(11) DEFAULT NULL,
  `product_posted_by` int(11) NOT NULL,
  `product_total_followers` int(11) NOT NULL DEFAULT '0',
  `product_code` varchar(15) DEFAULT NULL,
  `country_id` int(11) DEFAULT NULL,
  `state_id` int(11) unsigned NOT NULL DEFAULT '0',
  `separate_fields` longtext,
  `is_delete` int(1) NOT NULL DEFAULT '0' COMMENT '1-delete product ,2-block user by admin,3 hold store',
  `store_id` int(11) NOT NULL DEFAULT '0',
  `views_count` bigint(20) NOT NULL DEFAULT '0',
  `product_modified_by` int(11) DEFAULT NULL,
  `product_deactivate` int(11) DEFAULT NULL,
  `ad_language` int(11) DEFAULT NULL,
  `is_featured` int(11) DEFAULT '0',
  `youtube_link` text,
  `video_name` varchar(255) DEFAULT NULL,
  `video_image_name` varchar(255) DEFAULT NULL,
  `phone_no` varchar(50) DEFAULT NULL,
  `post_for_user` int(11) DEFAULT '0',
  `address` text,
  `longitude` varchar(255) DEFAULT NULL,
  `latitude` varchar(255) DEFAULT NULL,
  `total_stock` int(11) DEFAULT NULL,
  `stock_availability` int(11) DEFAULT NULL,
  `insert_from` varchar(15) DEFAULT NULL COMMENT 'web,if user use website',
  `update_from` varchar(15) DEFAULT NULL COMMENT 'web,if user use website'
) ENGINE=InnoDB AUTO_INCREMENT=982 DEFAULT CHARSET=latin1;

--
-- Dumping data for table `product`
--

INSERT INTO `product` (`product_id`, `product_name`, `product_slug`, `category_id`, `sub_category_id`, `product_image`, `product_description`, `product_price`, `product_posted_time`, `product_total_likes`, `product_total_favorite`, `product_status`, `product_is_sold`, `product_is_inappropriate`, `product_for`, `product_specification`, `product_brand`, `product_price_range`, `product_total_views`, `product_is_featured`, `product_reposted_time`, `admin_modified_at`, `admin_modified_by`, `product_posted_by`, `product_total_followers`, `product_code`, `country_id`, `state_id`, `separate_fields`, `is_delete`, `store_id`, `views_count`, `product_modified_by`, `product_deactivate`, `ad_language`, `is_featured`, `youtube_link`, `video_name`, `video_image_name`, `phone_no`, `post_for_user`, `address`, `longitude`, `latitude`, `total_stock`, `stock_availability`, `insert_from`, `update_from`) VALUES
(969, 'Honda Accord', 'Honda-Accord-140118', 7, 12, '14736543598010.jpg', 'Manual Transmission fully\r\nLoaded power steering power windows climate control A C ABS driver and passenger AIR BAGS electronic adjustable retractable mirriors electronic seat adjusment company fitted music system with Aux original expensive Stanley Leather seats company fitted alloy wheels with tubeless tyres', 20000, '2016-09-12 04:20:06', 0, 1, 'available', 0, 'Approve', 'classified', NULL, '73', '', 12, '', '0000-00-00 00:00:00', '2016-09-13 04:08:04', 1, 1, 0, 'VEHHO63KQH', 4, 3798, NULL, 0, 0, 0, NULL, NULL, NULL, 0, '', '', '', '', 0, 'Burj Khalifa - Downtown Dubai - Dubai - United Arab Emirates', '55.27437639999994', '25.197197', NULL, NULL, 'web', 'web'),
(970, 'My favorite bike for u', 'My-favorite-bike-for-u-672874', 7, 37, '14737456502190.jpg', 'My favorite bike for u', 25000, '2016-09-12 04:26:35', 0, 1, 'available', 0, 'Approve', 'classified', NULL, '0', '', 9, '', '0000-00-00 00:00:00', '2016-09-13 05:52:26', 1, 1, 0, 'VEHMY83YAH', 4, 3798, NULL, 0, 0, 0, NULL, NULL, NULL, 0, '', '', '', '123456789', 0, 'Dubai Islamic Bank Al Salam Branch - Al Zahiyah - Abu Dhabi - United Arab Emirates', '54.377275000000054', '24.492515', NULL, NULL, 'web', 'web'),
(971, 'Splendar Bike', 'Splendar-Bike-200848', 7, 37, '14736546604380.png', 'Splendar Bike', 10000, '2016-09-12 04:31:03', 0, 0, 'available', NULL, 'Approve', 'classified', NULL, '0', '', 12, '', '0000-00-00 00:00:00', '2016-09-12 04:31:03', 1, 1, 0, 'VEHSP41VFR', 4, 3800, NULL, 0, 0, 0, NULL, NULL, NULL, 0, '', '', '', '123456789', 0, 'Sharjah Cricket Stadium - Industrial Area - Sharjah - United Arab Emirates', '55.42092109999999', '25.3309196', NULL, NULL, 'web', NULL),
(972, 'BMW Car', 'BMW-Car-148409', 7, 12, '14736548011290.png', 'BMW Car', 25000, '2016-09-12 04:33:31', 0, 1, 'available', NULL, 'Approve', 'classified', NULL, '21', '', 6, '', '0000-00-00 00:00:00', '2016-09-12 04:33:31', 1, 1, 0, 'VEHBM87YNX', 4, 3797, NULL, 0, 0, 0, NULL, NULL, NULL, 0, '', '', '', '9726249988', 0, 'Ajman China Mall - Ajman - United Arab Emirates', '55.52316300000007', '25.428706', NULL, NULL, 'web', NULL),
(973, 'Toyota Camry auto transmission', 'Toyota-Camry-auto-transmission-691880', 7, 12, '14736549504140.jpg', '2008 Toyota Camry top end model with sunroof and automatic transmission', 30000, '2016-09-12 04:36:02', 0, 0, 'available', NULL, 'Approve', 'classified', NULL, '144', '', 8, '', '0000-00-00 00:00:00', '2016-09-12 04:36:02', 1, 1, 0, 'VEHTO70ZRE', 4, 3800, NULL, 0, 0, 0, NULL, NULL, NULL, 0, '', '', '', '78951423132', 0, 'Sharjah Islamic Bank - Al Danah - Abu Dhabi - United Arab Emirates', '54.372058700000025', '24.4919668', NULL, NULL, 'web', NULL),
(974, 'Suzuki Hayabusa', 'Suzuki-Hayabusa-491811', 7, 37, '14737459739440.png', 'The Hayabusa has been one of the top choices for streetbike customization,[58] perhaps even the most popular customized sportbike. One reason may be the unique, instantly recognizable bodywork. The easy tunability of the engine, the wide selection of aftermarket parts, possibly more than any other Japanese motorcycle, and the interchangeability between models of Suzuki parts have also played a role. It was the vibrancy of this custom scene that prompted Suzuki to send Koji Yoshirua to the US for feedback and inspiration for the second generation design.', 50000, '2016-09-12 04:40:33', 0, 0, 'available', 0, 'NeedReview', 'classified', NULL, '0', '', 2, '', '2016-09-13 06:15:23', '2016-09-13 04:58:31', 1, 467, 0, 'VEHSU12OSV', 4, 3796, NULL, 0, 0, 0, 467, NULL, NULL, 0, '', '', '', '9824459970', 0, 'Abu Dhabi Mall - Al Zahiyah - Abu Dhabi - United Arab Emirates', '54.38322590000007', '24.4959241', NULL, NULL, 'web', 'web'),
(975, 'Dominator - Tailormade Luxury Yachts', 'Dominator-Tailormade-Luxury-Yachts-658534', 7, 61, '14736559251580.jpg', 'A perfect combination of aggressiveness and class, power and luxury, sportiness and comfort. The modern, racy lines and extensive glazed surfaces which strongly characterise the exteriors of the 40 metre, make her appear even longer, a true superyacht.', 60000, '2016-09-12 04:52:11', 0, 1, 'available', 0, 'Approve', 'classified', NULL, '0', '', 11, '', '0000-00-00 00:00:00', '2016-09-12 05:21:46', 1, 1, 0, 'VEHDO45KJG', 4, 3797, NULL, 0, 0, 0, NULL, NULL, NULL, 0, 'https://www.youtube.com/watch?v=VvYw_O0JmvQ', '', '', '', 0, 'Ajman Bank - Al Zahiyah - Abu Dhabi - United Arab Emirates', '54.38060759999996', '24.494603', NULL, NULL, 'web', 'web'),
(976, '2BHK fully furnished and wash area 2 bathroom 4th Floor', '2BHK-fully-furnished-and-wash-area-2-bathroom-4th-Floor-210942', 8, 40, '14736569332670.jpeg', '2BHK fully furnished and wash area 2 bathroom 4th floor apartment lift garden full furniture master bedroom with 12 feet wordrobe with dressing double bed and kitchen full furniture living room lcd unit sofa pop shoe rack safety gate wooden', 45000, '2016-09-12 05:09:12', 0, 0, 'available', 0, 'Approve', 'classified', NULL, '0', '', 5, '', '0000-00-00 00:00:00', '2016-09-12 05:23:31', 1, 1, 0, 'REA2B84TCA', 4, 3799, NULL, 0, 0, 0, NULL, NULL, NULL, 0, '', '', '', '7987564564', 0, '', '55.37519610000004', '25.1767821', NULL, NULL, 'web', 'web'),
(977, 'Luxurious 3 BHK Apartment on Rent', 'Luxurious-3-BHK-Apartment-on-Rent-611676', 8, 13, '14736575179990.png', '3 BHK with 2 Bedrooms having Attached Bath Rooms Living Hall Dining Room Kitchen with Granite and cabinet ready RO system 24 hrs security video Door Phone Garden Facing Children play area Elders sit out area Well maintained Video Door Phone On Main Road Complex With Auto stand and Bus stop at door step Gated community Suitable for companys senior executive 4 Apartments in one Tower can be offered', 3000, '2016-09-12 05:20:03', 0, 1, 'available', 0, 'Approve', 'classified', NULL, '0', '', 14, '', '0000-00-00 00:00:00', '2016-09-12 05:23:04', 1, 1, 0, 'REALU53JFD', 4, 3802, NULL, 0, 0, 0, NULL, NULL, NULL, 0, 'https://www.youtube.com/watch?v=AJDp8faUP_4', '', '', '1234123412', 0, '', '54.38156700000002', '24.452073', NULL, NULL, 'web', 'web'),
(979, 'American Eskimo Dog', 'American-Eskimo-Dog-469245', 6, 11, '14737394245250.jpg', 'The American Eskimo is bright, eager to please, lively and fun-loving, in short, an enjoyable and generally obedient companion. True to his Spitz heritage, he is independent and tenacious and loves to run, especially in cold weather. But he is among the most biddable of Spitz breeds, and is calm and well-mannered inside. He is good with children, other dogs, and pets and is generally outgoing to everyone.', 8000, '2016-09-13 03:56:42', 0, 0, 'available', 0, 'Approve', 'classified', NULL, '0', '', 19, '', '2016-09-13 04:03:51', '2016-09-13 04:06:58', 1, 468, 0, 'ANIAM93TVU', 4, 3798, NULL, 0, 0, 0, 468, NULL, NULL, 0, '', '', '', '5456415132', 0, 'adidas Store Mall of the Emirates - Sheikh Zayed Road - Dubai - United Arab Emirates', '55.20073000000002', '25.11952', NULL, NULL, 'web', 'web'),
(980, 'iPhone7', 'iPhone-7-205136', 1, 6, '14737478894950.jpg', 'Apple''s iPhone 7 and 7 Plus are Apple''s newest iPhones, with significant camera improvements, a new glossy black color, better battery life, faster processors, and improved water resistance implemented through a flush home button and no headphone jack. The new iPhones will launch on September 16, with pre-orders underway as of September 9.', 45000, '2016-09-13 06:24:53', 0, 1, 'available', 0, 'Approve', 'classified', NULL, '0', '', 19, '', '0000-00-00 00:00:00', '2016-09-13 06:25:58', 1, 1, 0, 'MOBIP24SWP', 4, 3796, NULL, 0, 0, 0, NULL, NULL, NULL, 0, '', '', '', '6078589658745', 0, 'Mobile Communication Services - Sheikh Zayed Road - Dubai - United Arab Emirates', '55.16050900000005', '25.095372', NULL, NULL, 'web', 'web');

-- --------------------------------------------------------

--
-- Table structure for table `products_images`
--

CREATE TABLE IF NOT EXISTS `products_images` (
  `product_image_id` int(11) unsigned NOT NULL,
  `product_id` int(11) DEFAULT NULL,
  `product_image` varchar(50) DEFAULT NULL
) ENGINE=InnoDB AUTO_INCREMENT=2797 DEFAULT CHARSET=latin1;

--
-- Dumping data for table `products_images`
--

INSERT INTO `products_images` (`product_image_id`, `product_id`, `product_image`) VALUES
(2743, 969, '14736543599140.jpg'),
(2744, 969, '14736543591410.jpg'),
(2745, 969, '14736543604050.JPG'),
(2746, 969, '14736543607150.jpg'),
(2748, 973, '14736549516110.jpg'),
(2749, 973, '14736549515430.jpg'),
(2750, 973, '14736549527610.jpg'),
(2751, 973, '14736549524500.png'),
(2752, 975, '14736559261970.jpg'),
(2753, 975, '14736559267360.jpg'),
(2754, 975, '14736559266740.jpg'),
(2755, 975, '14736559267530.jpg'),
(2756, 975, '14736559264820.jpg'),
(2757, 975, '14736559262030.jpg'),
(2758, 975, '14736559277040.jpg'),
(2759, 976, '14736569334390.jpg'),
(2760, 976, '14736569332250.JPG'),
(2761, 976, '14736569335340.jpg'),
(2763, 976, '14736569349320.png'),
(2772, 970, '14736703232880.jpg'),
(2773, 970, '14736703238750.png'),
(2777, 970, '14736703246500.jpg'),
(2779, 970, '14737458998010.jpg'),
(2780, 970, '14736695446990.png'),
(2781, 970, '14737459095030.jpg'),
(2782, 974, '14737459721170.jpg'),
(2786, 974, '14737462383940.jpg'),
(2788, 974, '14737459734170.jpg'),
(2789, 974, '14737459738220.jpg'),
(2790, 974, '14737472226440.JPG'),
(2791, 974, '14737473193440.png'),
(2793, 980, '14737478897780.jpg'),
(2794, 980, '14737478903430.jpg');

-- --------------------------------------------------------

--
-- Table structure for table `product_followers`
--

CREATE TABLE IF NOT EXISTS `product_followers` (
  `product_id` varchar(15) NOT NULL DEFAULT '',
  `user_id` int(11) NOT NULL,
  `should_delete` tinyint(1) NOT NULL DEFAULT '0'
) ENGINE=InnoDB DEFAULT CHARSET=latin1;

--
-- Triggers `product_followers`
--
DELIMITER $$
CREATE TRIGGER `follow_product` AFTER INSERT ON `product_followers`
 FOR EACH ROW Begin
Update product set product_total_followers = product_total_followers+1 where product_id = new.product_id;
End
$$
DELIMITER ;
DELIMITER $$
CREATE TRIGGER `unfollow_product` AFTER DELETE ON `product_followers`
 FOR EACH ROW Begin
Update product set product_total_followers = product_total_followers-1 where product_id = old.product_id;
End
$$
DELIMITER ;

-- --------------------------------------------------------

--
-- Table structure for table `product_old_data`
--

CREATE TABLE IF NOT EXISTS `product_old_data` (
  `id` int(11) NOT NULL,
  `product_id` int(11) DEFAULT NULL,
  `product_table` text,
  `vehicle_table` text,
  `estate_table` text,
  `car_mobile_num` text,
  `created_by` text,
  `created_date` timestamp NOT NULL DEFAULT CURRENT_TIMESTAMP
) ENGINE=InnoDB AUTO_INCREMENT=44 DEFAULT CHARSET=latin1;

--
-- Dumping data for table `product_old_data`
--

INSERT INTO `product_old_data` (`id`, `product_id`, `product_table`, `vehicle_table`, `estate_table`, `car_mobile_num`, `created_by`, `created_date`) VALUES
(1, 969, '{"product_id":"969","product_name":"Honda Accord","product_slug":"Honda-Accord-140118","category_id":"7","sub_category_id":"12","product_image":null,"product_description":"Manual Transmission fully\\r\\nLoaded power steering power windows climate control A C ABS driver and passenger AIR BAGS electronic adjustable retractable mirriors electronic seat adjusment company fitted music system with Aux original expensive Stanley Leather seats company fitted alloy wheels with tubeless tyres","product_price":"2000","product_posted_time":"2016-09-12 04:20:06","product_total_likes":"0","product_total_favorite":"0","product_status":"available","product_is_sold":null,"product_is_inappropriate":"Approve","product_for":"classified","product_specification":null,"product_brand":"73","product_price_range":"","product_total_views":"0","product_is_featured":"","product_reposted_time":"0000-00-00 00:00:00","admin_modified_at":"2016-09-12 04:20:06","admin_modified_by":"1","product_posted_by":"1","product_total_followers":"0","product_code":"VEHHO57NIV","country_id":"4","state_id":"3798","separate_fields":null,"is_delete":"0","store_id":"0","views_count":"0","product_modified_by":null,"product_deactivate":null,"ad_language":null,"is_featured":"0","youtube_link":"","video_name":"","video_image_name":"","phone_no":"","post_for_user":"0","address":"Burj Khalifa - Downtown Dubai - Dubai - United Arab Emirates","longitude":"55.27437639999994","latitude":"25.197197","total_stock":null,"stock_availability":null,"insert_from":"web","update_from":null}', '{"id":"79","product_id":"969","model":"764","millage":"3","color":"10","type_of_car":"","year":"2012","make":"","vehicle_condition":"Average"}', '[]', '[]', '1', '2016-09-12 04:26:04'),
(2, 969, '{"product_id":"969","product_name":"Honda Accord","product_slug":"Honda-Accord-140118","category_id":"7","sub_category_id":"12","product_image":null,"product_description":"Manual Transmission fully\\r\\nLoaded power steering power windows climate control A C ABS driver and passenger AIR BAGS electronic adjustable retractable mirriors electronic seat adjusment company fitted music system with Aux original expensive Stanley Leather seats company fitted alloy wheels with tubeless tyres","product_price":"2000","product_posted_time":"2016-09-12 04:20:06","product_total_likes":"0","product_total_favorite":"0","product_status":"available","product_is_sold":"0","product_is_inappropriate":"Approve","product_for":"classified","product_specification":null,"product_brand":"73","product_price_range":"","product_total_views":"0","product_is_featured":"","product_reposted_time":"0000-00-00 00:00:00","admin_modified_at":"2016-09-12 04:26:04","admin_modified_by":"1","product_posted_by":"1","product_total_followers":"0","product_code":"VEHHO66LFW","country_id":"4","state_id":"3798","separate_fields":null,"is_delete":"0","store_id":"0","views_count":"0","product_modified_by":null,"product_deactivate":null,"ad_language":null,"is_featured":"0","youtube_link":"","video_name":"","video_image_name":"","phone_no":"","post_for_user":"0","address":"Burj Khalifa - Downtown Dubai - Dubai - United Arab Emirates","longitude":"55.27437639999994","latitude":"25.197197","total_stock":null,"stock_availability":null,"insert_from":"web","update_from":"web"}', '{"id":"79","product_id":"969","model":"764","millage":"3","color":"10","type_of_car":"","year":"2012","make":"","vehicle_condition":"Average"}', '[]', '[]', '1', '2016-09-12 04:26:28'),
(3, 969, '{"product_id":"969","product_name":"Honda Accord","product_slug":"Honda-Accord-140118","category_id":"7","sub_category_id":"12","product_image":null,"product_description":"Manual Transmission fully\\r\\nLoaded power steering power windows climate control A C ABS driver and passenger AIR BAGS electronic adjustable retractable mirriors electronic seat adjusment company fitted music system with Aux original expensive Stanley Leather seats company fitted alloy wheels with tubeless tyres","product_price":"2000","product_posted_time":"2016-09-12 04:20:06","product_total_likes":"0","product_total_favorite":"0","product_status":"available","product_is_sold":"0","product_is_inappropriate":"Approve","product_for":"classified","product_specification":null,"product_brand":"73","product_price_range":"","product_total_views":"2","product_is_featured":"","product_reposted_time":"0000-00-00 00:00:00","admin_modified_at":"2016-09-12 04:26:28","admin_modified_by":"1","product_posted_by":"1","product_total_followers":"0","product_code":"VEHHO45DUQ","country_id":"4","state_id":"3798","separate_fields":null,"is_delete":"0","store_id":"0","views_count":"0","product_modified_by":null,"product_deactivate":null,"ad_language":null,"is_featured":"0","youtube_link":"","video_name":"","video_image_name":"","phone_no":"","post_for_user":"0","address":"Burj Khalifa - Downtown Dubai - Dubai - United Arab Emirates","longitude":"55.27437639999994","latitude":"25.197197","total_stock":null,"stock_availability":null,"insert_from":"web","update_from":"web"}', '{"id":"79","product_id":"969","model":"764","millage":"3","color":"10","type_of_car":"","year":"2012","make":"","vehicle_condition":"Average"}', '[]', '[]', '1', '2016-09-12 04:37:16'),
(4, 974, '{"product_id":"974","product_name":"Suzuki Hayabusa","product_slug":"Suzuki-Hayabusa-491811","category_id":"7","sub_category_id":"37","product_image":"","product_description":"The Hayabusa has been one of the top choices for streetbike customization,[58] perhaps even the most popular customized sportbike. One reason may be the unique, instantly recognizable bodywork. The easy tunability of the engine, the wide selection of aftermarket parts, possibly more than any other Japanese motorcycle, and the interchangeability between models of Suzuki parts have also played a role. It was the vibrancy of this custom scene that prompted Suzuki to send Koji Yoshirua to the US for feedback and inspiration for the second generation design.","product_price":"50000","product_posted_time":"2016-09-12 04:40:33","product_total_likes":"0","product_total_favorite":"0","product_status":"available","product_is_sold":null,"product_is_inappropriate":"NeedReview","product_for":"classified","product_specification":null,"product_brand":"0","product_price_range":"","product_total_views":"0","product_is_featured":"","product_reposted_time":"0000-00-00 00:00:00","admin_modified_at":"0000-00-00 00:00:00","admin_modified_by":null,"product_posted_by":"467","product_total_followers":"0","product_code":"VEHSU66ARG","country_id":"4","state_id":"3796","separate_fields":null,"is_delete":"0","store_id":"0","views_count":"0","product_modified_by":null,"product_deactivate":null,"ad_language":null,"is_featured":"0","youtube_link":"","video_name":"","video_image_name":"","phone_no":null,"post_for_user":"0","address":"Abu Dhabi Mall - Al Zahiyah - Abu Dhabi - United Arab Emirates","longitude":"","latitude":"","total_stock":null,"stock_availability":null,"insert_from":"web","update_from":null}', '[]', '[]', '[]', '1', '2016-09-12 04:46:32'),
(5, 974, '{"product_id":"974","product_name":"Suzuki Hayabusa","product_slug":"Suzuki-Hayabusa-491811","category_id":"7","sub_category_id":"37","product_image":"","product_description":"The Hayabusa has been one of the top choices for streetbike customization,[58] perhaps even the most popular customized sportbike. One reason may be the unique, instantly recognizable bodywork. The easy tunability of the engine, the wide selection of aftermarket parts, possibly more than any other Japanese motorcycle, and the interchangeability between models of Suzuki parts have also played a role. It was the vibrancy of this custom scene that prompted Suzuki to send Koji Yoshirua to the US for feedback and inspiration for the second generation design.","product_price":"50000","product_posted_time":"2016-09-12 04:40:33","product_total_likes":"0","product_total_favorite":"0","product_status":"available","product_is_sold":null,"product_is_inappropriate":"NeedReview","product_for":"classified","product_specification":null,"product_brand":"0","product_price_range":"","product_total_views":"0","product_is_featured":"","product_reposted_time":"0000-00-00 00:00:00","admin_modified_at":"2016-09-12 04:46:32","admin_modified_by":"1","product_posted_by":"467","product_total_followers":"0","product_code":"VEHSU78YGE","country_id":"4","state_id":"3796","separate_fields":null,"is_delete":"0","store_id":"0","views_count":"0","product_modified_by":null,"product_deactivate":null,"ad_language":null,"is_featured":"0","youtube_link":"","video_name":"","video_image_name":"","phone_no":"9824459970","post_for_user":"0","address":"Abu Dhabi Mall - Al Zahiyah - Abu Dhabi - United Arab Emirates","longitude":"","latitude":"","total_stock":null,"stock_availability":null,"insert_from":"web","update_from":"web"}', '[]', '[]', '[]', '1', '2016-09-12 04:47:20'),
(6, 977, '{"product_id":"977","product_name":"Luxurious 3 BHK Apartment on Rent","product_slug":"Luxurious-3-BHK-Apartment-on-Rent-611676","category_id":"8","sub_category_id":"13","product_image":"14736575151740.jpg","product_description":"3 BHK with 2 Bedrooms having Attached Bath Rooms Living Hall Dining Room Kitchen with Granite and cabinet ready RO system 24 hrs security video Door Phone Garden Facing Children play area Elders sit out area Well maintained Video Door Phone On Main Road Complex With Auto stand and Bus stop at door step Gated community Suitable for companys senior executive 4 Apartments in one Tower can be offered","product_price":"3000","product_posted_time":"2016-09-12 05:20:03","product_total_likes":"0","product_total_favorite":"0","product_status":"available","product_is_sold":null,"product_is_inappropriate":"Approve","product_for":"classified","product_specification":null,"product_brand":"","product_price_range":"","product_total_views":"0","product_is_featured":"","product_reposted_time":"0000-00-00 00:00:00","admin_modified_at":"2016-09-12 05:20:03","admin_modified_by":"1","product_posted_by":"1","product_total_followers":"0","product_code":"REA27GZP","country_id":"4","state_id":"3802","separate_fields":null,"is_delete":"0","store_id":"0","views_count":"0","product_modified_by":null,"product_deactivate":null,"ad_language":null,"is_featured":"0","youtube_link":"http:\\/\\/www.youtube.com\\/","video_name":"","video_image_name":"","phone_no":"1234123412","post_for_user":"0","address":null,"longitude":"54.38156700000002","latitude":"24.452073","total_stock":null,"stock_availability":null,"insert_from":"web","update_from":null}', '[]', '{"id":"2","product_id":"977","Country":null,"Emirates":null,"PropertyType":null,"Bathrooms":"3","Bedrooms":"3","Area":"2200","Amenities":null,"neighbourhood":"","address":null,"furnished":"yes","pets":"no","broker_fee":"yes","free_status":null,"ad_language":"english"}', '[]', '1', '2016-09-12 05:20:34'),
(7, 975, '{"product_id":"975","product_name":"Dominator - Tailormade Luxury Yachts","product_slug":"Dominator-Tailormade-Luxury-Yachts-658534","category_id":"7","sub_category_id":"61","product_image":"14736559251580.jpg","product_description":"A perfect combination of aggressiveness and class, power and luxury, sportiness and comfort. The modern, racy lines and extensive glazed surfaces which strongly characterise the exteriors of the 40 metre, make her appear even longer, a true superyacht.","product_price":"60000","product_posted_time":"2016-09-12 04:52:11","product_total_likes":"0","product_total_favorite":"0","product_status":"available","product_is_sold":null,"product_is_inappropriate":"Approve","product_for":"classified","product_specification":null,"product_brand":"0","product_price_range":"","product_total_views":"4","product_is_featured":"","product_reposted_time":"0000-00-00 00:00:00","admin_modified_at":"2016-09-12 04:52:11","admin_modified_by":"1","product_posted_by":"1","product_total_followers":"0","product_code":"VEHDO17CZB","country_id":"4","state_id":"3797","separate_fields":null,"is_delete":"0","store_id":"0","views_count":"0","product_modified_by":null,"product_deactivate":null,"ad_language":null,"is_featured":"0","youtube_link":"","video_name":"","video_image_name":"","phone_no":"","post_for_user":"0","address":"Ajman Bank - Al Zahiyah - Abu Dhabi - United Arab Emirates","longitude":"54.38060759999996","latitude":"24.494603","total_stock":null,"stock_availability":null,"insert_from":"web","update_from":null}', '[]', '[]', '[]', '1', '2016-09-12 05:21:46'),
(8, 977, '{"product_id":"977","product_name":"Luxurious 3 BHK Apartment on Rent","product_slug":"Luxurious-3-BHK-Apartment-on-Rent-611676","category_id":"8","sub_category_id":"13","product_image":"14736575179990.png","product_description":"3 BHK with 2 Bedrooms having Attached Bath Rooms Living Hall Dining Room Kitchen with Granite and cabinet ready RO system 24 hrs security video Door Phone Garden Facing Children play area Elders sit out area Well maintained Video Door Phone On Main Road Complex With Auto stand and Bus stop at door step Gated community Suitable for companys senior executive 4 Apartments in one Tower can be offered","product_price":"3000","product_posted_time":"2016-09-12 05:20:03","product_total_likes":"0","product_total_favorite":"0","product_status":"available","product_is_sold":"0","product_is_inappropriate":"Approve","product_for":"classified","product_specification":null,"product_brand":"0","product_price_range":"","product_total_views":"1","product_is_featured":"","product_reposted_time":"0000-00-00 00:00:00","admin_modified_at":"2016-09-12 05:20:34","admin_modified_by":"1","product_posted_by":"1","product_total_followers":"0","product_code":"REALU27VGD","country_id":"4","state_id":"3802","separate_fields":null,"is_delete":"0","store_id":"0","views_count":"0","product_modified_by":null,"product_deactivate":null,"ad_language":null,"is_featured":"0","youtube_link":"https:\\/\\/www.youtube.com\\/watch?v=AJDp8faUP_4","video_name":"","video_image_name":"","phone_no":"1234123412","post_for_user":"0","address":"","longitude":"54.38156700000002","latitude":"24.452073","total_stock":null,"stock_availability":null,"insert_from":"web","update_from":"web"}', '[]', '{"id":"2","product_id":"977","Country":null,"Emirates":null,"PropertyType":null,"Bathrooms":"3","Bedrooms":"3","Area":"2200","Amenities":null,"neighbourhood":"","address":"","furnished":"yes","pets":"no","broker_fee":"yes","free_status":null,"ad_language":"english"}', '[]', '1', '2016-09-12 05:22:43'),
(9, 977, '{"product_id":"977","product_name":"Luxurious 3 BHK Apartment on Rent","product_slug":"Luxurious-3-BHK-Apartment-on-Rent-611676","category_id":"8","sub_category_id":"13","product_image":"14736575179990.png","product_description":"3 BHK with 2 Bedrooms having Attached Bath Rooms Living Hall Dining Room Kitchen with Granite and cabinet ready RO system 24 hrs security video Door Phone Garden Facing Children play area Elders sit out area Well maintained Video Door Phone On Main Road Complex With Auto stand and Bus stop at door step Gated community Suitable for companys senior executive 4 Apartments in one Tower can be offered","product_price":"3000","product_posted_time":"2016-09-12 05:20:03","product_total_likes":"0","product_total_favorite":"0","product_status":"available","product_is_sold":"0","product_is_inappropriate":"Approve","product_for":"classified","product_specification":null,"product_brand":"0","product_price_range":"","product_total_views":"2","product_is_featured":"","product_reposted_time":"0000-00-00 00:00:00","admin_modified_at":"2016-09-12 05:22:43","admin_modified_by":"1","product_posted_by":"1","product_total_followers":"0","product_code":"REALU96IWG","country_id":"4","state_id":"3802","separate_fields":null,"is_delete":"0","store_id":"0","views_count":"0","product_modified_by":null,"product_deactivate":null,"ad_language":null,"is_featured":"0","youtube_link":"https:\\/\\/www.youtube.com\\/watch?v=AJDp8faUP_4","video_name":"","video_image_name":"","phone_no":"1234123412","post_for_user":"0","address":"","longitude":"54.38156700000002","latitude":"24.452073","total_stock":null,"stock_availability":null,"insert_from":"web","update_from":"web"}', '[]', '{"id":"2","product_id":"977","Country":null,"Emirates":null,"PropertyType":null,"Bathrooms":"3","Bedrooms":"3","Area":"2200","Amenities":null,"neighbourhood":"","address":"","furnished":"yes","pets":"no","broker_fee":"yes","free_status":null,"ad_language":"english"}', '[]', '1', '2016-09-12 05:23:04'),
(10, 976, '{"product_id":"976","product_name":"2BHK fully furnished and wash area 2 bathroom 4th Floor","product_slug":"2BHK-fully-furnished-and-wash-area-2-bathroom-4th-Floor-210942","category_id":"8","sub_category_id":"40","product_image":"14736569332670.jpeg","product_description":"2BHK fully furnished and wash area 2 bathroom 4th floor apartment lift garden full furniture master bedroom with 12 feet wordrobe with dressing double bed and kitchen full furniture living room lcd unit sofa pop shoe rack safety gate wooden","product_price":"45000","product_posted_time":"2016-09-12 05:09:12","product_total_likes":"0","product_total_favorite":"0","product_status":"available","product_is_sold":null,"product_is_inappropriate":"Approve","product_for":"classified","product_specification":null,"product_brand":"","product_price_range":"","product_total_views":"2","product_is_featured":"","product_reposted_time":"0000-00-00 00:00:00","admin_modified_at":"2016-09-12 05:09:12","admin_modified_by":"1","product_posted_by":"1","product_total_followers":"0","product_code":"REA60DJB","country_id":"4","state_id":"3799","separate_fields":null,"is_delete":"0","store_id":"0","views_count":"0","product_modified_by":null,"product_deactivate":null,"ad_language":null,"is_featured":"0","youtube_link":"","video_name":"","video_image_name":"","phone_no":"7987564564","post_for_user":"0","address":null,"longitude":"55.37519610000004","latitude":"25.1767821","total_stock":null,"stock_availability":null,"insert_from":"web","update_from":null}', '[]', '{"id":"1","product_id":"976","Country":null,"Emirates":null,"PropertyType":null,"Bathrooms":"2","Bedrooms":"2","Area":"1150","Amenities":null,"neighbourhood":"","address":null,"furnished":"yes","pets":"no","broker_fee":"yes","free_status":null,"ad_language":"english"}', '[]', '1', '2016-09-12 05:23:31'),
(11, 970, '{"product_id":"970","product_name":"My favorite bike for u","product_slug":"My-favorite-bike-for-u-672874","category_id":"7","sub_category_id":"37","product_image":"","product_description":"My favorite bike for u","product_price":"25000","product_posted_time":"2016-09-12 04:26:35","product_total_likes":"0","product_total_favorite":"0","product_status":"available","product_is_sold":null,"product_is_inappropriate":"Approve","product_for":"classified","product_specification":null,"product_brand":"0","product_price_range":"","product_total_views":"0","product_is_featured":"","product_reposted_time":"0000-00-00 00:00:00","admin_modified_at":"2016-09-12 04:26:35","admin_modified_by":"1","product_posted_by":"1","product_total_followers":"0","product_code":"VEHMY47PXW","country_id":"4","state_id":"3798","separate_fields":null,"is_delete":"0","store_id":"0","views_count":"0","product_modified_by":null,"product_deactivate":null,"ad_language":null,"is_featured":"0","youtube_link":"","video_name":"","video_image_name":"","phone_no":"123456789","post_for_user":"0","address":"Dubai Islamic Bank Al Salam Branch - Al Zahiyah - Abu Dhabi - United Arab Emirates","longitude":"54.377275000000054","latitude":"24.492515","total_stock":null,"stock_availability":null,"insert_from":"web","update_from":null}', '[]', '[]', '[]', '1', '2016-09-12 06:07:36'),
(12, 970, '{"product_id":"970","product_name":"My favorite bike for u","product_slug":"My-favorite-bike-for-u-672874","category_id":"7","sub_category_id":"37","product_image":"","product_description":"My favorite bike for u","product_price":"25000","product_posted_time":"2016-09-12 04:26:35","product_total_likes":"0","product_total_favorite":"0","product_status":"available","product_is_sold":"0","product_is_inappropriate":"Approve","product_for":"classified","product_specification":null,"product_brand":"0","product_price_range":"","product_total_views":"0","product_is_featured":"","product_reposted_time":"0000-00-00 00:00:00","admin_modified_at":"2016-09-12 06:07:36","admin_modified_by":"1","product_posted_by":"1","product_total_followers":"0","product_code":"VEHMY15JBL","country_id":"4","state_id":"3798","separate_fields":null,"is_delete":"0","store_id":"0","views_count":"0","product_modified_by":null,"product_deactivate":null,"ad_language":null,"is_featured":"0","youtube_link":"","video_name":"","video_image_name":"","phone_no":"123456789","post_for_user":"0","address":"Dubai Islamic Bank Al Salam Branch - Al Zahiyah - Abu Dhabi - United Arab Emirates","longitude":"54.377275000000054","latitude":"24.492515","total_stock":null,"stock_availability":null,"insert_from":"web","update_from":"web"}', '[]', '[]', '[]', '1', '2016-09-12 06:11:54'),
(13, 970, '{"product_id":"970","product_name":"My favorite bike for u","product_slug":"My-favorite-bike-for-u-672874","category_id":"7","sub_category_id":"37","product_image":"","product_description":"My favorite bike for u","product_price":"25000","product_posted_time":"2016-09-12 04:26:35","product_total_likes":"0","product_total_favorite":"0","product_status":"available","product_is_sold":"0","product_is_inappropriate":"Approve","product_for":"classified","product_specification":null,"product_brand":"0","product_price_range":"","product_total_views":"0","product_is_featured":"","product_reposted_time":"0000-00-00 00:00:00","admin_modified_at":"2016-09-12 06:11:54","admin_modified_by":"1","product_posted_by":"1","product_total_followers":"0","product_code":"VEHMY75NLO","country_id":"4","state_id":"3798","separate_fields":null,"is_delete":"0","store_id":"0","views_count":"0","product_modified_by":null,"product_deactivate":null,"ad_language":null,"is_featured":"0","youtube_link":"","video_name":"","video_image_name":"","phone_no":"123456789","post_for_user":"0","address":"Dubai Islamic Bank Al Salam Branch - Al Zahiyah - Abu Dhabi - United Arab Emirates","longitude":"54.377275000000054","latitude":"24.492515","total_stock":null,"stock_availability":null,"insert_from":"web","update_from":"web"}', '[]', '[]', '[]', '1', '2016-09-12 06:12:11'),
(14, 970, '{"product_id":"970","product_name":"My favorite bike for u","product_slug":"My-favorite-bike-for-u-672874","category_id":"7","sub_category_id":"37","product_image":"","product_description":"My favorite bike for u","product_price":"25000","product_posted_time":"2016-09-12 04:26:35","product_total_likes":"0","product_total_favorite":"0","product_status":"available","product_is_sold":"0","product_is_inappropriate":"Approve","product_for":"classified","product_specification":null,"product_brand":"0","product_price_range":"","product_total_views":"1","product_is_featured":"","product_reposted_time":"0000-00-00 00:00:00","admin_modified_at":"2016-09-12 06:12:11","admin_modified_by":"1","product_posted_by":"1","product_total_followers":"0","product_code":"VEHMY93KXN","country_id":"4","state_id":"3798","separate_fields":null,"is_delete":"0","store_id":"0","views_count":"0","product_modified_by":null,"product_deactivate":null,"ad_language":null,"is_featured":"0","youtube_link":"","video_name":"","video_image_name":"","phone_no":"123456789","post_for_user":"0","address":"Dubai Islamic Bank Al Salam Branch - Al Zahiyah - Abu Dhabi - United Arab Emirates","longitude":"54.377275000000054","latitude":"24.492515","total_stock":null,"stock_availability":null,"insert_from":"web","update_from":"web"}', '[]', '[]', '[]', '1', '2016-09-12 06:41:19'),
(15, 970, '{"product_id":"970","product_name":"My favorite bike for u","product_slug":"My-favorite-bike-for-u-672874","category_id":"7","sub_category_id":"37","product_image":"","product_description":"My favorite bike for u","product_price":"25000","product_posted_time":"2016-09-12 04:26:35","product_total_likes":"0","product_total_favorite":"0","product_status":"available","product_is_sold":"0","product_is_inappropriate":"Approve","product_for":"classified","product_specification":null,"product_brand":"0","product_price_range":"","product_total_views":"1","product_is_featured":"","product_reposted_time":"0000-00-00 00:00:00","admin_modified_at":"2016-09-12 06:41:19","admin_modified_by":"1","product_posted_by":"1","product_total_followers":"0","product_code":"VEHMY80GTH","country_id":"4","state_id":"3798","separate_fields":null,"is_delete":"0","store_id":"0","views_count":"0","product_modified_by":null,"product_deactivate":null,"ad_language":null,"is_featured":"0","youtube_link":"","video_name":"","video_image_name":"","phone_no":"123456789","post_for_user":"0","address":"Dubai Islamic Bank Al Salam Branch - Al Zahiyah - Abu Dhabi - United Arab Emirates","longitude":"54.377275000000054","latitude":"24.492515","total_stock":null,"stock_availability":null,"insert_from":"web","update_from":"web"}', '[]', '[]', '[]', '1', '2016-09-12 06:45:07'),
(16, 970, '{"product_id":"970","product_name":"My favorite bike for u","product_slug":"My-favorite-bike-for-u-672874","category_id":"7","sub_category_id":"37","product_image":"","product_description":"My favorite bike for u","product_price":"25000","product_posted_time":"2016-09-12 04:26:35","product_total_likes":"0","product_total_favorite":"0","product_status":"available","product_is_sold":"0","product_is_inappropriate":"Approve","product_for":"classified","product_specification":null,"product_brand":"0","product_price_range":"","product_total_views":"1","product_is_featured":"","product_reposted_time":"0000-00-00 00:00:00","admin_modified_at":"2016-09-12 06:45:07","admin_modified_by":"1","product_posted_by":"1","product_total_followers":"0","product_code":"VEHMY63HKJ","country_id":"4","state_id":"3798","separate_fields":null,"is_delete":"0","store_id":"0","views_count":"0","product_modified_by":null,"product_deactivate":null,"ad_language":null,"is_featured":"0","youtube_link":"","video_name":"","video_image_name":"","phone_no":"123456789","post_for_user":"0","address":"Dubai Islamic Bank Al Salam Branch - Al Zahiyah - Abu Dhabi - United Arab Emirates","longitude":"54.377275000000054","latitude":"24.492515","total_stock":null,"stock_availability":null,"insert_from":"web","update_from":"web"}', '[]', '[]', '[]', '1', '2016-09-12 06:47:14'),
(17, 970, '{"product_id":"970","product_name":"My favorite bike for u","product_slug":"My-favorite-bike-for-u-672874","category_id":"7","sub_category_id":"37","product_image":"","product_description":"My favorite bike for u","product_price":"25000","product_posted_time":"2016-09-12 04:26:35","product_total_likes":"0","product_total_favorite":"0","product_status":"available","product_is_sold":"0","product_is_inappropriate":"Approve","product_for":"classified","product_specification":null,"product_brand":"0","product_price_range":"","product_total_views":"1","product_is_featured":"","product_reposted_time":"0000-00-00 00:00:00","admin_modified_at":"2016-09-12 06:47:14","admin_modified_by":"1","product_posted_by":"1","product_total_followers":"0","product_code":"VEHMY92SUQ","country_id":"4","state_id":"3798","separate_fields":null,"is_delete":"0","store_id":"0","views_count":"0","product_modified_by":null,"product_deactivate":null,"ad_language":null,"is_featured":"0","youtube_link":"","video_name":"","video_image_name":"","phone_no":"123456789","post_for_user":"0","address":"Dubai Islamic Bank Al Salam Branch - Al Zahiyah - Abu Dhabi - United Arab Emirates","longitude":"54.377275000000054","latitude":"24.492515","total_stock":null,"stock_availability":null,"insert_from":"web","update_from":"web"}', '[]', '[]', '[]', '1', '2016-09-12 06:47:33'),
(18, 970, '{"product_id":"970","product_name":"My favorite bike for u","product_slug":"My-favorite-bike-for-u-672874","category_id":"7","sub_category_id":"37","product_image":"","product_description":"My favorite bike for u","product_price":"25000","product_posted_time":"2016-09-12 04:26:35","product_total_likes":"0","product_total_favorite":"0","product_status":"available","product_is_sold":"0","product_is_inappropriate":"Approve","product_for":"classified","product_specification":null,"product_brand":"0","product_price_range":"","product_total_views":"1","product_is_featured":"","product_reposted_time":"0000-00-00 00:00:00","admin_modified_at":"2016-09-12 06:47:33","admin_modified_by":"1","product_posted_by":"1","product_total_followers":"0","product_code":"VEHMY44LDS","country_id":"4","state_id":"3798","separate_fields":null,"is_delete":"0","store_id":"0","views_count":"0","product_modified_by":null,"product_deactivate":null,"ad_language":null,"is_featured":"0","youtube_link":"","video_name":"","video_image_name":"","phone_no":"123456789","post_for_user":"0","address":"Dubai Islamic Bank Al Salam Branch - Al Zahiyah - Abu Dhabi - United Arab Emirates","longitude":"54.377275000000054","latitude":"24.492515","total_stock":null,"stock_availability":null,"insert_from":"web","update_from":"web"}', '[]', '[]', '[]', '1', '2016-09-12 06:47:42'),
(19, 970, '{"product_id":"970","product_name":"My favorite bike for u","product_slug":"My-favorite-bike-for-u-672874","category_id":"7","sub_category_id":"37","product_image":"","product_description":"My favorite bike for u","product_price":"25000","product_posted_time":"2016-09-12 04:26:35","product_total_likes":"0","product_total_favorite":"0","product_status":"available","product_is_sold":"0","product_is_inappropriate":"Approve","product_for":"classified","product_specification":null,"product_brand":"0","product_price_range":"","product_total_views":"1","product_is_featured":"","product_reposted_time":"0000-00-00 00:00:00","admin_modified_at":"2016-09-12 06:47:42","admin_modified_by":"1","product_posted_by":"1","product_total_followers":"0","product_code":"VEHMY33XDA","country_id":"4","state_id":"3798","separate_fields":null,"is_delete":"0","store_id":"0","views_count":"0","product_modified_by":null,"product_deactivate":null,"ad_language":null,"is_featured":"0","youtube_link":"","video_name":"","video_image_name":"","phone_no":"123456789","post_for_user":"0","address":"Dubai Islamic Bank Al Salam Branch - Al Zahiyah - Abu Dhabi - United Arab Emirates","longitude":"54.377275000000054","latitude":"24.492515","total_stock":null,"stock_availability":null,"insert_from":"web","update_from":"web"}', '[]', '[]', '[]', '1', '2016-09-12 06:48:41'),
(20, 970, '{"product_id":"970","product_name":"My favorite bike for u","product_slug":"My-favorite-bike-for-u-672874","category_id":"7","sub_category_id":"37","product_image":"","product_description":"My favorite bike for u","product_price":"25000","product_posted_time":"2016-09-12 04:26:35","product_total_likes":"0","product_total_favorite":"0","product_status":"available","product_is_sold":"0","product_is_inappropriate":"Approve","product_for":"classified","product_specification":null,"product_brand":"0","product_price_range":"","product_total_views":"1","product_is_featured":"","product_reposted_time":"0000-00-00 00:00:00","admin_modified_at":"2016-09-12 06:48:41","admin_modified_by":"1","product_posted_by":"1","product_total_followers":"0","product_code":"VEHMY70TNP","country_id":"4","state_id":"3798","separate_fields":null,"is_delete":"0","store_id":"0","views_count":"0","product_modified_by":null,"product_deactivate":null,"ad_language":null,"is_featured":"0","youtube_link":"","video_name":"","video_image_name":"","phone_no":"123456789","post_for_user":"0","address":"Dubai Islamic Bank Al Salam Branch - Al Zahiyah - Abu Dhabi - United Arab Emirates","longitude":"54.377275000000054","latitude":"24.492515","total_stock":null,"stock_availability":null,"insert_from":"web","update_from":"web"}', '[]', '[]', '[]', '1', '2016-09-12 06:53:36'),
(21, 970, '{"product_id":"970","product_name":"My favorite bike for u","product_slug":"My-favorite-bike-for-u-672874","category_id":"7","sub_category_id":"37","product_image":"","product_description":"My favorite bike for u","product_price":"25000","product_posted_time":"2016-09-12 04:26:35","product_total_likes":"0","product_total_favorite":"0","product_status":"available","product_is_sold":"0","product_is_inappropriate":"Approve","product_for":"classified","product_specification":null,"product_brand":"0","product_price_range":"","product_total_views":"1","product_is_featured":"","product_reposted_time":"0000-00-00 00:00:00","admin_modified_at":"2016-09-12 06:53:36","admin_modified_by":"1","product_posted_by":"1","product_total_followers":"0","product_code":"VEHMY17JNB","country_id":"4","state_id":"3798","separate_fields":null,"is_delete":"0","store_id":"0","views_count":"0","product_modified_by":null,"product_deactivate":null,"ad_language":null,"is_featured":"0","youtube_link":"","video_name":"","video_image_name":"","phone_no":"123456789","post_for_user":"0","address":"Dubai Islamic Bank Al Salam Branch - Al Zahiyah - Abu Dhabi - United Arab Emirates","longitude":"54.377275000000054","latitude":"24.492515","total_stock":null,"stock_availability":null,"insert_from":"web","update_from":"web"}', '[]', '[]', '[]', '1', '2016-09-12 06:55:17'),
(22, 970, '{"product_id":"970","product_name":"My favorite bike for u","product_slug":"My-favorite-bike-for-u-672874","category_id":"7","sub_category_id":"37","product_image":"","product_description":"My favorite bike for u","product_price":"25000","product_posted_time":"2016-09-12 04:26:35","product_total_likes":"0","product_total_favorite":"0","product_status":"available","product_is_sold":"0","product_is_inappropriate":"Approve","product_for":"classified","product_specification":null,"product_brand":"0","product_price_range":"","product_total_views":"1","product_is_featured":"","product_reposted_time":"0000-00-00 00:00:00","admin_modified_at":"2016-09-12 06:55:17","admin_modified_by":"1","product_posted_by":"1","product_total_followers":"0","product_code":"VEHMY98CXT","country_id":"4","state_id":"3798","separate_fields":null,"is_delete":"0","store_id":"0","views_count":"0","product_modified_by":null,"product_deactivate":null,"ad_language":null,"is_featured":"0","youtube_link":"","video_name":"","video_image_name":"","phone_no":"123456789","post_for_user":"0","address":"Dubai Islamic Bank Al Salam Branch - Al Zahiyah - Abu Dhabi - United Arab Emirates","longitude":"54.377275000000054","latitude":"24.492515","total_stock":null,"stock_availability":null,"insert_from":"web","update_from":"web"}', '[]', '[]', '[]', '1', '2016-09-12 06:57:13'),
(23, 970, '{"product_id":"970","product_name":"My favorite bike for u","product_slug":"My-favorite-bike-for-u-672874","category_id":"7","sub_category_id":"37","product_image":"","product_description":"My favorite bike for u","product_price":"25000","product_posted_time":"2016-09-12 04:26:35","product_total_likes":"0","product_total_favorite":"0","product_status":"available","product_is_sold":"0","product_is_inappropriate":"Approve","product_for":"classified","product_specification":null,"product_brand":"0","product_price_range":"","product_total_views":"1","product_is_featured":"","product_reposted_time":"0000-00-00 00:00:00","admin_modified_at":"2016-09-12 06:57:13","admin_modified_by":"1","product_posted_by":"1","product_total_followers":"0","product_code":"VEHMY31QFO","country_id":"4","state_id":"3798","separate_fields":null,"is_delete":"0","store_id":"0","views_count":"0","product_modified_by":null,"product_deactivate":null,"ad_language":null,"is_featured":"0","youtube_link":"","video_name":"","video_image_name":"","phone_no":"123456789","post_for_user":"0","address":"Dubai Islamic Bank Al Salam Branch - Al Zahiyah - Abu Dhabi - United Arab Emirates","longitude":"54.377275000000054","latitude":"24.492515","total_stock":null,"stock_availability":null,"insert_from":"web","update_from":"web"}', '[]', '[]', '[]', '1', '2016-09-12 06:57:23'),
(24, 970, '{"product_id":"970","product_name":"My favorite bike for u","product_slug":"My-favorite-bike-for-u-672874","category_id":"7","sub_category_id":"37","product_image":"14736604502710.jpg","product_description":"My favorite bike for u","product_price":"25000","product_posted_time":"2016-09-12 04:26:35","product_total_likes":"0","product_total_favorite":"0","product_status":"available","product_is_sold":"0","product_is_inappropriate":"Approve","product_for":"classified","product_specification":null,"product_brand":"0","product_price_range":"","product_total_views":"1","product_is_featured":"","product_reposted_time":"0000-00-00 00:00:00","admin_modified_at":"2016-09-12 06:57:23","admin_modified_by":"1","product_posted_by":"1","product_total_followers":"0","product_code":"VEHMY35SEJ","country_id":"4","state_id":"3798","separate_fields":null,"is_delete":"0","store_id":"0","views_count":"0","product_modified_by":null,"product_deactivate":null,"ad_language":null,"is_featured":"0","youtube_link":"","video_name":"","video_image_name":"","phone_no":"123456789","post_for_user":"0","address":"Dubai Islamic Bank Al Salam Branch - Al Zahiyah - Abu Dhabi - United Arab Emirates","longitude":"54.377275000000054","latitude":"24.492515","total_stock":null,"stock_availability":null,"insert_from":"web","update_from":"web"}', '[]', '[]', '[]', '1', '2016-09-12 06:58:18'),
(25, 970, '{"product_id":"970","product_name":"My favorite bike for u","product_slug":"My-favorite-bike-for-u-672874","category_id":"7","sub_category_id":"37","product_image":"14736604502710.jpg","product_description":"My favorite bike for u","product_price":"25000","product_posted_time":"2016-09-12 04:26:35","product_total_likes":"0","product_total_favorite":"0","product_status":"available","product_is_sold":"0","product_is_inappropriate":"Approve","product_for":"classified","product_specification":null,"product_brand":"0","product_price_range":"","product_total_views":"1","product_is_featured":"","product_reposted_time":"0000-00-00 00:00:00","admin_modified_at":"2016-09-12 06:58:18","admin_modified_by":"1","product_posted_by":"1","product_total_followers":"0","product_code":"VEHMY20YAQ","country_id":"4","state_id":"3798","separate_fields":null,"is_delete":"0","store_id":"0","views_count":"0","product_modified_by":null,"product_deactivate":null,"ad_language":null,"is_featured":"0","youtube_link":"","video_name":"","video_image_name":"","phone_no":"123456789","post_for_user":"0","address":"Dubai Islamic Bank Al Salam Branch - Al Zahiyah - Abu Dhabi - United Arab Emirates","longitude":"54.377275000000054","latitude":"24.492515","total_stock":null,"stock_availability":null,"insert_from":"web","update_from":"web"}', '[]', '[]', '[]', '1', '2016-09-12 07:31:47'),
(26, 970, '{"product_id":"970","product_name":"My favorite bike for u","product_slug":"My-favorite-bike-for-u-672874","category_id":"7","sub_category_id":"37","product_image":"14736634897460.jpg","product_description":"My favorite bike for u","product_price":"25000","product_posted_time":"2016-09-12 04:26:35","product_total_likes":"0","product_total_favorite":"0","product_status":"available","product_is_sold":"0","product_is_inappropriate":"Approve","product_for":"classified","product_specification":null,"product_brand":"0","product_price_range":"","product_total_views":"1","product_is_featured":"","product_reposted_time":"0000-00-00 00:00:00","admin_modified_at":"2016-09-12 07:31:47","admin_modified_by":"1","product_posted_by":"1","product_total_followers":"0","product_code":"VEHMY52DGQ","country_id":"4","state_id":"3798","separate_fields":null,"is_delete":"0","store_id":"0","views_count":"0","product_modified_by":null,"product_deactivate":null,"ad_language":null,"is_featured":"0","youtube_link":"","video_name":"","video_image_name":"","phone_no":"123456789","post_for_user":"0","address":"Dubai Islamic Bank Al Salam Branch - Al Zahiyah - Abu Dhabi - United Arab Emirates","longitude":"54.377275000000054","latitude":"24.492515","total_stock":null,"stock_availability":null,"insert_from":"web","update_from":"web"}', '[]', '[]', '[]', '1', '2016-09-12 08:39:15'),
(27, 970, '{"product_id":"970","product_name":"My favorite bike for u","product_slug":"My-favorite-bike-for-u-672874","category_id":"7","sub_category_id":"37","product_image":"14736695446990.png","product_description":"My favorite bike for u","product_price":"25000","product_posted_time":"2016-09-12 04:26:35","product_total_likes":"0","product_total_favorite":"0","product_status":"available","product_is_sold":"0","product_is_inappropriate":"Approve","product_for":"classified","product_specification":null,"product_brand":"0","product_price_range":"","product_total_views":"1","product_is_featured":"","product_reposted_time":"0000-00-00 00:00:00","admin_modified_at":"2016-09-12 08:39:15","admin_modified_by":"1","product_posted_by":"1","product_total_followers":"0","product_code":"VEHMY13BTD","country_id":"4","state_id":"3798","separate_fields":null,"is_delete":"0","store_id":"0","views_count":"0","product_modified_by":null,"product_deactivate":null,"ad_language":null,"is_featured":"0","youtube_link":"","video_name":"","video_image_name":"","phone_no":"123456789","post_for_user":"0","address":"Dubai Islamic Bank Al Salam Branch - Al Zahiyah - Abu Dhabi - United Arab Emirates","longitude":"54.377275000000054","latitude":"24.492515","total_stock":null,"stock_availability":null,"insert_from":"web","update_from":"web"}', '[]', '[]', '[]', '1', '2016-09-12 08:52:07'),
(28, 970, '{"product_id":"970","product_name":"My favorite bike for u","product_slug":"My-favorite-bike-for-u-672874","category_id":"7","sub_category_id":"37","product_image":"14736695446990.png","product_description":"My favorite bike for u","product_price":"25000","product_posted_time":"2016-09-12 04:26:35","product_total_likes":"0","product_total_favorite":"0","product_status":"available","product_is_sold":"0","product_is_inappropriate":"Approve","product_for":"classified","product_specification":null,"product_brand":"0","product_price_range":"","product_total_views":"1","product_is_featured":"","product_reposted_time":"0000-00-00 00:00:00","admin_modified_at":"2016-09-12 08:52:07","admin_modified_by":"1","product_posted_by":"1","product_total_followers":"0","product_code":"VEHMY90EKJ","country_id":"4","state_id":"3798","separate_fields":null,"is_delete":"0","store_id":"0","views_count":"0","product_modified_by":null,"product_deactivate":null,"ad_language":null,"is_featured":"0","youtube_link":"","video_name":"","video_image_name":"","phone_no":"123456789","post_for_user":"0","address":"Dubai Islamic Bank Al Salam Branch - Al Zahiyah - Abu Dhabi - United Arab Emirates","longitude":"54.377275000000054","latitude":"24.492515","total_stock":null,"stock_availability":null,"insert_from":"web","update_from":"web"}', '[]', '[]', '[]', '1', '2016-09-12 08:52:25'),
(29, 970, '{"product_id":"970","product_name":"My favorite bike for u","product_slug":"My-favorite-bike-for-u-672874","category_id":"7","sub_category_id":"37","product_image":"14736695446990.png","product_description":"My favorite bike for u","product_price":"25000","product_posted_time":"2016-09-12 04:26:35","product_total_likes":"0","product_total_favorite":"0","product_status":"available","product_is_sold":"0","product_is_inappropriate":"Approve","product_for":"classified","product_specification":null,"product_brand":"0","product_price_range":"","product_total_views":"1","product_is_featured":"","product_reposted_time":"0000-00-00 00:00:00","admin_modified_at":"2016-09-12 08:52:25","admin_modified_by":"1","product_posted_by":"1","product_total_followers":"0","product_code":"VEHMY75PYJ","country_id":"4","state_id":"3798","separate_fields":null,"is_delete":"0","store_id":"0","views_count":"0","product_modified_by":null,"product_deactivate":null,"ad_language":null,"is_featured":"0","youtube_link":"","video_name":"","video_image_name":"","phone_no":"123456789","post_for_user":"0","address":"Dubai Islamic Bank Al Salam Branch - Al Zahiyah - Abu Dhabi - United Arab Emirates","longitude":"54.377275000000054","latitude":"24.492515","total_stock":null,"stock_availability":null,"insert_from":"web","update_from":"web"}', '[]', '[]', '[]', '1', '2016-09-12 08:52:36'),
(30, 970, '{"product_id":"970","product_name":"My favorite bike for u","product_slug":"My-favorite-bike-for-u-672874","category_id":"7","sub_category_id":"37","product_image":"14736695446990.png","product_description":"My favorite bike for u","product_price":"25000","product_posted_time":"2016-09-12 04:26:35","product_total_likes":"0","product_total_favorite":"0","product_status":"available","product_is_sold":"0","product_is_inappropriate":"Approve","product_for":"classified","product_specification":null,"product_brand":"0","product_price_range":"","product_total_views":"1","product_is_featured":"","product_reposted_time":"0000-00-00 00:00:00","admin_modified_at":"2016-09-12 08:52:36","admin_modified_by":"1","product_posted_by":"1","product_total_followers":"0","product_code":"VEHMY89UZB","country_id":"4","state_id":"3798","separate_fields":null,"is_delete":"0","store_id":"0","views_count":"0","product_modified_by":null,"product_deactivate":null,"ad_language":null,"is_featured":"0","youtube_link":"","video_name":"","video_image_name":"","phone_no":"123456789","post_for_user":"0","address":"Dubai Islamic Bank Al Salam Branch - Al Zahiyah - Abu Dhabi - United Arab Emirates","longitude":"54.377275000000054","latitude":"24.492515","total_stock":null,"stock_availability":null,"insert_from":"web","update_from":"web"}', '[]', '[]', '[]', '1', '2016-09-12 08:54:22'),
(31, 970, '{"product_id":"970","product_name":"My favorite bike for u","product_slug":"My-favorite-bike-for-u-672874","category_id":"7","sub_category_id":"37","product_image":"14736695446990.png","product_description":"My favorite bike for u","product_price":"25000","product_posted_time":"2016-09-12 04:26:35","product_total_likes":"0","product_total_favorite":"0","product_status":"available","product_is_sold":"0","product_is_inappropriate":"Approve","product_for":"classified","product_specification":null,"product_brand":"0","product_price_range":"","product_total_views":"1","product_is_featured":"","product_reposted_time":"0000-00-00 00:00:00","admin_modified_at":"2016-09-12 08:54:22","admin_modified_by":"1","product_posted_by":"1","product_total_followers":"0","product_code":"VEHMY95IYZ","country_id":"4","state_id":"3798","separate_fields":null,"is_delete":"0","store_id":"0","views_count":"0","product_modified_by":null,"product_deactivate":null,"ad_language":null,"is_featured":"0","youtube_link":"","video_name":"","video_image_name":"","phone_no":"123456789","post_for_user":"0","address":"Dubai Islamic Bank Al Salam Branch - Al Zahiyah - Abu Dhabi - United Arab Emirates","longitude":"54.377275000000054","latitude":"24.492515","total_stock":null,"stock_availability":null,"insert_from":"web","update_from":"web"}', '[]', '[]', '[]', '1', '2016-09-12 08:54:48'),
(32, 970, '{"product_id":"970","product_name":"My favorite bike for u","product_slug":"My-favorite-bike-for-u-672874","category_id":"7","sub_category_id":"37","product_image":"14736695446990.png","product_description":"My favorite bike for u","product_price":"25000","product_posted_time":"2016-09-12 04:26:35","product_total_likes":"0","product_total_favorite":"0","product_status":"available","product_is_sold":"0","product_is_inappropriate":"Approve","product_for":"classified","product_specification":null,"product_brand":"0","product_price_range":"","product_total_views":"1","product_is_featured":"","product_reposted_time":"0000-00-00 00:00:00","admin_modified_at":"2016-09-12 08:54:48","admin_modified_by":"1","product_posted_by":"1","product_total_followers":"0","product_code":"VEHMY39SOU","country_id":"4","state_id":"3798","separate_fields":null,"is_delete":"0","store_id":"0","views_count":"0","product_modified_by":null,"product_deactivate":null,"ad_language":null,"is_featured":"0","youtube_link":"","video_name":"","video_image_name":"","phone_no":"123456789","post_for_user":"0","address":"Dubai Islamic Bank Al Salam Branch - Al Zahiyah - Abu Dhabi - United Arab Emirates","longitude":"54.377275000000054","latitude":"24.492515","total_stock":null,"stock_availability":null,"insert_from":"web","update_from":"web"}', '[]', '[]', '[]', '1', '2016-09-12 08:57:29');
INSERT INTO `product_old_data` (`id`, `product_id`, `product_table`, `vehicle_table`, `estate_table`, `car_mobile_num`, `created_by`, `created_date`) VALUES
(33, 970, '{"product_id":"970","product_name":"My favorite bike for u","product_slug":"My-favorite-bike-for-u-672874","category_id":"7","sub_category_id":"37","product_image":"14736695446990.png","product_description":"My favorite bike for u","product_price":"25000","product_posted_time":"2016-09-12 04:26:35","product_total_likes":"0","product_total_favorite":"0","product_status":"available","product_is_sold":"0","product_is_inappropriate":"Approve","product_for":"classified","product_specification":null,"product_brand":"0","product_price_range":"","product_total_views":"1","product_is_featured":"","product_reposted_time":"0000-00-00 00:00:00","admin_modified_at":"2016-09-12 08:57:29","admin_modified_by":"1","product_posted_by":"1","product_total_followers":"0","product_code":"VEHMY77LPG","country_id":"4","state_id":"3798","separate_fields":null,"is_delete":"0","store_id":"0","views_count":"0","product_modified_by":null,"product_deactivate":null,"ad_language":null,"is_featured":"0","youtube_link":"","video_name":"","video_image_name":"","phone_no":"123456789","post_for_user":"0","address":"Dubai Islamic Bank Al Salam Branch - Al Zahiyah - Abu Dhabi - United Arab Emirates","longitude":"54.377275000000054","latitude":"24.492515","total_stock":null,"stock_availability":null,"insert_from":"web","update_from":"web"}', '[]', '[]', '[]', '1', '2016-09-12 08:57:57'),
(34, 979, '{"product_id":"979","product_name":"American Eskimo Dog","product_slug":"American-Eskimo-Dog-469245","category_id":"6","sub_category_id":"11","product_image":null,"product_description":"The American Eskimo is bright, eager to please, lively and fun-loving, in short, an enjoyable and generally obedient companion. True to his Spitz heritage, he is independent and tenacious and loves to run, especially in cold weather. But he is among the most biddable of Spitz breeds, and is calm and well-mannered inside. He is good with children, other dogs, and pets and is generally outgoing to everyone.","product_price":"8000","product_posted_time":"2016-09-13 03:56:42","product_total_likes":"0","product_total_favorite":"0","product_status":"available","product_is_sold":null,"product_is_inappropriate":"NeedReview","product_for":"classified","product_specification":null,"product_brand":"0","product_price_range":"","product_total_views":"0","product_is_featured":"","product_reposted_time":"2016-09-13 04:03:51","admin_modified_at":"0000-00-00 00:00:00","admin_modified_by":null,"product_posted_by":"468","product_total_followers":"0","product_code":"ANIAM70CML","country_id":"4","state_id":"3798","separate_fields":null,"is_delete":"0","store_id":"0","views_count":"0","product_modified_by":"468","product_deactivate":null,"ad_language":null,"is_featured":"0","youtube_link":"","video_name":"","video_image_name":"","phone_no":null,"post_for_user":"0","address":"adidas Store Mall of the Emirates - Sheikh Zayed Road - Dubai - United Arab Emirates","longitude":"55.20073000000002","latitude":"25.11952","total_stock":null,"stock_availability":null,"insert_from":"web","update_from":"web"}', '[]', '[]', '[]', '1', '2016-09-13 04:06:58'),
(35, 974, '{"product_id":"974","product_name":"Suzuki Hayabusa","product_slug":"Suzuki-Hayabusa-491811","category_id":"7","sub_category_id":"37","product_image":"","product_description":"The Hayabusa has been one of the top choices for streetbike customization,[58] perhaps even the most popular customized sportbike. One reason may be the unique, instantly recognizable bodywork. The easy tunability of the engine, the wide selection of aftermarket parts, possibly more than any other Japanese motorcycle, and the interchangeability between models of Suzuki parts have also played a role. It was the vibrancy of this custom scene that prompted Suzuki to send Koji Yoshirua to the US for feedback and inspiration for the second generation design.","product_price":"50000","product_posted_time":"2016-09-12 04:40:33","product_total_likes":"0","product_total_favorite":"0","product_status":"available","product_is_sold":"0","product_is_inappropriate":"Approve","product_for":"classified","product_specification":null,"product_brand":"0","product_price_range":"","product_total_views":"1","product_is_featured":"","product_reposted_time":"0000-00-00 00:00:00","admin_modified_at":"2016-09-12 04:47:20","admin_modified_by":"1","product_posted_by":"467","product_total_followers":"0","product_code":"VEHSU68WLG","country_id":"4","state_id":"3796","separate_fields":null,"is_delete":"0","store_id":"0","views_count":"0","product_modified_by":null,"product_deactivate":null,"ad_language":null,"is_featured":"0","youtube_link":"","video_name":"","video_image_name":"","phone_no":"9824459970","post_for_user":"0","address":"Abu Dhabi Mall - Al Zahiyah - Abu Dhabi - United Arab Emirates","longitude":"","latitude":"","total_stock":null,"stock_availability":null,"insert_from":"web","update_from":"web"}', '[]', '[]', '[]', '1', '2016-09-13 04:07:49'),
(36, 969, '{"product_id":"969","product_name":"Honda Accord","product_slug":"Honda-Accord-140118","category_id":"7","sub_category_id":"12","product_image":null,"product_description":"Manual Transmission fully\\r\\nLoaded power steering power windows climate control A C ABS driver and passenger AIR BAGS electronic adjustable retractable mirriors electronic seat adjusment company fitted music system with Aux original expensive Stanley Leather seats company fitted alloy wheels with tubeless tyres","product_price":"20000","product_posted_time":"2016-09-12 04:20:06","product_total_likes":"0","product_total_favorite":"0","product_status":"available","product_is_sold":"0","product_is_inappropriate":"Approve","product_for":"classified","product_specification":null,"product_brand":"73","product_price_range":"","product_total_views":"5","product_is_featured":"","product_reposted_time":"0000-00-00 00:00:00","admin_modified_at":"2016-09-12 04:37:16","admin_modified_by":"1","product_posted_by":"1","product_total_followers":"0","product_code":"VEHHO32QZT","country_id":"4","state_id":"3798","separate_fields":null,"is_delete":"0","store_id":"0","views_count":"0","product_modified_by":null,"product_deactivate":null,"ad_language":null,"is_featured":"0","youtube_link":"","video_name":"","video_image_name":"","phone_no":"","post_for_user":"0","address":"Burj Khalifa - Downtown Dubai - Dubai - United Arab Emirates","longitude":"55.27437639999994","latitude":"25.197197","total_stock":null,"stock_availability":null,"insert_from":"web","update_from":"web"}', '{"id":"79","product_id":"969","model":"764","millage":"3","color":"10","type_of_car":"","year":"2012","make":"","vehicle_condition":"Average"}', '[]', '[]', '1', '2016-09-13 04:08:04'),
(37, 974, '{"product_id":"974","product_name":"Suzuki Hayabusa","product_slug":"Suzuki-Hayabusa-491811","category_id":"7","sub_category_id":"37","product_image":"","product_description":"The Hayabusa has been one of the top choices for streetbike customization,[58] perhaps even the most popular customized sportbike. One reason may be the unique, instantly recognizable bodywork. The easy tunability of the engine, the wide selection of aftermarket parts, possibly more than any other Japanese motorcycle, and the interchangeability between models of Suzuki parts have also played a role. It was the vibrancy of this custom scene that prompted Suzuki to send Koji Yoshirua to the US for feedback and inspiration for the second generation design.","product_price":"50000","product_posted_time":"2016-09-12 04:40:33","product_total_likes":"0","product_total_favorite":"0","product_status":"available","product_is_sold":"0","product_is_inappropriate":"NeedReview","product_for":"classified","product_specification":null,"product_brand":"0","product_price_range":"","product_total_views":"2","product_is_featured":"","product_reposted_time":"2016-09-13 04:57:57","admin_modified_at":"2016-09-13 04:07:49","admin_modified_by":"1","product_posted_by":"467","product_total_followers":"0","product_code":"VEHSU76WME","country_id":"4","state_id":"3796","separate_fields":null,"is_delete":"0","store_id":"0","views_count":"0","product_modified_by":"467","product_deactivate":null,"ad_language":null,"is_featured":"0","youtube_link":"","video_name":"","video_image_name":"","phone_no":"9824459970","post_for_user":"0","address":"Abu Dhabi Mall - Al Zahiyah - Abu Dhabi - United Arab Emirates","longitude":"54.38322590000007","latitude":"24.4959241","total_stock":null,"stock_availability":null,"insert_from":"web","update_from":"web"}', '[]', '[]', '[]', '1', '2016-09-13 04:58:31'),
(38, 970, '{"product_id":"970","product_name":"My favorite bike for u","product_slug":"My-favorite-bike-for-u-672874","category_id":"7","sub_category_id":"37","product_image":"14736703246500.jpg","product_description":"My favorite bike for u","product_price":"25000","product_posted_time":"2016-09-12 04:26:35","product_total_likes":"0","product_total_favorite":"0","product_status":"available","product_is_sold":"0","product_is_inappropriate":"Approve","product_for":"classified","product_specification":null,"product_brand":"0","product_price_range":"","product_total_views":"8","product_is_featured":"","product_reposted_time":"0000-00-00 00:00:00","admin_modified_at":"2016-09-12 08:57:57","admin_modified_by":"1","product_posted_by":"1","product_total_followers":"0","product_code":"VEHMY99POY","country_id":"4","state_id":"3798","separate_fields":null,"is_delete":"0","store_id":"0","views_count":"0","product_modified_by":null,"product_deactivate":null,"ad_language":null,"is_featured":"0","youtube_link":"","video_name":"","video_image_name":"","phone_no":"123456789","post_for_user":"0","address":"Dubai Islamic Bank Al Salam Branch - Al Zahiyah - Abu Dhabi - United Arab Emirates","longitude":"54.377275000000054","latitude":"24.492515","total_stock":null,"stock_availability":null,"insert_from":"web","update_from":"web"}', '[]', '[]', '[]', '1', '2016-09-13 05:47:36'),
(39, 970, '{"product_id":"970","product_name":"My favorite bike for u","product_slug":"My-favorite-bike-for-u-672874","category_id":"7","sub_category_id":"37","product_image":"14737456502190.jpg","product_description":"My favorite bike for u","product_price":"25000","product_posted_time":"2016-09-12 04:26:35","product_total_likes":"0","product_total_favorite":"0","product_status":"available","product_is_sold":"0","product_is_inappropriate":"Approve","product_for":"classified","product_specification":null,"product_brand":"0","product_price_range":"","product_total_views":"8","product_is_featured":"","product_reposted_time":"0000-00-00 00:00:00","admin_modified_at":"2016-09-13 05:47:36","admin_modified_by":"1","product_posted_by":"1","product_total_followers":"0","product_code":"VEHMY49MWN","country_id":"4","state_id":"3798","separate_fields":null,"is_delete":"0","store_id":"0","views_count":"0","product_modified_by":null,"product_deactivate":null,"ad_language":null,"is_featured":"0","youtube_link":"","video_name":"","video_image_name":"","phone_no":"123456789","post_for_user":"0","address":"Dubai Islamic Bank Al Salam Branch - Al Zahiyah - Abu Dhabi - United Arab Emirates","longitude":"54.377275000000054","latitude":"24.492515","total_stock":null,"stock_availability":null,"insert_from":"web","update_from":"web"}', '[]', '[]', '[]', '1', '2016-09-13 05:47:48'),
(40, 970, '{"product_id":"970","product_name":"My favorite bike for u","product_slug":"My-favorite-bike-for-u-672874","category_id":"7","sub_category_id":"37","product_image":"14736695446990.png","product_description":"My favorite bike for u","product_price":"25000","product_posted_time":"2016-09-12 04:26:35","product_total_likes":"0","product_total_favorite":"0","product_status":"available","product_is_sold":"0","product_is_inappropriate":"Approve","product_for":"classified","product_specification":null,"product_brand":"0","product_price_range":"","product_total_views":"8","product_is_featured":"","product_reposted_time":"0000-00-00 00:00:00","admin_modified_at":"2016-09-13 05:47:48","admin_modified_by":"1","product_posted_by":"1","product_total_followers":"0","product_code":"VEHMY72BLP","country_id":"4","state_id":"3798","separate_fields":null,"is_delete":"0","store_id":"0","views_count":"0","product_modified_by":null,"product_deactivate":null,"ad_language":null,"is_featured":"0","youtube_link":"","video_name":"","video_image_name":"","phone_no":"123456789","post_for_user":"0","address":"Dubai Islamic Bank Al Salam Branch - Al Zahiyah - Abu Dhabi - United Arab Emirates","longitude":"54.377275000000054","latitude":"24.492515","total_stock":null,"stock_availability":null,"insert_from":"web","update_from":"web"}', '[]', '[]', '[]', '1', '2016-09-13 05:52:03'),
(41, 970, '{"product_id":"970","product_name":"My favorite bike for u","product_slug":"My-favorite-bike-for-u-672874","category_id":"7","sub_category_id":"37","product_image":"14737459095030.jpg","product_description":"My favorite bike for u","product_price":"25000","product_posted_time":"2016-09-12 04:26:35","product_total_likes":"0","product_total_favorite":"0","product_status":"available","product_is_sold":"0","product_is_inappropriate":"Approve","product_for":"classified","product_specification":null,"product_brand":"0","product_price_range":"","product_total_views":"8","product_is_featured":"","product_reposted_time":"0000-00-00 00:00:00","admin_modified_at":"2016-09-13 05:52:03","admin_modified_by":"1","product_posted_by":"1","product_total_followers":"0","product_code":"VEHMY58SNE","country_id":"4","state_id":"3798","separate_fields":null,"is_delete":"0","store_id":"0","views_count":"0","product_modified_by":null,"product_deactivate":null,"ad_language":null,"is_featured":"0","youtube_link":"","video_name":"","video_image_name":"","phone_no":"123456789","post_for_user":"0","address":"Dubai Islamic Bank Al Salam Branch - Al Zahiyah - Abu Dhabi - United Arab Emirates","longitude":"54.377275000000054","latitude":"24.492515","total_stock":null,"stock_availability":null,"insert_from":"web","update_from":"web"}', '[]', '[]', '[]', '1', '2016-09-13 05:52:26'),
(42, 980, '{"product_id":"980","product_name":"iPhone 7","product_slug":"iPhone-7-205136","category_id":"1","sub_category_id":"6","product_image":"14737478894950.jpg","product_description":"Apple''s iPhone 7 and 7 Plus are Apple''s newest iPhones, with significant camera improvements, a new glossy black color, better battery life, faster processors, and improved water resistance implemented through a flush home button and no headphone jack. The new iPhones will launch on September 16, with pre-orders underway as of September 9.","product_price":"45000","product_posted_time":"2016-09-13 06:24:53","product_total_likes":"0","product_total_favorite":"0","product_status":"available","product_is_sold":null,"product_is_inappropriate":"Approve","product_for":"classified","product_specification":null,"product_brand":"0","product_price_range":"","product_total_views":"1","product_is_featured":"","product_reposted_time":"0000-00-00 00:00:00","admin_modified_at":"2016-09-13 06:24:53","admin_modified_by":"1","product_posted_by":"1","product_total_followers":"0","product_code":"MOBIP86JKM","country_id":"4","state_id":"3796","separate_fields":null,"is_delete":"0","store_id":"0","views_count":"0","product_modified_by":null,"product_deactivate":null,"ad_language":null,"is_featured":"0","youtube_link":"","video_name":"","video_image_name":"","phone_no":"6078589658745","post_for_user":"0","address":"Mobile Communication Services - Sheikh Zayed Road - Dubai - United Arab Emirates","longitude":"55.16050900000005","latitude":"25.095372","total_stock":null,"stock_availability":null,"insert_from":"web","update_from":null}', '[]', '[]', '[]', '1', '2016-09-13 06:25:58'),
(43, 981, '{"product_id":"981","product_name":"LG OLED55B6T 55 Inches Ultra HD OLED TV","product_slug":"LG-OLED55B6T-55-Inches-Ultra-HD-OLED-TV-124570","category_id":"2","sub_category_id":"7","product_image":"14737575836100.jpg","product_description":"3D Color Mapping, Active Noise Reduction, Analog TV Reception, App Store, BollyWood Mode, Built IN Premium Magic, Clear Voice III, Digital TV Reception, Dolby Digital Decoder, DTS Decoder, Dynamic Clear White, Full Web Browser, Game World, Magic Mobile Connection, Magic Zoom, Miracast, Multi View, Music Player, Network Fil, Oled Surround, Optical Sound Sync, Premium Content (India Specific Apps), Real Cinema 24p, Resolution Upscaler, Smart Phone Remote Controller (Remote App), Smart Sound Mode, Smart TV powered by webOS v3.0 Platform, SmartHome, Sound Designed by Harman Kardon, Sound Designed by Harman or kardon, True 4K Engine, Ultra Luminan","product_price":"90000","product_posted_time":"2016-09-13 09:06:36","product_total_likes":"0","product_total_favorite":"0","product_status":"available","product_is_sold":null,"product_is_inappropriate":"NeedReview","product_for":"classified","product_specification":null,"product_brand":"0","product_price_range":"","product_total_views":"0","product_is_featured":"","product_reposted_time":"0000-00-00 00:00:00","admin_modified_at":"0000-00-00 00:00:00","admin_modified_by":null,"product_posted_by":"469","product_total_followers":"0","product_code":"ELELG60RBI","country_id":"4","state_id":"3796","separate_fields":null,"is_delete":"0","store_id":"0","views_count":"0","product_modified_by":null,"product_deactivate":null,"ad_language":null,"is_featured":"0","youtube_link":"","video_name":"","video_image_name":"","phone_no":null,"post_for_user":"0","address":"LG Electronics Limited - Mina Jebel Ali - United Arab Emirates","longitude":"55.08982960000003","latitude":"24.9948596","total_stock":null,"stock_availability":null,"insert_from":"web","update_from":null}', '[]', '[]', '[]', '1', '2016-09-13 09:57:56');

-- --------------------------------------------------------

--
-- Table structure for table `product_orders`
--

CREATE TABLE IF NOT EXISTS `product_orders` (
  `id` int(11) NOT NULL,
  `product_id` int(11) DEFAULT NULL,
  `quantity` int(11) DEFAULT NULL,
  `price` float(10,2) DEFAULT NULL,
  `shipping_cost` float(10,2) DEFAULT NULL,
  `user_id` int(11) DEFAULT NULL,
  `product_owner` int(11) DEFAULT NULL,
  `order_id` int(11) DEFAULT NULL,
  `created_date` timestamp NULL DEFAULT CURRENT_TIMESTAMP
) ENGINE=InnoDB DEFAULT CHARSET=latin1;

-- --------------------------------------------------------

--
-- Table structure for table `product_realestate_extras`
--

CREATE TABLE IF NOT EXISTS `product_realestate_extras` (
  `id` int(11) unsigned NOT NULL,
  `product_id` int(11) DEFAULT NULL,
  `Country` varchar(30) DEFAULT NULL,
  `Emirates` varchar(30) DEFAULT NULL,
  `PropertyType` varchar(10) DEFAULT NULL,
  `Bathrooms` varchar(11) DEFAULT NULL,
  `Bedrooms` varchar(11) DEFAULT NULL,
  `Area` varchar(30) DEFAULT NULL,
  `Amenities` varchar(30) DEFAULT NULL,
  `neighbourhood` varchar(255) DEFAULT NULL,
  `address` varchar(255) DEFAULT NULL,
  `furnished` varchar(10) DEFAULT NULL,
  `pets` varchar(10) DEFAULT NULL,
  `broker_fee` varchar(10) DEFAULT NULL,
  `free_status` int(1) DEFAULT NULL,
  `ad_language` varchar(100) DEFAULT NULL
) ENGINE=InnoDB AUTO_INCREMENT=3 DEFAULT CHARSET=latin1;

--
-- Dumping data for table `product_realestate_extras`
--

INSERT INTO `product_realestate_extras` (`id`, `product_id`, `Country`, `Emirates`, `PropertyType`, `Bathrooms`, `Bedrooms`, `Area`, `Amenities`, `neighbourhood`, `address`, `furnished`, `pets`, `broker_fee`, `free_status`, `ad_language`) VALUES
(1, 976, NULL, NULL, NULL, '2', '2', '1150', NULL, '', '', 'yes', 'no', 'yes', NULL, 'english'),
(2, 977, NULL, NULL, NULL, '3', '3', '2200', NULL, '', '', 'yes', 'no', 'yes', NULL, 'english');

-- --------------------------------------------------------

--
-- Table structure for table `product_stock_track`
--

CREATE TABLE IF NOT EXISTS `product_stock_track` (
  `id` int(11) NOT NULL,
  `product_id` int(11) DEFAULT NULL,
  `total_stock` int(11) DEFAULT NULL,
  `created_date` datetime DEFAULT NULL
) ENGINE=InnoDB DEFAULT CHARSET=latin1;

-- --------------------------------------------------------

--
-- Table structure for table `product_vehicles_extras`
--

CREATE TABLE IF NOT EXISTS `product_vehicles_extras` (
  `id` int(11) unsigned NOT NULL,
  `product_id` int(11) DEFAULT NULL,
  `model` varchar(50) DEFAULT NULL,
  `millage` varchar(50) DEFAULT NULL,
  `color` text,
  `type_of_car` varchar(100) DEFAULT NULL,
  `year` int(4) DEFAULT NULL,
  `make` varchar(100) DEFAULT NULL,
  `vehicle_condition` varchar(255) DEFAULT NULL
) ENGINE=InnoDB AUTO_INCREMENT=83 DEFAULT CHARSET=latin1;

--
-- Dumping data for table `product_vehicles_extras`
--

INSERT INTO `product_vehicles_extras` (`id`, `product_id`, `model`, `millage`, `color`, `type_of_car`, `year`, `make`, `vehicle_condition`) VALUES
(79, 969, '764', '3', '10', '', 2012, '', 'Average'),
(80, 972, '99', '2', '4', 'Multi-purpose vehicles (MPV)', 2014, '', 'USed'),
(81, 973, '1772', '5', '9', 'Medium cars', 2009, '', 'Good');

-- --------------------------------------------------------

--
-- Table structure for table `push_notifications`
--

CREATE TABLE IF NOT EXISTS `push_notifications` (
  `notification_id` int(11) NOT NULL,
  `phone_type` varchar(15) DEFAULT NULL,
  `message` text,
  `url` text,
  `created_date` timestamp NULL DEFAULT CURRENT_TIMESTAMP,
  `admin_id` int(11) DEFAULT NULL
) ENGINE=MyISAM AUTO_INCREMENT=2 DEFAULT CHARSET=latin1;

--
-- Dumping data for table `push_notifications`
--

INSERT INTO `push_notifications` (`notification_id`, `phone_type`, `message`, `url`, `created_date`, `admin_id`) VALUES
(1, 'iphone', 'test', 'http://clientapp.narolainfotech.com/', '2016-09-13 05:31:09', 1);

-- --------------------------------------------------------

--
-- Table structure for table `push_notified_users`
--

CREATE TABLE IF NOT EXISTS `push_notified_users` (
  `push_noti_id` int(11) NOT NULL,
  `device_id` text,
  `notification_id` int(11) DEFAULT NULL,
  `user_id` int(11) DEFAULT NULL,
  `created_at` timestamp NULL DEFAULT CURRENT_TIMESTAMP,
  `messageSeen` varchar(2) DEFAULT '0'
) ENGINE=InnoDB AUTO_INCREMENT=2 DEFAULT CHARSET=latin1;

--
-- Dumping data for table `push_notified_users`
--

INSERT INTO `push_notified_users` (`push_noti_id`, `device_id`, `notification_id`, `user_id`, `created_at`, `messageSeen`) VALUES
(1, 'a12cb1e9eae9b9501ee038408eea46bdba7e7bde1f0195331eec4d021f631bfc', 1, 1, '2016-09-13 05:31:09', '0');

-- --------------------------------------------------------

--
-- Table structure for table `repeating_numbers`
--

CREATE TABLE IF NOT EXISTS `repeating_numbers` (
  `id` int(11) NOT NULL,
  `rep_number` int(11) DEFAULT NULL,
  `num_for` varchar(50) DEFAULT NULL
) ENGINE=InnoDB AUTO_INCREMENT=16 DEFAULT CHARSET=latin1;

--
-- Dumping data for table `repeating_numbers`
--

INSERT INTO `repeating_numbers` (`id`, `rep_number`, `num_for`) VALUES
(1, 1, 'plate'),
(2, 2, 'plate'),
(3, 3, 'plate'),
(4, 4, 'plate'),
(5, 5, 'plate'),
(6, 1, 'mobile'),
(7, 2, 'mobile'),
(8, 3, 'mobile'),
(11, 4, 'mobile'),
(12, 5, 'mobile'),
(13, 6, 'mobile'),
(14, 7, 'mobile'),
(15, 8, 'mobile');

-- --------------------------------------------------------

--
-- Table structure for table `reportedads`
--

CREATE TABLE IF NOT EXISTS `reportedads` (
  `id` int(11) unsigned NOT NULL,
  `productid` int(11) DEFAULT NULL,
  `ReportAds` int(11) DEFAULT NULL,
  `userid` int(11) DEFAULT NULL
) ENGINE=InnoDB AUTO_INCREMENT=84 DEFAULT CHARSET=latin1;

-- --------------------------------------------------------

--
-- Table structure for table `repost`
--

CREATE TABLE IF NOT EXISTS `repost` (
  `id` int(11) unsigned NOT NULL,
  `userid` int(11) DEFAULT NULL,
  `productid` int(11) DEFAULT NULL,
  `created_at` timestamp NOT NULL DEFAULT CURRENT_TIMESTAMP
) ENGINE=InnoDB DEFAULT CHARSET=latin1;

-- --------------------------------------------------------

--
-- Table structure for table `seller_shipping_cost`
--

CREATE TABLE IF NOT EXISTS `seller_shipping_cost` (
  `id` int(11) NOT NULL,
  `seller_id` int(11) DEFAULT NULL,
  `state_id` int(11) DEFAULT NULL,
  `shipping_cost` float(10,2) DEFAULT '0.00',
  `created_date` timestamp NULL DEFAULT CURRENT_TIMESTAMP,
  `updated_date` datetime DEFAULT NULL
) ENGINE=InnoDB AUTO_INCREMENT=8 DEFAULT CHARSET=latin1;

--
-- Dumping data for table `seller_shipping_cost`
--

INSERT INTO `seller_shipping_cost` (`id`, `seller_id`, `state_id`, `shipping_cost`, `created_date`, `updated_date`) VALUES
(1, 476, 3798, NULL, '2016-09-17 06:55:17', NULL),
(2, 476, 3797, NULL, '2016-09-17 06:55:17', NULL),
(3, 476, 3796, NULL, '2016-09-17 06:55:17', NULL),
(4, 476, 3803, NULL, '2016-09-17 06:55:17', NULL),
(5, 476, 3799, NULL, '2016-09-17 06:55:17', NULL),
(6, 476, 3800, NULL, '2016-09-17 06:55:17', NULL),
(7, 476, 3802, NULL, '2016-09-17 06:55:17', NULL);

-- --------------------------------------------------------

--
-- Table structure for table `send_msg_seller`
--

CREATE TABLE IF NOT EXISTS `send_msg_seller` (
  `id` int(11) NOT NULL,
  `sender_id` int(11) DEFAULT NULL,
  `receiver_id` int(11) DEFAULT NULL,
  `message` text,
  `created_at` timestamp NULL DEFAULT CURRENT_TIMESTAMP
) ENGINE=InnoDB AUTO_INCREMENT=3 DEFAULT CHARSET=latin1;

--
-- Dumping data for table `send_msg_seller`
--

INSERT INTO `send_msg_seller` (`id`, `sender_id`, `receiver_id`, `message`, `created_at`) VALUES
(1, 467, 1, 'hi\r\n\r\nhelloo \r\n\r\n\r\n', '2016-09-14 05:28:27'),
(2, 467, 1, 'hii\r\n\r\ndsfawdfe\r\n\r\newfawedf\r\n\r\n\r\n\r\n\r\n\r\n\r\n\r\n', '2016-09-14 05:29:24');

-- --------------------------------------------------------

--
-- Table structure for table `settings`
--

CREATE TABLE IF NOT EXISTS `settings` (
  `id` int(11) NOT NULL,
  `key` varchar(100) NOT NULL,
  `val` longtext NOT NULL
) ENGINE=InnoDB AUTO_INCREMENT=13 DEFAULT CHARSET=latin1;

--
-- Dumping data for table `settings`
--

INSERT INTO `settings` (`id`, `key`, `val`) VALUES
(1, 'adv_availability_classified_user', '45'),
(2, 'adv_availability_admin', '45'),
(3, 'no_of_post_month_classified_user', '15'),
(4, 'colors', '#6495ed,#595959,#E0CF94,#120F0F,#FA1111,#B88D00,#632806,#FFFFFF,#cd5c5c,#4D4D4D,#CFC6C6,#3D3B3B,#8A1313,#BDBDBD,#80562A,#EDE7C2,#FFFFFF,#A17564,#0A0F66,#402A0F,#4D380F,#545252,#173808,#661111,#223010,#E07400,#731010,#5C5858,#381057,#FFFFFF,#393E96,#694408,#404040,#1A5E06,#274A17,#9DB8BD,#13590C,#b22222,#DEC826,#15700B,#787777,#DBD3C0,#187D31,#B8B8B8,#8C4E0B,#F3F3F3,#EDEDCA,#9E9C6A,#9AC1D9,#855509,#A39E9E,#0F9611,#30541B,#F28B46,#DEA6DC,#B2FFAB,#1E78B0,#5E1E1E,#4312E3,#703208,#000000,#A0C5D9,#202A54,#464F30,#0B1740,#1E0E47,#000000,#191970,#488552,#EFF2E1,#2B4D18,#144F0D,#0D5706,#ED7913,#d3d3d3,#F6F7F0,#f5f5dc,#878282,#000000,#EB9898,#D1C9C9,#6D18AD,#C91619,#0A0A0A,#22078F,#E0C453,#D9CB9C,#FFFFFF,#fafad2,#9E9898,#d3d3d3,#657DDB,#ABA6A6,#595757,#FFFFFF,#6495ed,#E8D799,#bebebe,#3DACD1,#0A0A0A,#4D0D85,#FFFFFF,#FFFC61'),
(5, 'brand', '1,2,3,4,5,6,7,8,9,10,11,12,13,14,15,17,18,19,20,21,22,23,24,25,26,27,28,29,30,31,32,33,34,35,36,37,38,39,40,41,42,43,44,45,46,47,48,49,50,51,52,53,54,55,56,57,58,59,60,61,62,63,64,65,66,67,68,69,70,71,72,73,74,75,76,77,78,79,80,81,82,83,84,85,86,87,88,89,90,91,92,93,94,95,96,97,98,99,100,101,102,103,104,105,106,107,108,109,110,111,112,113,114,115,116,117,118,119,120,121,122,123,124,125,126,127,128,129,130,131,132,133,134,135,136,137,138,139,140,141,142,143,144,145,146,147,148,149,150,151,152,153,154,155'),
(6, 'mileage', '1,2,3,4,5,6,7,8,9,10,11,12,13,14,15'),
(7, 'iphone_notification_max_length', '100'),
(9, 'no_of_post_month_store_user', '7'),
(10, 'adv_availability_store_user', '30'),
(11, 'no_of_post_month_offer_user', '12'),
(12, 'adv_availability_offer_user', '40');

-- --------------------------------------------------------

--
-- Table structure for table `shipping_address`
--

CREATE TABLE IF NOT EXISTS `shipping_address` (
  `id` int(11) NOT NULL,
  `user_id` int(11) DEFAULT NULL,
  `customer_name` varchar(255) DEFAULT NULL,
  `address_1` varchar(255) DEFAULT NULL,
  `address_2` varchar(255) DEFAULT NULL,
  `state_id` int(11) DEFAULT NULL,
  `po_box` varchar(10) DEFAULT NULL,
  `contact_number` varchar(50) DEFAULT NULL,
  `email_id` varchar(255) DEFAULT NULL,
  `created_date` timestamp NOT NULL DEFAULT CURRENT_TIMESTAMP ON UPDATE CURRENT_TIMESTAMP
) ENGINE=InnoDB DEFAULT CHARSET=latin1;

-- --------------------------------------------------------

--
-- Table structure for table `state`
--

CREATE TABLE IF NOT EXISTS `state` (
  `state_id` int(10) unsigned NOT NULL,
  `state_name` varchar(45) DEFAULT NULL,
  `latitude` varchar(50) DEFAULT NULL,
  `longitude` varchar(50) DEFAULT NULL,
  `country_id` int(10) unsigned DEFAULT NULL,
  `sort_order` int(10) unsigned DEFAULT NULL
) ENGINE=InnoDB AUTO_INCREMENT=3806 DEFAULT CHARSET=latin1;

--
-- Dumping data for table `state`
--

INSERT INTO `state` (`state_id`, `state_name`, `latitude`, `longitude`, `country_id`, `sort_order`) VALUES
(3796, 'Abu Dhabi', '24.2992', '54.6973', 4, 3798),
(3797, 'Ajman', '25.4052', '55.5136', 4, 3797),
(3798, 'Dubai', '25.2048', '55.2708', 4, 3796),
(3799, 'Ras Al-Khaimah', '25.8007', '55.9762', 4, 3801),
(3800, 'Sharjah', '25.3223', '55.5136', 4, 3802),
(3802, 'Umm al-Quwain', '25.5205', '55.7134', 4, 3803),
(3803, 'Fujairah', '25.4111', '56.2482', 4, 3800);

-- --------------------------------------------------------

--
-- Table structure for table `store`
--

CREATE TABLE IF NOT EXISTS `store` (
  `store_id` int(32) NOT NULL,
  `store_owner` int(32) DEFAULT NULL,
  `store_name` varchar(50) DEFAULT NULL,
  `store_description` text,
  `store_domain` varchar(100) DEFAULT NULL,
  `store_image` varchar(50) DEFAULT NULL,
  `store_cover_image` varchar(50) DEFAULT NULL,
  `store_contact_person` varchar(32) DEFAULT NULL,
  `store_status` tinyint(1) unsigned DEFAULT '0' COMMENT '0 for store, 1 for delete store,2 for block store,3 for hold store,6 not approve store by admin',
  `store_is_inappropriate` enum('NeedReview','Approve','Unapprove','Inappropriate') DEFAULT 'NeedReview',
  `new_data_status` int(11) DEFAULT NULL,
  `meta_title` varchar(255) DEFAULT NULL,
  `meta_description` text,
  `category_id` int(10) unsigned DEFAULT NULL,
  `sub_category_id` int(10) unsigned DEFAULT NULL,
  `is_featured` int(10) unsigned DEFAULT NULL,
  `store_total_views` int(11) DEFAULT NULL,
  `store_details_verified` int(11) DEFAULT NULL,
  `shipping_cost` float(10,2) DEFAULT '0.00',
  `store_created_on` timestamp NULL DEFAULT NULL ON UPDATE CURRENT_TIMESTAMP,
  `store_modified_on` datetime DEFAULT NULL,
  `store_approved_on` datetime DEFAULT NULL
) ENGINE=InnoDB AUTO_INCREMENT=3 DEFAULT CHARSET=latin1;

--
-- Dumping data for table `store`
--

INSERT INTO `store` (`store_id`, `store_owner`, `store_name`, `store_description`, `store_domain`, `store_image`, `store_cover_image`, `store_contact_person`, `store_status`, `store_is_inappropriate`, `new_data_status`, `meta_title`, `meta_description`, `category_id`, `sub_category_id`, `is_featured`, `store_total_views`, `store_details_verified`, `shipping_cost`, `store_created_on`, `store_modified_on`, `store_approved_on`) VALUES
(1, 477, 'rahul', 'Testing', 'rahul', NULL, NULL, NULL, 0, 'NeedReview', 1, 'Test', 'Test', 7, 0, NULL, NULL, 0, NULL, '2016-09-17 04:54:21', NULL, NULL),
(2, 476, 'kesha', 'Kesha My store', 'kesha', NULL, NULL, NULL, 0, 'Approve', 0, '', '', 7, 60, NULL, NULL, 0, NULL, '2016-09-17 06:55:17', '2016-09-17 06:55:17', '2016-09-17 06:55:17');

-- --------------------------------------------------------

--
-- Table structure for table `store_new_details`
--

CREATE TABLE IF NOT EXISTS `store_new_details` (
  `store_id` int(32) NOT NULL,
  `store_owner` int(32) DEFAULT NULL,
  `store_name` varchar(50) DEFAULT NULL,
  `store_description` text,
  `store_domain` varchar(100) DEFAULT NULL,
  `store_cover_image` varchar(50) DEFAULT NULL,
  `store_status` tinyint(1) unsigned DEFAULT '0' COMMENT '0 for store, 1 for delete store,2 for block store,3 for hold store,6 not approve store by admin',
  `store_is_inappropriate` enum('NeedReview','Approve','Unapprove','Inappropriate') DEFAULT 'NeedReview',
  `meta_title` varchar(255) DEFAULT NULL,
  `meta_description` text,
  `category_id` int(10) unsigned DEFAULT NULL,
  `sub_category_id` int(10) unsigned DEFAULT NULL,
  `store_details_verified` int(11) DEFAULT NULL,
  `store_created_on` timestamp NULL DEFAULT NULL ON UPDATE CURRENT_TIMESTAMP,
  `store_modified_on` datetime DEFAULT NULL,
  `store_approved_on` datetime DEFAULT NULL
) ENGINE=InnoDB DEFAULT CHARSET=latin1;

--
-- Dumping data for table `store_new_details`
--

INSERT INTO `store_new_details` (`store_id`, `store_owner`, `store_name`, `store_description`, `store_domain`, `store_cover_image`, `store_status`, `store_is_inappropriate`, `meta_title`, `meta_description`, `category_id`, `sub_category_id`, `store_details_verified`, `store_created_on`, `store_modified_on`, `store_approved_on`) VALUES
(1, 477, 'rahul', 'Testing', 'rahul', '1474088061.jpg', 0, 'NeedReview', 'Test', 'Test', 7, 0, NULL, '2016-09-17 04:54:21', NULL, NULL),
(2, 476, 'kesha', 'Kesha My store', 'kesha', NULL, 0, 'NeedReview', '', '', 7, 60, NULL, '2016-09-17 05:09:08', NULL, NULL);

-- --------------------------------------------------------

--
-- Table structure for table `store_product`
--

CREATE TABLE IF NOT EXISTS `store_product` (
  `store_product_id` int(32) NOT NULL,
  `store_id` int(32) NOT NULL,
  `store_product_name` varchar(50) DEFAULT 'Abc',
  `store_product_image` varchar(50) NOT NULL,
  `store_product_in_stock` int(11) NOT NULL,
  `store_product_description` text NOT NULL,
  `store_product_price` int(32) NOT NULL,
  `store_product_category_id` int(11) NOT NULL,
  `store_product_status` enum('available','sold','out_of_stock','discontinued') NOT NULL DEFAULT 'available',
  `store_product_code` varchar(32) DEFAULT '123456',
  `store_product_date` timestamp NOT NULL DEFAULT CURRENT_TIMESTAMP ON UPDATE CURRENT_TIMESTAMP
) ENGINE=InnoDB DEFAULT CHARSET=latin1;

-- --------------------------------------------------------

--
-- Table structure for table `store_product_image`
--

CREATE TABLE IF NOT EXISTS `store_product_image` (
  `store_product_image_id` int(32) NOT NULL,
  `store_product_id` int(32) NOT NULL,
  `store_product_image` varchar(50) NOT NULL
) ENGINE=InnoDB DEFAULT CHARSET=latin1;

-- --------------------------------------------------------

--
-- Table structure for table `subscription`
--

CREATE TABLE IF NOT EXISTS `subscription` (
  `subscription_id` int(11) NOT NULL,
  `email_address` varchar(255) DEFAULT NULL,
  `created_date` timestamp NULL DEFAULT NULL ON UPDATE CURRENT_TIMESTAMP
) ENGINE=InnoDB DEFAULT CHARSET=latin1;

-- --------------------------------------------------------

--
-- Table structure for table `sub_category`
--

CREATE TABLE IF NOT EXISTS `sub_category` (
  `sub_category_id` int(10) unsigned NOT NULL,
  `sub_category_name` varchar(100) DEFAULT NULL,
  `sub_category_slug` varchar(255) DEFAULT NULL,
  `sub_category_image` varchar(100) DEFAULT NULL,
  `category_id` int(10) unsigned DEFAULT NULL,
  `sub_cat_order` int(32) DEFAULT NULL,
  `icon` varchar(100) DEFAULT NULL
) ENGINE=InnoDB AUTO_INCREMENT=150 DEFAULT CHARSET=latin1;

--
-- Dumping data for table `sub_category`
--

INSERT INTO `sub_category` (`sub_category_id`, `sub_category_name`, `sub_category_slug`, `sub_category_image`, `category_id`, `sub_cat_order`, `icon`) VALUES
(6, 'Apple', 'Apple', '1419921461.gif', 1, 1, NULL),
(7, 'LG', 'LG', '1420454225.gif', 2, 7, NULL),
(8, 'Sofa sets', 'Sofa-sets', '1420454280.gif', 3, 2, NULL),
(9, 'women wear', 'women-wear', '1420454252.gif', 4, 7, NULL),
(10, 'sports', 'sports', '1420454280.gif', 5, 2, NULL),
(11, 'Dogs & cats', 'Dogs-cats', '1420454280.gif', 6, 2, NULL),
(12, 'Cars', 'Cars-727595', '1420454280.gif', 7, 12, ''),
(13, 'Houses - Apartments for Rent', 'Houses-Apartments-for-Rent', '1432101134.jpg', 8, 2, NULL),
(14, 'English coaching', 'English-coaching', '1420454280.gif', 9, 2, NULL),
(15, 'IT Jobs', 'IT-Jobs', '1420454280.gif', 10, 24, NULL),
(16, 'Repairing', 'Repairing', '1420454280.gif', 11, 1, ''),
(17, 'Social working', 'Social-working', '1420454280.gif', 12, 19, NULL),
(19, 'Android', 'Android', '1420454280.gif', 1, 1, NULL),
(22, 'Flatron', 'Flatron', '1420454280.gif', 2, 8, NULL),
(25, 'Chairs', 'Chairs', '1420454280.gif', 3, 1, NULL),
(28, 'Men Wear', 'Men-Wear', '1420454280.gif', 4, 1, NULL),
(31, 'Zumbas', 'Zumbas', '1420454280.gif', 5, 1, NULL),
(34, 'Bird Lovers', 'Bird-Lovers', '1420454280.gif', 6, 1, NULL),
(37, 'Bikes', 'Bikes', '1420454280.gif', 7, 15, NULL),
(40, 'Houses - Apartments for Sale', 'Houses-Apartments-for-Sale', '1432101121.jpg', 8, 0, NULL),
(43, 'Foreign Study', 'Foreign-Study', '1420454280.gif', 9, 0, NULL),
(46, 'HR Jobs', 'HR-Jobs', '1420454280.gif', 10, 23, NULL),
(49, 'Maintenace', 'Maintenace', '1420454280.gif', 11, 0, NULL),
(53, 'Rooms for Rent - Shared', 'Rooms-for-Rent-Shared', '1432101021.jpg', 8, 3, NULL),
(54, 'Housing Swap', 'Housing-Swap', '1432101040.jpg', 8, 4, NULL),
(55, 'Land', 'Land', '1432101063.jpg', 8, 5, NULL),
(56, 'Shops for Rent - Sale', 'Shops-for-Rent-Sale', '1432101083.jpg', 8, 6, NULL),
(57, 'Office - Commercial Space', 'Office-Commercial-Space', '1432101105.jpg', 8, 7, NULL),
(60, 'Motorcycles', 'Motorcycles', '', 7, 14, 'fa-venus-mars'),
(61, 'Yachts / Boats', 'Yachts-Boats', '', 7, 16, ''),
(62, 'Curtains & Blinds', 'Curtains-Blinds', '', 3, 3, ''),
(63, 'Furniture', 'Furniture', '', 3, 4, ''),
(64, 'Garden & Outdoor', 'Garden-Outdoor', '', 3, 5, ''),
(65, 'Home Accessories', 'Home-Accessories', '', 3, 6, ''),
(66, 'Lighting & Fans', 'Lighting-Fans', '', 3, 7, ''),
(67, 'Rugs & Carpets', 'Rugs-Carpets', '', 3, 8, ''),
(68, 'Tools & Home Improvement', 'Tools-Home-Improvement', '', 3, 9, ''),
(69, 'Activities', 'Activities', '', 12, 17, ''),
(70, 'Classes, Fitness & Dance', 'Classes-Fitness-Dance', '', 12, 20, ''),
(71, 'Lost & Found', 'Lost_Found', '', 12, 21, ''),
(72, 'Sports & Sport Partners', 'Sports-Sport-Partners', '', 12, 22, ''),
(73, 'Events & Night Life', 'Events-Night-Life', '', 12, 23, ''),
(74, 'Education, Skills & Languages', 'Education-Skills-Languages', '', 12, 24, ''),
(75, 'Miscellaneous', 'Miscellaneous', '', 12, 25, ''),
(76, 'Car Lift', 'Car-Lift', '', 12, 26, ''),
(77, 'Freelancers', 'Freelancers', '', 12, 27, ''),
(78, 'Photography', 'Photography', '', 12, 28, ''),
(80, 'Artists', 'Artists', '', 12, 18, ''),
(81, 'Charities', 'Charities', '', 12, 29, ''),
(82, 'Childcare', 'Childcare', '', 12, 30, ''),
(83, 'Clubs', 'Clubs', '', 12, 31, ''),
(84, 'Domestic', 'Domestic', '', 12, 32, ''),
(86, 'Music', 'Music', '', 12, 33, ''),
(87, 'Services', 'Services', '', 12, 34, ''),
(88, 'Sports', 'Sports', '', 12, 35, ''),
(89, 'Audit & Accountancy', 'Audit-Accountancy', '', 10, 15, ''),
(90, 'Automotive', 'Automotive', '', 10, 16, ''),
(91, 'Aviation, Airlines & Aerospace', 'Aviation-Airlines-Aerospace', '', 10, 17, ''),
(92, 'Banking', 'Banking', '', 10, 18, ''),
(93, 'Business Support Services', 'Business-Support-Services', '', 10, 19, ''),
(94, 'Beauty', 'Beauty', '', 10, 20, ''),
(95, 'Charity Non-profit NGO', 'Charity-Non-profit-NGO', '', 10, 21, ''),
(96, 'Construction', 'Construction', '', 10, 22, ''),
(97, 'Cosmetics & Luxury Goods', 'Cosmetics-Luxury-Goods', '', 10, 10, ''),
(98, 'Education', 'Education', '', 10, 11, ''),
(99, 'Engineering Services', 'Engineering-Services', '', 10, 12, ''),
(100, 'Finance, Investment & Asset Management', 'Finance-Investment-Asset-Management', '', 10, 13, ''),
(101, 'FMCG Consumer Goods', 'FMCG-Consumer-Goods', '', 10, 14, ''),
(102, 'General Trading', 'General-Trading', '', 10, 15, ''),
(103, 'Government & Public Sector', 'Government-Public-Sector', '', 10, 16, ''),
(104, 'Healthcare, Hospital & Medical Services', 'Healthcare-Hospital-Medical-Services', '', 10, 17, ''),
(105, 'Insurance', 'Insurance', '', 10, 18, ''),
(106, 'IT, Software & Internet Services', 'IT-Software-Internet-Services', '', 10, 19, ''),
(107, 'Legal Profession', 'Legal-Profession', '', 10, 20, ''),
(108, 'Management Consulting', 'Management-Consulting', '', 10, 21, ''),
(109, 'Manufacturing', 'Manufacturing', '', 10, 22, ''),
(110, 'Marketing, Advertising & PR', 'Marketing-Advertising-PR', '', 10, 23, ''),
(111, 'Media & Entertainment', 'Media-Entertainment', '', 10, 24, ''),
(112, 'Oil & Gas', 'Oil-Gas', '', 10, 25, ''),
(113, 'Printing & Publishing', 'Printing-Publishing', '', 10, 26, ''),
(114, 'Real Estate', 'Real-Estate', '', 10, 27, ''),
(115, 'Recruitment & HR', 'Recruitment-HR', '', 10, 28, ''),
(116, 'Retail', 'Retail', '', 10, 29, ''),
(117, 'Shipping & Freight', 'Shipping-Freight', '', 10, 30, ''),
(118, 'Telecom', 'Telecom', '', 10, 31, ''),
(119, 'Transport, Distribution & Logistics', 'Transport-Distribution-Logistics', '', 10, 32, ''),
(120, 'Travel, Hotels & Tourism', 'Travel-Hotels-Tourism', '', 10, 33, ''),
(121, 'Water, Power & Utilities', 'Water-Power-Utilities', '', 10, 34, ''),
(122, 'Sales', 'Sales', '', 10, 35, ''),
(123, 'Jobs Wanted', 'Jobs-Wanted', '', 10, 36, ''),
(124, 'Baby Items & Kids Stuff', 'Baby-Items-Kids-Stuff', '', 19, 1, 'fa-heart'),
(125, 'Books', 'Books', '', 19, 2, ''),
(126, 'Business & Industrial', 'Business-Industrial', '', 19, 3, ''),
(127, 'Cameras & Imaging', 'Cameras-Imaging', '', 19, 4, ''),
(128, 'Clothing & Accessories', 'Clothing-Accessories', '', 19, 5, ''),
(129, 'Collectibles', 'Collectibles', '', 19, 6, ''),
(130, 'Computers & Networking', 'Computers-Networking', '', 19, 7, ''),
(131, 'DVDs & Movies', 'DVDs-Movies', '', 19, 8, ''),
(132, 'Electronics', 'Electronics', '', 19, 9, ''),
(133, 'Free Stuff', 'Free-Stuff', '', 19, 10, ''),
(134, 'Gaming', 'Gaming', '', 19, 11, ''),
(135, 'Home Appliances', 'Home-Appliances', '', 19, 12, ''),
(136, 'Jewelry & Watches', 'Jewelry-Watches', '', 19, 13, ''),
(137, 'Lost/Found', 'Lost-Found', '', 19, 14, ''),
(138, 'Miscellaneous', 'Miscellaneous', '', 19, 15, ''),
(139, 'Music', 'Music', '', 19, 16, ''),
(140, 'Musical Instruments', 'Musical-Instruments', '', 19, 17, ''),
(141, 'Stuff Wanted', 'Stuff-Wanted', '', 19, 18, ''),
(142, 'Tickets & Vouchers', 'Tickets-Vouchers', '', 19, 19, ''),
(143, 'toys', 'toys', '', 19, 20, ''),
(144, 'Car Number', 'Car-Number', '', 7, 13, 'fa-glass'),
(145, 'Mobile Numbers', 'Mobile-Numbers-1465969952', '', 19, 21, '');

-- --------------------------------------------------------

--
-- Table structure for table `transaction`
--

CREATE TABLE IF NOT EXISTS `transaction` (
  `id` int(11) NOT NULL,
  `user_id` int(11) DEFAULT NULL,
  `status` int(11) DEFAULT NULL,
  `created_date` timestamp NULL DEFAULT CURRENT_TIMESTAMP
) ENGINE=InnoDB DEFAULT CHARSET=latin1;

-- --------------------------------------------------------

--
-- Table structure for table `trial`
--

CREATE TABLE IF NOT EXISTS `trial` (
  `id` int(11) NOT NULL,
  `created_date` timestamp NULL DEFAULT NULL ON UPDATE CURRENT_TIMESTAMP
) ENGINE=InnoDB AUTO_INCREMENT=131 DEFAULT CHARSET=latin1;

--
-- Dumping data for table `trial`
--

INSERT INTO `trial` (`id`, `created_date`) VALUES
(1, NULL),
(2, NULL),
(3, NULL),
(4, NULL),
(5, '2016-02-18 03:40:23'),
(6, '2016-02-19 00:00:02'),
(7, '2016-02-20 00:00:01'),
(8, '2016-02-21 00:00:01'),
(9, '2016-02-22 00:00:01'),
(10, '2016-02-23 00:00:01'),
(11, '2016-02-24 00:00:01'),
(12, '2016-02-25 00:00:01'),
(13, '2016-02-26 00:00:02'),
(14, '2016-02-27 00:00:01'),
(15, '2016-02-28 00:00:01'),
(16, '2016-02-29 00:00:01'),
(17, '2016-03-01 00:00:01'),
(18, '2016-03-02 00:00:01'),
(19, '2016-03-03 00:00:01'),
(20, '2016-03-04 00:00:01'),
(21, '2016-03-05 00:00:01'),
(22, '2016-03-06 00:00:01'),
(23, '2016-03-07 00:00:01'),
(24, '2016-03-08 00:00:01'),
(25, '2016-03-09 00:00:01'),
(26, '2016-03-09 05:24:29'),
(27, '2016-03-09 05:25:15'),
(28, '2016-03-09 05:25:36'),
(29, '2016-03-09 05:26:10'),
(30, '2016-03-09 05:26:30'),
(31, '2016-03-09 05:27:22'),
(32, '2016-03-09 05:28:22'),
(33, '2016-03-09 05:28:58'),
(34, '2016-03-09 05:29:56'),
(35, '2016-03-09 05:30:48'),
(36, '2016-03-09 05:32:03'),
(37, '2016-03-09 05:32:24'),
(38, '2016-03-09 05:32:33'),
(39, '2016-03-09 05:33:55'),
(40, '2016-03-09 05:34:43'),
(41, '2016-03-09 05:34:45'),
(42, '2016-03-10 00:00:02'),
(43, '2016-03-11 00:00:01'),
(44, '2016-03-12 00:00:01'),
(45, '2016-03-13 00:00:01'),
(46, '2016-03-14 00:00:01'),
(47, '2016-03-15 00:00:01'),
(48, '2016-03-16 00:00:01'),
(49, '2016-03-17 00:00:01'),
(50, '2016-03-18 00:00:01'),
(51, '2016-03-19 00:00:01'),
(52, '2016-03-20 00:00:01'),
(53, '2016-03-21 00:00:01'),
(54, '2016-03-22 00:00:01'),
(55, '2016-03-23 00:00:01'),
(56, '2016-03-24 00:00:01'),
(57, '2016-03-25 00:00:01'),
(58, '2016-03-26 00:00:01'),
(59, '2016-03-27 00:00:01'),
(60, '2016-03-28 00:00:02'),
(61, '2016-03-29 00:00:01'),
(62, '2016-03-30 00:00:01'),
(63, '2016-03-31 00:00:01'),
(64, '2016-04-01 00:00:01'),
(65, '2016-04-02 00:00:01'),
(66, '2016-04-03 00:00:02'),
(67, '2016-04-04 00:00:02'),
(68, '2016-04-05 00:00:01'),
(69, '2016-04-06 00:00:01'),
(70, '2016-04-07 00:00:01'),
(71, '2016-04-08 00:00:01'),
(72, '2016-04-09 00:00:01'),
(73, '2016-04-10 00:00:01'),
(74, '2016-04-11 00:00:01'),
(75, '2016-04-14 00:00:02'),
(76, '2016-04-15 00:00:01'),
(77, '2016-04-16 00:00:02'),
(78, '2016-04-17 00:00:01'),
(79, '2016-04-18 00:00:02'),
(80, '2016-04-19 00:00:01'),
(81, '2016-04-20 00:00:01'),
(82, '2016-04-21 00:00:01'),
(83, '2016-04-22 00:00:01'),
(84, '2016-04-23 00:00:02'),
(85, '2016-04-24 00:00:01'),
(86, '2016-04-25 00:00:01'),
(87, '2016-04-26 00:00:01'),
(88, '2016-04-27 00:00:02'),
(89, '2016-04-28 00:00:01'),
(90, '2016-04-29 00:00:02'),
(91, '2016-04-30 00:00:01'),
(92, '2016-05-01 00:00:02'),
(93, '2016-05-02 00:00:01'),
(94, '2016-05-03 00:00:02'),
(95, '2016-05-04 00:00:01'),
(96, '2016-05-05 00:00:02'),
(97, '2016-05-06 00:00:01'),
(98, '2016-05-07 00:00:01'),
(99, '2016-05-08 00:00:01'),
(100, '2016-05-09 00:00:01'),
(101, '2016-05-10 00:00:02'),
(102, '2016-05-11 00:00:02'),
(103, '2016-05-12 00:00:01'),
(104, '2016-05-13 00:00:01'),
(105, '2016-05-14 00:00:01'),
(106, '2016-05-15 00:00:01'),
(107, '2016-05-16 00:00:01'),
(108, '2016-05-17 00:00:01'),
(109, '2016-05-18 00:00:01'),
(110, '2016-05-19 00:00:01'),
(111, '2016-05-20 00:00:01'),
(112, '2016-05-21 00:00:01'),
(113, '2016-05-22 00:00:01'),
(114, '2016-05-23 00:00:01'),
(115, '2016-05-24 00:00:01'),
(116, '2016-05-25 00:00:01'),
(117, '2016-05-26 00:00:01'),
(118, '2016-05-27 00:00:02'),
(119, '2016-05-28 00:00:01'),
(120, '2016-05-29 00:00:01'),
(121, '2016-05-30 00:00:01'),
(122, '2016-05-31 00:00:01'),
(123, '2016-06-01 00:00:02'),
(124, '2016-06-02 00:00:01'),
(125, '2016-06-03 00:00:02'),
(126, '2016-06-04 00:00:01'),
(127, '2016-06-05 00:00:02'),
(128, '2016-06-06 00:00:01'),
(129, '2016-06-07 00:00:01'),
(130, '2016-09-03 13:35:24');

-- --------------------------------------------------------

--
-- Table structure for table `updated_deactivate_ads`
--

CREATE TABLE IF NOT EXISTS `updated_deactivate_ads` (
  `id` int(11) NOT NULL,
  `product_id` int(11) DEFAULT NULL,
  `inserted_date` timestamp NULL DEFAULT CURRENT_TIMESTAMP,
  `ad_availability` int(11) DEFAULT NULL,
  `is_delete` int(11) DEFAULT NULL,
  `admin_modified_at` datetime DEFAULT NULL
) ENGINE=InnoDB DEFAULT CHARSET=latin1;

-- --------------------------------------------------------

--
-- Table structure for table `user`
--

CREATE TABLE IF NOT EXISTS `user` (
  `user_id` int(11) NOT NULL,
  `user_slug` text,
  `login_token` longtext CHARACTER SET latin1,
  `email_id` varchar(50) CHARACTER SET latin1 DEFAULT NULL,
  `facebook_id` varchar(50) CHARACTER SET latin1 DEFAULT NULL,
  `twitter_id` varchar(50) CHARACTER SET latin1 DEFAULT NULL,
  `google_id` varchar(50) CHARACTER SET latin1 DEFAULT NULL,
  `profile_picture` varchar(32) CHARACTER SET latin1 DEFAULT NULL,
  `cover_picture` varchar(32) CHARACTER SET latin1 DEFAULT NULL,
  `username` varchar(32) CHARACTER SET latin1 DEFAULT NULL,
  `first_name` varchar(50) CHARACTER SET latin1 DEFAULT '',
  `last_name` varchar(50) CHARACTER SET latin1 DEFAULT '',
  `phone` varchar(32) CHARACTER SET latin1 DEFAULT NULL,
  `password` varchar(200) CHARACTER SET latin1 NOT NULL DEFAULT '',
  `userAdsLeft` int(11) DEFAULT '15',
  `userTotalAds` int(11) DEFAULT '15' COMMENT 'by default 15 ads given to user',
  `paypal_id` varchar(32) CHARACTER SET latin1 DEFAULT NULL,
  `device_type` tinyint(1) DEFAULT NULL,
  `device_identifier` varchar(255) CHARACTER SET latin1 DEFAULT NULL,
  `followers_count` int(11) DEFAULT NULL,
  `following_count` int(11) DEFAULT NULL,
  `total_posts` int(11) DEFAULT NULL,
  `total_favorite` int(50) DEFAULT NULL,
  `total_likes` int(50) DEFAULT NULL,
  `address` varchar(200) CHARACTER SET latin1 DEFAULT NULL,
  `city` varchar(32) CHARACTER SET latin1 DEFAULT 'Dubai',
  `state` int(11) DEFAULT NULL,
  `country` int(11) DEFAULT NULL,
  `contact_number` varchar(20) CHARACTER SET latin1 DEFAULT NULL,
  `facebook_social_link` text CHARACTER SET latin1,
  `twitter_social_link` text CHARACTER SET latin1,
  `instagram_social_link` text CHARACTER SET latin1,
  `total_ads_credits` varchar(50) CHARACTER SET latin1 DEFAULT NULL,
  `user_block` varchar(50) CHARACTER SET latin1 DEFAULT '0',
  `last_logged_in` datetime DEFAULT NULL,
  `user_current_api_version` double DEFAULT NULL,
  `status` enum('active','inactive') CHARACTER SET latin1 DEFAULT 'inactive',
  `user_role` enum('superadmin','admin','storeUser','offerUser','generalUser') CHARACTER SET latin1 DEFAULT NULL,
  `is_registered` int(2) DEFAULT '0',
  `user_register_date` timestamp NOT NULL DEFAULT CURRENT_TIMESTAMP,
  `date_of_birth` date DEFAULT NULL,
  `gender` int(11) DEFAULT '1' COMMENT '1 male 0 female',
  `is_delete` int(1) NOT NULL DEFAULT '2' COMMENT '0 for Agree Terms ,1 for isDelete is true ,2 for user not AgreeTerms,3 hold store,4 block user,5 user select store user and has to fill create store form,6 not approve store by admin',
  `from_date` date DEFAULT NULL,
  `to_date` date DEFAULT NULL,
  `nick_name` varchar(50) DEFAULT NULL,
  `nationality` int(11) DEFAULT NULL,
  `chat_notification` int(11) DEFAULT '0',
  `insert_from` varchar(15) DEFAULT NULL COMMENT 'web if user register from web',
  `update_from` varchar(15) DEFAULT NULL COMMENT 'web if user update from web'
) ENGINE=InnoDB AUTO_INCREMENT=478 DEFAULT CHARSET=utf8 ROW_FORMAT=COMPACT;

--
-- Dumping data for table `user`
--

INSERT INTO `user` (`user_id`, `user_slug`, `login_token`, `email_id`, `facebook_id`, `twitter_id`, `google_id`, `profile_picture`, `cover_picture`, `username`, `first_name`, `last_name`, `phone`, `password`, `userAdsLeft`, `userTotalAds`, `paypal_id`, `device_type`, `device_identifier`, `followers_count`, `following_count`, `total_posts`, `total_favorite`, `total_likes`, `address`, `city`, `state`, `country`, `contact_number`, `facebook_social_link`, `twitter_social_link`, `instagram_social_link`, `total_ads_credits`, `user_block`, `last_logged_in`, `user_current_api_version`, `status`, `user_role`, `is_registered`, `user_register_date`, `date_of_birth`, `gender`, `is_delete`, `from_date`, `to_date`, `nick_name`, `nationality`, `chat_notification`, `insert_from`, `update_from`) VALUES
(1, 'pu.narola-20160611052647', 'a12cb1e9eae9b9501ee038408eea46bdba7e7bde1f0195331eec4d021f631bfc', 'doukani0adonis@gmail.com', NULL, NULL, NULL, '1465880450.png', '1465900044.png', 'doukani', 'admin', '', 'sdfasdf', 'bc1bcc8edb7c876d9f0ad2ef959a918c', 15, 15, NULL, 1, 'token', 3, 0, 0, 0, 0, 'awergaewr rgawrgasrg', '', 3796, 4, 'sdfasdf', 'sdgfase', 'drftgsergr', 'sdfASdf', '', '0', '2016-09-17 06:54:38', 0, 'active', 'superadmin', 0, '0000-00-00 00:00:00', '1993-01-01', 1, 0, '2016-09-01', '2016-09-30', 'dok', NULL, 1, NULL, 'web'),
(467, 'jignesh-568517', NULL, 'kek1@narola.email', NULL, NULL, NULL, '1473652826.jpg', NULL, 'jignesh', 'Jignesh', 'Mistry', '9824459970', 'e10adc3949ba59abbe56e057f20f883e', 13, 15, NULL, NULL, NULL, NULL, 1, NULL, NULL, NULL, '', '', 3798, 4, '9824459970', NULL, NULL, NULL, NULL, '0', '2016-09-16 05:25:25', NULL, 'active', 'generalUser', 0, '2016-09-12 03:55:15', '2016-09-01', 1, 0, '2016-09-12', '2016-10-12', '', 86, 1, 'web', 'web'),
(468, 'Narola-Demo-112412', 'EAAX5gjhFxnQBAKP0CSng1MAIT3ZB249ixNfURl760vXuh7ftIvlB1jW9BZAt3prCqCFyCB2QTxYvaXhX4yMXyRg7QRmb0jQH902EXM4ZAqF1aNfWuWJs4ZAPBZCqnMdZBiTuT5yviq9AIw3mIZCwyGjKIzswPq1N9sZD', 'demo.narola@gmail.com', '846409792101479', NULL, '', NULL, NULL, 'NarolaDemo', 'Narola', 'Demo', '5456415132', 'e10adc3949ba59abbe56e057f20f883e', 14, 15, NULL, NULL, NULL, NULL, NULL, NULL, NULL, NULL, 'Adajan, Surat ', '', 3800, 4, '5456415132', NULL, NULL, NULL, NULL, '0', '2016-09-13 11:08:41', NULL, 'active', 'generalUser', 0, '2016-09-13 03:51:04', '2016-09-06', 1, 0, '2016-09-13', '2016-09-30', 'FBNaroala', 86, 0, 'web', 'web'),
(476, 'keknarola-126576', NULL, 'kek@narola.email', NULL, NULL, NULL, NULL, NULL, 'keknarola', ' keknarola', 'keknarola', '9726249988', 'e10adc3949ba59abbe56e057f20f883e', 7, 7, NULL, NULL, NULL, NULL, NULL, NULL, NULL, NULL, '', '', 3797, 4, '9726249988', '', '', '', NULL, '0', '2016-09-17 06:31:21', NULL, 'active', 'storeUser', 0, '2016-09-17 04:47:23', '2016-09-04', 0, 0, '2016-09-17', '2016-10-17', '', 4, 0, 'web', 'web'),
(477, 'rahul-412084', NULL, 'rp@narola.email', NULL, NULL, NULL, '1474090928.jpg', NULL, 'rahul', 'prahul', 'rahulp', '56566566556', 'e10adc3949ba59abbe56e057f20f883e', 7, 7, NULL, NULL, NULL, NULL, NULL, NULL, NULL, NULL, '', '', 3799, 4, '56566566556', '', '', '', NULL, '0', '2016-09-17 05:47:27', NULL, 'active', 'storeUser', 0, '2016-09-17 04:52:15', '2016-09-01', 1, 0, '2016-09-17', '2016-10-17', '', 86, 0, 'web', 'web');

-- --------------------------------------------------------

--
-- Table structure for table `user_mark_sold`
--

CREATE TABLE IF NOT EXISTS `user_mark_sold` (
  `mark_sold_id` int(11) NOT NULL,
  `user_id` int(11) DEFAULT NULL,
  `product_id` int(11) DEFAULT NULL,
  `created_at` timestamp NOT NULL DEFAULT CURRENT_TIMESTAMP
) ENGINE=InnoDB DEFAULT CHARSET=latin1;

-- --------------------------------------------------------

--
-- Table structure for table `user_old_data`
--

CREATE TABLE IF NOT EXISTS `user_old_data` (
  `id` int(11) NOT NULL,
  `user_id` int(11) DEFAULT NULL,
  `from_date` date DEFAULT NULL,
  `to_date` date DEFAULT NULL,
  `total_ads` int(11) DEFAULT NULL,
  `ads_left` int(11) DEFAULT NULL,
  `created_at` timestamp NOT NULL DEFAULT CURRENT_TIMESTAMP
) ENGINE=InnoDB DEFAULT CHARSET=latin1;

-- --------------------------------------------------------

--
-- Table structure for table `user_permission`
--

CREATE TABLE IF NOT EXISTS `user_permission` (
  `user_permission_id` int(32) NOT NULL,
  `user_id` int(32) NOT NULL,
  `permission` varchar(500) DEFAULT NULL
) ENGINE=InnoDB AUTO_INCREMENT=14 DEFAULT CHARSET=latin1;

-- --------------------------------------------------------

--
-- Table structure for table `user_shopping_cart`
--

CREATE TABLE IF NOT EXISTS `user_shopping_cart` (
  `id` int(11) NOT NULL,
  `user_id` int(11) DEFAULT NULL,
  `cart_data` text,
  `created_date` timestamp NULL DEFAULT CURRENT_TIMESTAMP
) ENGINE=InnoDB DEFAULT CHARSET=latin1;

-- --------------------------------------------------------

--
-- Table structure for table `view_product`
--

CREATE TABLE IF NOT EXISTS `view_product` (
  `product_id` int(11) NOT NULL DEFAULT '0',
  `user_id` int(11) NOT NULL DEFAULT '0'
) ENGINE=InnoDB DEFAULT CHARSET=latin1;

--
-- Triggers `view_product`
--
DELIMITER $$
CREATE TRIGGER `update_view_insert` AFTER INSERT ON `view_product`
 FOR EACH ROW Begin
Update product set product_total_views = product_total_views+1 where product_id = new.product_id;
End
$$
DELIMITER ;

--
-- Indexes for dumped tables
--

--
-- Indexes for table `app_content`
--
ALTER TABLE `app_content`
  ADD PRIMARY KEY (`content_id`);

--
-- Indexes for table `banner_cnt_duration`
--
ALTER TABLE `banner_cnt_duration`
  ADD PRIMARY KEY (`duration_id`);

--
-- Indexes for table `block_product`
--
ALTER TABLE `block_product`
  ADD PRIMARY KEY (`block_product_id`);

--
-- Indexes for table `brand`
--
ALTER TABLE `brand`
  ADD PRIMARY KEY (`brand_id`);

--
-- Indexes for table `buyer_seller_conversation`
--
ALTER TABLE `buyer_seller_conversation`
  ADD PRIMARY KEY (`con_id`),
  ADD KEY `product_id` (`product_id`),
  ADD KEY `sender_id` (`sender_id`),
  ADD KEY `receiver_id` (`receiver_id`);

--
-- Indexes for table `car_mobile_numbers`
--
ALTER TABLE `car_mobile_numbers`
  ADD PRIMARY KEY (`id`),
  ADD KEY `car_product_id` (`product_id`),
  ADD KEY `car_number_for` (`number_for`);

--
-- Indexes for table `category`
--
ALTER TABLE `category`
  ADD PRIMARY KEY (`category_id`),
  ADD KEY `category_slug_index` (`category_slug`),
  ADD KEY `category_id` (`category_id`);

--
-- Indexes for table `category_banner`
--
ALTER TABLE `category_banner`
  ADD PRIMARY KEY (`cat_ban_id`),
  ADD KEY `cat_ban_id` (`cat_ban_id`),
  ADD KEY `ban_category_id` (`category_id`),
  ADD KEY `ban_sub_category_id` (`sub_category_id`);

--
-- Indexes for table `color`
--
ALTER TABLE `color`
  ADD PRIMARY KEY (`id`),
  ADD KEY `color_name` (`name`);

--
-- Indexes for table `comment`
--
ALTER TABLE `comment`
  ADD PRIMARY KEY (`comment_id`);

--
-- Indexes for table `contact_us`
--
ALTER TABLE `contact_us`
  ADD PRIMARY KEY (`id`);

--
-- Indexes for table `country`
--
ALTER TABLE `country`
  ADD PRIMARY KEY (`country_id`);

--
-- Indexes for table `custom_banner`
--
ALTER TABLE `custom_banner`
  ADD PRIMARY KEY (`ban_id`),
  ADD KEY `ban_ban_id` (`ban_id`);

--
-- Indexes for table `deactivated_products`
--
ALTER TABLE `deactivated_products`
  ADD PRIMARY KEY (`id`);

--
-- Indexes for table `faq`
--
ALTER TABLE `faq`
  ADD PRIMARY KEY (`faq_id`),
  ADD KEY `faq_id` (`faq_id`);

--
-- Indexes for table `favourite_product`
--
ALTER TABLE `favourite_product`
  ADD PRIMARY KEY (`favorite_id`),
  ADD KEY `fk_favorite_user` (`user_id`),
  ADD KEY `fk_favorite_product` (`product_id`);

--
-- Indexes for table `featureads`
--
ALTER TABLE `featureads`
  ADD PRIMARY KEY (`id`),
  ADD KEY `Feature_productFK` (`product_id`),
  ADD KEY `Feature_userFK` (`User_Id`),
  ADD KEY `Feature_categoryFK` (`cat_id`);

--
-- Indexes for table `featured_stores`
--
ALTER TABLE `featured_stores`
  ADD PRIMARY KEY (`featured_store_id`),
  ADD KEY `store_id` (`store_id`),
  ADD KEY `fea_start_date` (`start_date`),
  ADD KEY `fea_end_date` (`end_date`);

--
-- Indexes for table `followed_seller`
--
ALTER TABLE `followed_seller`
  ADD PRIMARY KEY (`follow_id`),
  ADD KEY `fk_follower_user` (`user_id`),
  ADD KEY `fk_following_user` (`seller_id`);

--
-- Indexes for table `hook_insert`
--
ALTER TABLE `hook_insert`
  ADD PRIMARY KEY (`id`);

--
-- Indexes for table `image_cron_process`
--
ALTER TABLE `image_cron_process`
  ADD PRIMARY KEY (`cron_id`),
  ADD KEY `product_id` (`product_id`);

--
-- Indexes for table `inquiry`
--
ALTER TABLE `inquiry`
  ADD PRIMARY KEY (`inquiry_id`),
  ADD KEY `fk_product_inquiry` (`product_id`);

--
-- Indexes for table `inquiry_message`
--
ALTER TABLE `inquiry_message`
  ADD PRIMARY KEY (`message_id`),
  ADD KEY `fk_postedby_user` (`message_posted_by`),
  ADD KEY `fk_sentto_user` (`message_sent_to`),
  ADD KEY `fk_inq_mess_inquiry` (`inquiry_id`) USING BTREE;

--
-- Indexes for table `inquiry_message_old`
--
ALTER TABLE `inquiry_message_old`
  ADD PRIMARY KEY (`message_id`);

--
-- Indexes for table `inquiry_old`
--
ALTER TABLE `inquiry_old`
  ADD PRIMARY KEY (`inquiry_id`);

--
-- Indexes for table `inquiry_support_request`
--
ALTER TABLE `inquiry_support_request`
  ADD PRIMARY KEY (`request_id`);

--
-- Indexes for table `like_product`
--
ALTER TABLE `like_product`
  ADD PRIMARY KEY (`like_id`),
  ADD KEY `fk_like_user` (`user_id`),
  ADD KEY `fk_like_product` (`product_id`);

--
-- Indexes for table `mileage`
--
ALTER TABLE `mileage`
  ADD PRIMARY KEY (`mileage_id`);

--
-- Indexes for table `mobile_operators`
--
ALTER TABLE `mobile_operators`
  ADD PRIMARY KEY (`id`);

--
-- Indexes for table `model`
--
ALTER TABLE `model`
  ADD PRIMARY KEY (`model_id`);

--
-- Indexes for table `model_variant`
--
ALTER TABLE `model_variant`
  ADD PRIMARY KEY (`model_variant_id`,`name`);

--
-- Indexes for table `nationality`
--
ALTER TABLE `nationality`
  ADD PRIMARY KEY (`nation_id`),
  ADD KEY `nation_id` (`nation_id`);

--
-- Indexes for table `offers`
--
ALTER TABLE `offers`
  ADD PRIMARY KEY (`offer_id`),
  ADD KEY `FK_offers_store_id` (`store_id`);

--
-- Indexes for table `orders`
--
ALTER TABLE `orders`
  ADD PRIMARY KEY (`id`),
  ADD KEY `id` (`id`),
  ADD KEY `order_number` (`order_number`),
  ADD KEY `address_id` (`address_id`),
  ADD KEY `transaction_id` (`transaction_id`);

--
-- Indexes for table `order_status`
--
ALTER TABLE `order_status`
  ADD PRIMARY KEY (`id`);

--
-- Indexes for table `pages_cms`
--
ALTER TABLE `pages_cms`
  ADD PRIMARY KEY (`page_id`),
  ADD KEY `page_id` (`page_id`),
  ADD KEY `page_title` (`page_title`);

--
-- Indexes for table `permission_master`
--
ALTER TABLE `permission_master`
  ADD PRIMARY KEY (`permission_id`);

--
-- Indexes for table `phpmysqlautobackup`
--
ALTER TABLE `phpmysqlautobackup`
  ADD PRIMARY KEY (`id`);

--
-- Indexes for table `phpmysqlautobackup_log`
--
ALTER TABLE `phpmysqlautobackup_log`
  ADD PRIMARY KEY (`date`);

--
-- Indexes for table `plate_digit`
--
ALTER TABLE `plate_digit`
  ADD PRIMARY KEY (`id`);

--
-- Indexes for table `plate_prefix`
--
ALTER TABLE `plate_prefix`
  ADD PRIMARY KEY (`id`);

--
-- Indexes for table `plate_source`
--
ALTER TABLE `plate_source`
  ADD PRIMARY KEY (`id`);

--
-- Indexes for table `product`
--
ALTER TABLE `product`
  ADD PRIMARY KEY (`product_id`),
  ADD KEY `fk_category_product` (`category_id`),
  ADD KEY `fk_user_product` (`product_posted_by`),
  ADD KEY `product_slug` (`product_slug`(255)),
  ADD KEY `product_price` (`product_price`),
  ADD KEY `product_for` (`product_for`),
  ADD KEY `total_stock` (`total_stock`),
  ADD KEY `stock_availability` (`stock_availability`),
  ADD KEY `sub_category_id` (`sub_category_id`),
  ADD KEY `is_delete` (`is_delete`),
  ADD KEY `product_deactivate` (`product_deactivate`);

--
-- Indexes for table `products_images`
--
ALTER TABLE `products_images`
  ADD PRIMARY KEY (`product_image_id`),
  ADD KEY `fk_image_product` (`product_id`),
  ADD KEY `product_id` (`product_id`),
  ADD KEY `product_image_id` (`product_image_id`);

--
-- Indexes for table `product_followers`
--
ALTER TABLE `product_followers`
  ADD PRIMARY KEY (`user_id`,`product_id`),
  ADD KEY `fk_product_follower` (`product_id`),
  ADD KEY `fk_user_follower` (`user_id`);

--
-- Indexes for table `product_old_data`
--
ALTER TABLE `product_old_data`
  ADD PRIMARY KEY (`id`);

--
-- Indexes for table `product_orders`
--
ALTER TABLE `product_orders`
  ADD PRIMARY KEY (`id`),
  ADD KEY `id` (`id`),
  ADD KEY `product_id` (`product_id`),
  ADD KEY `order_id` (`order_id`),
  ADD KEY `user_id` (`user_id`);

--
-- Indexes for table `product_realestate_extras`
--
ALTER TABLE `product_realestate_extras`
  ADD PRIMARY KEY (`id`),
  ADD KEY `Fk_Real_pid` (`product_id`);

--
-- Indexes for table `product_stock_track`
--
ALTER TABLE `product_stock_track`
  ADD PRIMARY KEY (`id`);

--
-- Indexes for table `product_vehicles_extras`
--
ALTER TABLE `product_vehicles_extras`
  ADD PRIMARY KEY (`id`),
  ADD KEY `Fk_product_id` (`product_id`);

--
-- Indexes for table `push_notifications`
--
ALTER TABLE `push_notifications`
  ADD PRIMARY KEY (`notification_id`);

--
-- Indexes for table `push_notified_users`
--
ALTER TABLE `push_notified_users`
  ADD PRIMARY KEY (`push_noti_id`),
  ADD KEY `user_id` (`user_id`);

--
-- Indexes for table `repeating_numbers`
--
ALTER TABLE `repeating_numbers`
  ADD PRIMARY KEY (`id`);

--
-- Indexes for table `reportedads`
--
ALTER TABLE `reportedads`
  ADD PRIMARY KEY (`id`),
  ADD KEY `fb_productis` (`productid`),
  ADD KEY `fb_user` (`userid`);

--
-- Indexes for table `repost`
--
ALTER TABLE `repost`
  ADD PRIMARY KEY (`id`),
  ADD KEY `fkuserid` (`userid`),
  ADD KEY `fkproductid` (`productid`);

--
-- Indexes for table `seller_shipping_cost`
--
ALTER TABLE `seller_shipping_cost`
  ADD PRIMARY KEY (`id`);

--
-- Indexes for table `send_msg_seller`
--
ALTER TABLE `send_msg_seller`
  ADD PRIMARY KEY (`id`);

--
-- Indexes for table `settings`
--
ALTER TABLE `settings`
  ADD PRIMARY KEY (`id`),
  ADD KEY `key` (`key`),
  ADD KEY `val` (`val`(767));

--
-- Indexes for table `shipping_address`
--
ALTER TABLE `shipping_address`
  ADD PRIMARY KEY (`id`),
  ADD KEY `id` (`id`),
  ADD KEY `user_id` (`user_id`);

--
-- Indexes for table `state`
--
ALTER TABLE `state`
  ADD PRIMARY KEY (`state_id`),
  ADD KEY `FK_states_country` (`country_id`);

--
-- Indexes for table `store`
--
ALTER TABLE `store`
  ADD PRIMARY KEY (`store_id`),
  ADD KEY `store_owner` (`store_owner`),
  ADD KEY `store_domain` (`store_domain`),
  ADD KEY `store_is_inappropriate` (`store_is_inappropriate`),
  ADD KEY `category_id` (`category_id`),
  ADD KEY `sub_category_id` (`sub_category_id`),
  ADD KEY `store_status` (`store_status`);

--
-- Indexes for table `store_product`
--
ALTER TABLE `store_product`
  ADD PRIMARY KEY (`store_product_id`);

--
-- Indexes for table `store_product_image`
--
ALTER TABLE `store_product_image`
  ADD PRIMARY KEY (`store_product_image_id`);

--
-- Indexes for table `subscription`
--
ALTER TABLE `subscription`
  ADD PRIMARY KEY (`subscription_id`);

--
-- Indexes for table `sub_category`
--
ALTER TABLE `sub_category`
  ADD PRIMARY KEY (`sub_category_id`),
  ADD KEY `subcategory_slug_index` (`sub_category_slug`),
  ADD KEY `category_id` (`category_id`);

--
-- Indexes for table `transaction`
--
ALTER TABLE `transaction`
  ADD PRIMARY KEY (`id`),
  ADD KEY `user_id` (`user_id`);

--
-- Indexes for table `trial`
--
ALTER TABLE `trial`
  ADD PRIMARY KEY (`id`);

--
-- Indexes for table `updated_deactivate_ads`
--
ALTER TABLE `updated_deactivate_ads`
  ADD PRIMARY KEY (`id`);

--
-- Indexes for table `user`
--
ALTER TABLE `user`
  ADD PRIMARY KEY (`user_id`),
  ADD KEY `user_slug` (`user_slug`(100)),
  ADD KEY `is_delete` (`is_delete`),
  ADD KEY `userAdsLeft` (`userAdsLeft`),
  ADD KEY `userTotalAds` (`userTotalAds`),
  ADD KEY `user_is_delete` (`is_delete`),
  ADD KEY `status` (`status`);

--
-- Indexes for table `user_mark_sold`
--
ALTER TABLE `user_mark_sold`
  ADD PRIMARY KEY (`mark_sold_id`);

--
-- Indexes for table `user_old_data`
--
ALTER TABLE `user_old_data`
  ADD PRIMARY KEY (`id`);

--
-- Indexes for table `user_permission`
--
ALTER TABLE `user_permission`
  ADD PRIMARY KEY (`user_permission_id`),
  ADD KEY `FK_user_permission_1` (`user_id`);

--
-- Indexes for table `user_shopping_cart`
--
ALTER TABLE `user_shopping_cart`
  ADD PRIMARY KEY (`id`),
  ADD KEY `user_id` (`user_id`);

--
-- Indexes for table `view_product`
--
ALTER TABLE `view_product`
  ADD PRIMARY KEY (`user_id`,`product_id`),
  ADD KEY `fk_view_product` (`product_id`),
  ADD KEY `fk_view_user` (`user_id`);

--
-- AUTO_INCREMENT for dumped tables
--

--
-- AUTO_INCREMENT for table `app_content`
--
ALTER TABLE `app_content`
  MODIFY `content_id` int(32) NOT NULL AUTO_INCREMENT;
--
-- AUTO_INCREMENT for table `banner_cnt_duration`
--
ALTER TABLE `banner_cnt_duration`
  MODIFY `duration_id` int(11) NOT NULL AUTO_INCREMENT;
--
-- AUTO_INCREMENT for table `block_product`
--
ALTER TABLE `block_product`
  MODIFY `block_product_id` int(11) NOT NULL AUTO_INCREMENT;
--
-- AUTO_INCREMENT for table `brand`
--
ALTER TABLE `brand`
  MODIFY `brand_id` int(11) NOT NULL AUTO_INCREMENT,AUTO_INCREMENT=156;
--
-- AUTO_INCREMENT for table `buyer_seller_conversation`
--
ALTER TABLE `buyer_seller_conversation`
  MODIFY `con_id` int(11) NOT NULL AUTO_INCREMENT,AUTO_INCREMENT=21;
--
-- AUTO_INCREMENT for table `car_mobile_numbers`
--
ALTER TABLE `car_mobile_numbers`
  MODIFY `id` int(11) NOT NULL AUTO_INCREMENT;
--
-- AUTO_INCREMENT for table `category`
--
ALTER TABLE `category`
  MODIFY `category_id` int(11) NOT NULL AUTO_INCREMENT,AUTO_INCREMENT=29;
--
-- AUTO_INCREMENT for table `category_banner`
--
ALTER TABLE `category_banner`
  MODIFY `cat_ban_id` int(11) NOT NULL AUTO_INCREMENT;
--
-- AUTO_INCREMENT for table `color`
--
ALTER TABLE `color`
  MODIFY `id` int(11) NOT NULL AUTO_INCREMENT,AUTO_INCREMENT=106;
--
-- AUTO_INCREMENT for table `comment`
--
ALTER TABLE `comment`
  MODIFY `comment_id` int(32) NOT NULL AUTO_INCREMENT;
--
-- AUTO_INCREMENT for table `contact_us`
--
ALTER TABLE `contact_us`
  MODIFY `id` int(11) NOT NULL AUTO_INCREMENT;
--
-- AUTO_INCREMENT for table `country`
--
ALTER TABLE `country`
  MODIFY `country_id` int(10) unsigned NOT NULL AUTO_INCREMENT,AUTO_INCREMENT=6;
--
-- AUTO_INCREMENT for table `custom_banner`
--
ALTER TABLE `custom_banner`
  MODIFY `ban_id` int(11) NOT NULL AUTO_INCREMENT;
--
-- AUTO_INCREMENT for table `deactivated_products`
--
ALTER TABLE `deactivated_products`
  MODIFY `id` int(11) NOT NULL AUTO_INCREMENT;
--
-- AUTO_INCREMENT for table `faq`
--
ALTER TABLE `faq`
  MODIFY `faq_id` int(11) NOT NULL AUTO_INCREMENT,AUTO_INCREMENT=9;
--
-- AUTO_INCREMENT for table `favourite_product`
--
ALTER TABLE `favourite_product`
  MODIFY `favorite_id` int(11) NOT NULL AUTO_INCREMENT,AUTO_INCREMENT=7;
--
-- AUTO_INCREMENT for table `featureads`
--
ALTER TABLE `featureads`
  MODIFY `id` int(11) unsigned NOT NULL AUTO_INCREMENT,AUTO_INCREMENT=4;
--
-- AUTO_INCREMENT for table `featured_stores`
--
ALTER TABLE `featured_stores`
  MODIFY `featured_store_id` int(11) NOT NULL AUTO_INCREMENT;
--
-- AUTO_INCREMENT for table `followed_seller`
--
ALTER TABLE `followed_seller`
  MODIFY `follow_id` int(32) NOT NULL AUTO_INCREMENT,AUTO_INCREMENT=2;
--
-- AUTO_INCREMENT for table `hook_insert`
--
ALTER TABLE `hook_insert`
  MODIFY `id` int(11) NOT NULL AUTO_INCREMENT,AUTO_INCREMENT=45;
--
-- AUTO_INCREMENT for table `image_cron_process`
--
ALTER TABLE `image_cron_process`
  MODIFY `cron_id` int(11) NOT NULL AUTO_INCREMENT,AUTO_INCREMENT=164;
--
-- AUTO_INCREMENT for table `inquiry`
--
ALTER TABLE `inquiry`
  MODIFY `inquiry_id` int(11) NOT NULL AUTO_INCREMENT,AUTO_INCREMENT=336;
--
-- AUTO_INCREMENT for table `inquiry_message`
--
ALTER TABLE `inquiry_message`
  MODIFY `message_id` int(32) NOT NULL AUTO_INCREMENT;
--
-- AUTO_INCREMENT for table `inquiry_message_old`
--
ALTER TABLE `inquiry_message_old`
  MODIFY `message_id` int(32) NOT NULL AUTO_INCREMENT;
--
-- AUTO_INCREMENT for table `inquiry_old`
--
ALTER TABLE `inquiry_old`
  MODIFY `inquiry_id` int(32) NOT NULL AUTO_INCREMENT;
--
-- AUTO_INCREMENT for table `inquiry_support_request`
--
ALTER TABLE `inquiry_support_request`
  MODIFY `request_id` int(11) NOT NULL AUTO_INCREMENT,AUTO_INCREMENT=2;
--
-- AUTO_INCREMENT for table `like_product`
--
ALTER TABLE `like_product`
  MODIFY `like_id` int(11) unsigned NOT NULL AUTO_INCREMENT;
--
-- AUTO_INCREMENT for table `mileage`
--
ALTER TABLE `mileage`
  MODIFY `mileage_id` int(11) NOT NULL AUTO_INCREMENT,AUTO_INCREMENT=16;
--
-- AUTO_INCREMENT for table `mobile_operators`
--
ALTER TABLE `mobile_operators`
  MODIFY `id` int(11) NOT NULL AUTO_INCREMENT,AUTO_INCREMENT=3;
--
-- AUTO_INCREMENT for table `model`
--
ALTER TABLE `model`
  MODIFY `model_id` int(11) NOT NULL AUTO_INCREMENT,AUTO_INCREMENT=1897;
--
-- AUTO_INCREMENT for table `model_variant`
--
ALTER TABLE `model_variant`
  MODIFY `model_variant_id` int(11) NOT NULL AUTO_INCREMENT,AUTO_INCREMENT=5627;
--
-- AUTO_INCREMENT for table `nationality`
--
ALTER TABLE `nationality`
  MODIFY `nation_id` int(11) NOT NULL AUTO_INCREMENT,AUTO_INCREMENT=203;
--
-- AUTO_INCREMENT for table `offers`
--
ALTER TABLE `offers`
  MODIFY `offer_id` int(32) NOT NULL AUTO_INCREMENT;
--
-- AUTO_INCREMENT for table `orders`
--
ALTER TABLE `orders`
  MODIFY `id` int(11) NOT NULL AUTO_INCREMENT;
--
-- AUTO_INCREMENT for table `order_status`
--
ALTER TABLE `order_status`
  MODIFY `id` int(11) NOT NULL AUTO_INCREMENT;
--
-- AUTO_INCREMENT for table `pages_cms`
--
ALTER TABLE `pages_cms`
  MODIFY `page_id` int(10) unsigned NOT NULL AUTO_INCREMENT,AUTO_INCREMENT=33;
--
-- AUTO_INCREMENT for table `permission_master`
--
ALTER TABLE `permission_master`
  MODIFY `permission_id` int(32) NOT NULL AUTO_INCREMENT;
--
-- AUTO_INCREMENT for table `plate_digit`
--
ALTER TABLE `plate_digit`
  MODIFY `id` int(11) NOT NULL AUTO_INCREMENT,AUTO_INCREMENT=6;
--
-- AUTO_INCREMENT for table `plate_prefix`
--
ALTER TABLE `plate_prefix`
  MODIFY `id` int(11) NOT NULL AUTO_INCREMENT,AUTO_INCREMENT=93;
--
-- AUTO_INCREMENT for table `plate_source`
--
ALTER TABLE `plate_source`
  MODIFY `id` int(11) NOT NULL AUTO_INCREMENT,AUTO_INCREMENT=9;
--
-- AUTO_INCREMENT for table `product`
--
ALTER TABLE `product`
  MODIFY `product_id` int(11) NOT NULL AUTO_INCREMENT,AUTO_INCREMENT=982;
--
-- AUTO_INCREMENT for table `products_images`
--
ALTER TABLE `products_images`
  MODIFY `product_image_id` int(11) unsigned NOT NULL AUTO_INCREMENT,AUTO_INCREMENT=2797;
--
-- AUTO_INCREMENT for table `product_old_data`
--
ALTER TABLE `product_old_data`
  MODIFY `id` int(11) NOT NULL AUTO_INCREMENT,AUTO_INCREMENT=44;
--
-- AUTO_INCREMENT for table `product_orders`
--
ALTER TABLE `product_orders`
  MODIFY `id` int(11) NOT NULL AUTO_INCREMENT;
--
-- AUTO_INCREMENT for table `product_realestate_extras`
--
ALTER TABLE `product_realestate_extras`
  MODIFY `id` int(11) unsigned NOT NULL AUTO_INCREMENT,AUTO_INCREMENT=3;
--
-- AUTO_INCREMENT for table `product_stock_track`
--
ALTER TABLE `product_stock_track`
  MODIFY `id` int(11) NOT NULL AUTO_INCREMENT;
--
-- AUTO_INCREMENT for table `product_vehicles_extras`
--
ALTER TABLE `product_vehicles_extras`
  MODIFY `id` int(11) unsigned NOT NULL AUTO_INCREMENT,AUTO_INCREMENT=83;
--
-- AUTO_INCREMENT for table `push_notifications`
--
ALTER TABLE `push_notifications`
  MODIFY `notification_id` int(11) NOT NULL AUTO_INCREMENT,AUTO_INCREMENT=2;
--
-- AUTO_INCREMENT for table `push_notified_users`
--
ALTER TABLE `push_notified_users`
  MODIFY `push_noti_id` int(11) NOT NULL AUTO_INCREMENT,AUTO_INCREMENT=2;
--
-- AUTO_INCREMENT for table `repeating_numbers`
--
ALTER TABLE `repeating_numbers`
  MODIFY `id` int(11) NOT NULL AUTO_INCREMENT,AUTO_INCREMENT=16;
--
-- AUTO_INCREMENT for table `reportedads`
--
ALTER TABLE `reportedads`
  MODIFY `id` int(11) unsigned NOT NULL AUTO_INCREMENT,AUTO_INCREMENT=84;
--
-- AUTO_INCREMENT for table `repost`
--
ALTER TABLE `repost`
  MODIFY `id` int(11) unsigned NOT NULL AUTO_INCREMENT;
--
-- AUTO_INCREMENT for table `seller_shipping_cost`
--
ALTER TABLE `seller_shipping_cost`
  MODIFY `id` int(11) NOT NULL AUTO_INCREMENT,AUTO_INCREMENT=8;
--
-- AUTO_INCREMENT for table `send_msg_seller`
--
ALTER TABLE `send_msg_seller`
  MODIFY `id` int(11) NOT NULL AUTO_INCREMENT,AUTO_INCREMENT=3;
--
-- AUTO_INCREMENT for table `settings`
--
ALTER TABLE `settings`
  MODIFY `id` int(11) NOT NULL AUTO_INCREMENT,AUTO_INCREMENT=13;
--
-- AUTO_INCREMENT for table `shipping_address`
--
ALTER TABLE `shipping_address`
  MODIFY `id` int(11) NOT NULL AUTO_INCREMENT;
--
-- AUTO_INCREMENT for table `state`
--
ALTER TABLE `state`
  MODIFY `state_id` int(10) unsigned NOT NULL AUTO_INCREMENT,AUTO_INCREMENT=3806;
--
-- AUTO_INCREMENT for table `store`
--
ALTER TABLE `store`
  MODIFY `store_id` int(32) NOT NULL AUTO_INCREMENT,AUTO_INCREMENT=3;
--
-- AUTO_INCREMENT for table `store_product`
--
ALTER TABLE `store_product`
  MODIFY `store_product_id` int(32) NOT NULL AUTO_INCREMENT;
--
-- AUTO_INCREMENT for table `store_product_image`
--
ALTER TABLE `store_product_image`
  MODIFY `store_product_image_id` int(32) NOT NULL AUTO_INCREMENT;
--
-- AUTO_INCREMENT for table `subscription`
--
ALTER TABLE `subscription`
  MODIFY `subscription_id` int(11) NOT NULL AUTO_INCREMENT;
--
-- AUTO_INCREMENT for table `sub_category`
--
ALTER TABLE `sub_category`
  MODIFY `sub_category_id` int(10) unsigned NOT NULL AUTO_INCREMENT,AUTO_INCREMENT=150;
--
-- AUTO_INCREMENT for table `transaction`
--
ALTER TABLE `transaction`
  MODIFY `id` int(11) NOT NULL AUTO_INCREMENT;
--
-- AUTO_INCREMENT for table `trial`
--
ALTER TABLE `trial`
  MODIFY `id` int(11) NOT NULL AUTO_INCREMENT,AUTO_INCREMENT=131;
--
-- AUTO_INCREMENT for table `updated_deactivate_ads`
--
ALTER TABLE `updated_deactivate_ads`
  MODIFY `id` int(11) NOT NULL AUTO_INCREMENT;
--
-- AUTO_INCREMENT for table `user`
--
ALTER TABLE `user`
  MODIFY `user_id` int(11) NOT NULL AUTO_INCREMENT,AUTO_INCREMENT=478;
--
-- AUTO_INCREMENT for table `user_mark_sold`
--
ALTER TABLE `user_mark_sold`
  MODIFY `mark_sold_id` int(11) NOT NULL AUTO_INCREMENT;
--
-- AUTO_INCREMENT for table `user_old_data`
--
ALTER TABLE `user_old_data`
  MODIFY `id` int(11) NOT NULL AUTO_INCREMENT;
--
-- AUTO_INCREMENT for table `user_permission`
--
ALTER TABLE `user_permission`
  MODIFY `user_permission_id` int(32) NOT NULL AUTO_INCREMENT,AUTO_INCREMENT=14;
--
-- AUTO_INCREMENT for table `user_shopping_cart`
--
ALTER TABLE `user_shopping_cart`
  MODIFY `id` int(11) NOT NULL AUTO_INCREMENT;
--
-- Constraints for dumped tables
--

--
-- Constraints for table `buyer_seller_conversation`
--
ALTER TABLE `buyer_seller_conversation`
  ADD CONSTRAINT `buyer_seller_conversation_ibfk_1` FOREIGN KEY (`product_id`) REFERENCES `product` (`product_id`) ON DELETE CASCADE ON UPDATE CASCADE,
  ADD CONSTRAINT `buyer_seller_conversation_ibfk_2` FOREIGN KEY (`sender_id`) REFERENCES `user` (`user_id`) ON DELETE CASCADE ON UPDATE CASCADE,
  ADD CONSTRAINT `buyer_seller_conversation_ibfk_3` FOREIGN KEY (`receiver_id`) REFERENCES `user` (`user_id`) ON DELETE CASCADE ON UPDATE CASCADE;

--
-- Constraints for table `favourite_product`
--
ALTER TABLE `favourite_product`
  ADD CONSTRAINT `fk_favorite_product` FOREIGN KEY (`product_id`) REFERENCES `product` (`product_id`) ON DELETE CASCADE ON UPDATE NO ACTION,
  ADD CONSTRAINT `fk_favorite_user` FOREIGN KEY (`user_id`) REFERENCES `user` (`user_id`) ON DELETE CASCADE ON UPDATE NO ACTION;

--
-- Constraints for table `featureads`
--
ALTER TABLE `featureads`
  ADD CONSTRAINT `Feature_categoryFK` FOREIGN KEY (`cat_id`) REFERENCES `category` (`category_id`) ON DELETE CASCADE ON UPDATE CASCADE,
  ADD CONSTRAINT `Feature_productFK` FOREIGN KEY (`product_id`) REFERENCES `product` (`product_id`) ON DELETE CASCADE ON UPDATE CASCADE,
  ADD CONSTRAINT `Feature_userFK` FOREIGN KEY (`User_Id`) REFERENCES `user` (`user_id`) ON DELETE CASCADE ON UPDATE CASCADE;

--
-- Constraints for table `followed_seller`
--
ALTER TABLE `followed_seller`
  ADD CONSTRAINT `fk_follower_user` FOREIGN KEY (`user_id`) REFERENCES `user` (`user_id`) ON DELETE CASCADE ON UPDATE NO ACTION,
  ADD CONSTRAINT `fk_following_user` FOREIGN KEY (`seller_id`) REFERENCES `user` (`user_id`) ON DELETE CASCADE ON UPDATE NO ACTION;

--
-- Constraints for table `image_cron_process`
--
ALTER TABLE `image_cron_process`
  ADD CONSTRAINT `image_cron_process_ibfk_1` FOREIGN KEY (`product_id`) REFERENCES `product` (`product_id`);

--
-- Constraints for table `inquiry`
--
ALTER TABLE `inquiry`
  ADD CONSTRAINT `fk_product_inquiry` FOREIGN KEY (`product_id`) REFERENCES `product` (`product_id`) ON DELETE CASCADE ON UPDATE CASCADE;

--
-- Constraints for table `inquiry_message`
--
ALTER TABLE `inquiry_message`
  ADD CONSTRAINT `fk_inq_mess_inquiry` FOREIGN KEY (`inquiry_id`) REFERENCES `inquiry` (`inquiry_id`) ON DELETE CASCADE ON UPDATE CASCADE,
  ADD CONSTRAINT `fk_postedby_user` FOREIGN KEY (`message_posted_by`) REFERENCES `user` (`user_id`) ON DELETE CASCADE ON UPDATE CASCADE,
  ADD CONSTRAINT `FK_sentto_user` FOREIGN KEY (`message_sent_to`) REFERENCES `user` (`user_id`);

--
-- Constraints for table `like_product`
--
ALTER TABLE `like_product`
  ADD CONSTRAINT `fk_like_product` FOREIGN KEY (`product_id`) REFERENCES `product` (`product_id`) ON DELETE CASCADE ON UPDATE NO ACTION,
  ADD CONSTRAINT `fk_like_user` FOREIGN KEY (`user_id`) REFERENCES `user` (`user_id`) ON DELETE CASCADE ON UPDATE NO ACTION;

--
-- Constraints for table `product`
--
ALTER TABLE `product`
  ADD CONSTRAINT `fk_category_product` FOREIGN KEY (`category_id`) REFERENCES `category` (`category_id`) ON DELETE CASCADE ON UPDATE CASCADE,
  ADD CONSTRAINT `fk_user_product` FOREIGN KEY (`product_posted_by`) REFERENCES `user` (`user_id`) ON DELETE CASCADE ON UPDATE NO ACTION;

--
-- Constraints for table `products_images`
--
ALTER TABLE `products_images`
  ADD CONSTRAINT `fk_image_product` FOREIGN KEY (`product_id`) REFERENCES `product` (`product_id`) ON DELETE CASCADE ON UPDATE NO ACTION;

--
-- Constraints for table `product_followers`
--
ALTER TABLE `product_followers`
  ADD CONSTRAINT `fk_user_follower` FOREIGN KEY (`user_id`) REFERENCES `user` (`user_id`) ON DELETE CASCADE ON UPDATE NO ACTION;

--
-- Constraints for table `product_realestate_extras`
--
ALTER TABLE `product_realestate_extras`
  ADD CONSTRAINT `Fk_Real_pid` FOREIGN KEY (`product_id`) REFERENCES `product` (`product_id`) ON DELETE CASCADE ON UPDATE CASCADE;

--
-- Constraints for table `product_vehicles_extras`
--
ALTER TABLE `product_vehicles_extras`
  ADD CONSTRAINT `Fk_product_id` FOREIGN KEY (`product_id`) REFERENCES `product` (`product_id`) ON DELETE CASCADE ON UPDATE CASCADE;

--
-- Constraints for table `push_notified_users`
--
ALTER TABLE `push_notified_users`
  ADD CONSTRAINT `push_notified_users_ibfk_1` FOREIGN KEY (`user_id`) REFERENCES `user` (`user_id`);

--
-- Constraints for table `reportedads`
--
ALTER TABLE `reportedads`
  ADD CONSTRAINT `fb_productis` FOREIGN KEY (`productid`) REFERENCES `product` (`product_id`) ON DELETE CASCADE ON UPDATE CASCADE,
  ADD CONSTRAINT `fb_user` FOREIGN KEY (`userid`) REFERENCES `user` (`user_id`) ON DELETE CASCADE ON UPDATE CASCADE;

--
-- Constraints for table `user_permission`
--
ALTER TABLE `user_permission`
  ADD CONSTRAINT `FK_user_permission_1` FOREIGN KEY (`user_id`) REFERENCES `user` (`user_id`) ON DELETE CASCADE ON UPDATE CASCADE;

--
-- Constraints for table `view_product`
--
ALTER TABLE `view_product`
  ADD CONSTRAINT `fk_view_product` FOREIGN KEY (`product_id`) REFERENCES `product` (`product_id`) ON DELETE CASCADE ON UPDATE NO ACTION,
  ADD CONSTRAINT `fk_view_user` FOREIGN KEY (`user_id`) REFERENCES `user` (`user_id`) ON DELETE CASCADE ON UPDATE NO ACTION;

/*!40101 SET CHARACTER_SET_CLIENT=@OLD_CHARACTER_SET_CLIENT */;
/*!40101 SET CHARACTER_SET_RESULTS=@OLD_CHARACTER_SET_RESULTS */;
/*!40101 SET COLLATION_CONNECTION=@OLD_COLLATION_CONNECTION */;
